-- phpMyAdmin SQL Dump
-- version 5.2.1
-- https://www.phpmyadmin.net/
--
-- Host: 127.0.0.1
-- Generation Time: Mar 14, 2026 at 12:24 PM
-- Server version: 10.4.32-MariaDB
-- PHP Version: 8.2.12

SET SQL_MODE = "NO_AUTO_VALUE_ON_ZERO";
START TRANSACTION;
SET time_zone = "+00:00";


/*!40101 SET @OLD_CHARACTER_SET_CLIENT=@@CHARACTER_SET_CLIENT */;
/*!40101 SET @OLD_CHARACTER_SET_RESULTS=@@CHARACTER_SET_RESULTS */;
/*!40101 SET @OLD_COLLATION_CONNECTION=@@COLLATION_CONNECTION */;
/*!40101 SET NAMES utf8mb4 */;

--
-- Database: `lorinims_db`
--

-- --------------------------------------------------------

--
-- Table structure for table `accounting_settings`
--

CREATE TABLE `accounting_settings` (
  `id` int(11) NOT NULL,
  `setting_key` varchar(50) NOT NULL,
  `setting_value` varchar(255) NOT NULL,
  `description` varchar(255) DEFAULT NULL,
  `updated_at` timestamp NOT NULL DEFAULT current_timestamp() ON UPDATE current_timestamp()
) ENGINE=InnoDB DEFAULT CHARSET=utf8mb4 COLLATE=utf8mb4_general_ci;

-- --------------------------------------------------------

--
-- Table structure for table `activity_log`
--

CREATE TABLE `activity_log` (
  `id` int(11) NOT NULL,
  `user_id` int(11) NOT NULL,
  `action` varchar(100) NOT NULL,
  `entity_type` varchar(50) NOT NULL,
  `entity_id` int(11) DEFAULT NULL,
  `details` text DEFAULT NULL,
  `created_at` timestamp NOT NULL DEFAULT current_timestamp()
) ENGINE=InnoDB DEFAULT CHARSET=utf8mb4 COLLATE=utf8mb4_general_ci;

--
-- Dumping data for table `activity_log`
--

INSERT INTO `activity_log` (`id`, `user_id`, `action`, `entity_type`, `entity_id`, `details`, `created_at`) VALUES
(1, 1, 'create', 'production_batch', 1, 'Batch BAT-20260309-0001', '2026-03-09 11:13:48'),
(2, 1, 'create', 'production_batch', 2, 'Batch BAT-20260309-0002', '2026-03-09 11:14:35'),
(3, 1, 'create', 'order', 2, 'Order PUP-20260309-0001 with 1 item(s)', '2026-03-09 11:31:17'),
(4, 1, 'create', 'production_batch', 3, 'Batch BAT-20260309-0003', '2026-03-09 11:38:25'),
(5, 1, 'create', 'production_batch', 4, 'Batch BAT-20260309-0004', '2026-03-09 11:41:41'),
(6, 1, 'create', 'order', 3, 'Order PUP-20260309-0002 with 1 item(s)', '2026-03-09 11:56:23'),
(7, 1, 'create', 'order', 4, 'Order PUP-20260309-0003 with 1 item(s)', '2026-03-09 12:03:54'),
(8, 1, 'create', 'order', 5, 'Order PUP-20260309-0004 with 1 item(s)', '2026-03-09 12:04:14'),
(9, 1, 'create', 'order', 6, 'Order ORD-20260309-0002 with 1 item(s)', '2026-03-09 12:24:20'),
(10, 1, 'create', 'production_batch', 5, 'Batch BAT-20260309-0005', '2026-03-09 12:43:15'),
(11, 1, 'create', 'production_batch', 6, 'Batch BAT-20260309-0006', '2026-03-09 12:43:15'),
(12, 1, 'create', 'order', 9, 'Order ORD-20260309-0005 with 1 item(s)', '2026-03-09 13:05:55'),
(13, 1, 'create', 'production_batch', 7, 'Batch BAT-20260309-0007', '2026-03-09 14:12:21'),
(14, 1, 'create', 'production_batch', 8, 'Batch BAT-20260309-0008', '2026-03-09 14:29:24'),
(15, 1, 'create', 'order', 11, 'Order ORD-20260309-0007 with 1 item(s)', '2026-03-09 14:39:48'),
(16, 1, 'create', 'production_batch', 9, 'Batch BAT-20260309-0009', '2026-03-09 15:46:39'),
(17, 1, 'create', 'production_batch', 10, 'Batch BAT-20260309-0010', '2026-03-09 15:46:39'),
(18, 1, 'create', 'order', 13, 'Order ORD-20260309-0009 with 4 item(s)', '2026-03-09 15:49:25'),
(19, 1, 'create', 'production_batch', 11, 'Batch BAT-20260309-0011', '2026-03-09 15:59:31'),
(20, 1, 'create', 'production_batch', 12, 'Batch BAT-20260309-0012', '2026-03-09 15:59:31'),
(21, 1, 'create', 'order', 17, 'Order ORD-20260309-0013 with 2 item(s)', '2026-03-09 17:55:23'),
(22, 1, 'create', 'order', 18, 'Order ORD-20260311-0001 with 1 item(s)', '2026-03-11 13:22:01'),
(23, 1, 'create', 'order', 19, 'Order ORD-20260311-0002 with 1 item(s)', '2026-03-11 13:23:31'),
(24, 1, 'create', 'order', 20, 'Order ORD-20260311-0003 with 1 item(s)', '2026-03-11 13:25:46'),
(25, 1, 'create', 'order', 21, 'Order ORD-20260311-0004 with 1 item(s)', '2026-03-11 13:27:40'),
(26, 1, 'create', 'order', 22, 'Order ORD-20260311-0005 with 1 item(s)', '2026-03-11 13:31:22'),
(27, 1, 'create', 'order', 23, 'Order ORD-20260311-0006 with 1 item(s)', '2026-03-11 13:33:48'),
(28, 1, 'create', 'order', 24, 'Order ORD-20260311-0007 with 1 item(s)', '2026-03-11 13:35:47'),
(29, 1, 'create', 'order', 25, 'Order ORD-20260311-0008 with 1 item(s)', '2026-03-11 13:37:28'),
(30, 1, 'create', 'order', 26, 'Order ORD-20260311-0009 with 1 item(s)', '2026-03-11 13:38:06'),
(31, 1, 'create', 'order', 27, 'Order ORD-20260311-0010 with 1 item(s)', '2026-03-11 13:39:06'),
(32, 1, 'create', 'order', 28, 'Order ORD-20260311-0011 with 1 item(s)', '2026-03-11 13:40:55'),
(33, 1, 'create', 'order', 29, 'Order ORD-20260311-0012 with 1 item(s)', '2026-03-11 13:43:34'),
(34, 1, 'create', 'order', 30, 'Order ORD-20260311-0013 with 1 item(s)', '2026-03-11 13:46:48'),
(35, 2, 'create', 'production_batch', 13, 'Batch BAT-20260311-0001', '2026-03-11 15:47:37'),
(36, 1, 'create', 'order', 31, 'Order ORD-20260311-0014 with 1 item(s)', '2026-03-11 17:47:08'),
(37, 1, 'create', 'production_batch', 14, 'Batch BAT-20260311-0002', '2026-03-11 18:05:12'),
(38, 1, 'create', 'production_batch', 15, 'Batch BAT-20260311-0003', '2026-03-11 18:15:03'),
(39, 1, 'create', 'production_batch', 16, 'Batch BAT-20260311-0004', '2026-03-11 18:15:03'),
(40, 1, 'create', 'production_batch', 17, 'Batch BAT-20260311-0005', '2026-03-11 18:44:51'),
(41, 1, 'create', 'production_batch', 18, 'Batch BAT-20260311-0006', '2026-03-11 18:44:51'),
(42, 1, 'create', 'production_batch', 19, 'Batch BAT-20260311-0007', '2026-03-11 18:47:21'),
(43, 1, 'create', 'production_batch', 20, 'Batch BAT-20260311-0008', '2026-03-11 18:47:21'),
(44, 1, 'create', 'production_batch', 21, 'Batch BAT-20260311-0009', '2026-03-11 18:47:21'),
(45, 1, 'create', 'production_batch', 22, 'Batch BAT-20260311-0010', '2026-03-11 18:50:28'),
(46, 1, 'create', 'production_batch', 23, 'Batch BAT-20260311-0011', '2026-03-11 18:50:28'),
(47, 1, 'create', 'production_batch', 24, 'Batch BAT-20260311-0012', '2026-03-11 20:08:56'),
(48, 1, 'create', 'production_batch', 25, 'Batch BAT-20260312-0001', '2026-03-12 05:30:23'),
(49, 1, 'create', 'production_batch', 26, 'Batch BAT-20260312-0002', '2026-03-12 08:13:26'),
(50, 1, 'create', 'production_batch', 27, 'Batch BAT-20260312-0003', '2026-03-12 10:58:33'),
(51, 1, 'create', 'production_batch', 28, 'Batch BAT-20260313-0001', '2026-03-13 05:33:48'),
(52, 1, 'create', 'production_batch', 29, 'Batch BAT-20260314-0001', '2026-03-14 04:03:09'),
(53, 1, 'create', 'production_batch', 30, 'Batch BAT-20260314-0002', '2026-03-14 04:04:31'),
(54, 1, 'create', 'production_batch', 31, 'Batch BAT-20260314-0003', '2026-03-14 04:06:58'),
(55, 1, 'create', 'production_batch', 32, 'Batch BAT-20260314-0004', '2026-03-14 04:09:29'),
(56, 1, 'create', 'production_batch', 33, 'Batch BAT-20260314-0005', '2026-03-14 04:20:02'),
(57, 1, 'create', 'production_batch', 34, 'Batch BAT-20260314-0006', '2026-03-14 04:29:54'),
(58, 1, 'create', 'production_batch', 36, 'Batch BAT-20260314-0007', '2026-03-14 05:15:24'),
(59, 1, 'create', 'production_batch', 37, 'Batch BAT-20260314-0008', '2026-03-14 05:16:28'),
(60, 1, 'create', 'production_batch', 38, 'Batch BAT-20260314-0009', '2026-03-14 05:16:49'),
(61, 1, 'create', 'production_batch', 40, 'Batch BAT-20260314-0010', '2026-03-14 05:18:21'),
(62, 1, 'create', 'production_batch', 41, 'Batch BAT-20260314-0011', '2026-03-14 05:18:43'),
(63, 1, 'create', 'production_batch', 45, 'Batch BAT-20260314-0012', '2026-03-14 05:26:24'),
(64, 1, 'create', 'order', 44, 'Order ORD-20260314-0001 with 1 item(s)', '2026-03-14 05:31:27'),
(65, 1, 'create', 'production_batch', 46, 'Batch BAT-20260314-0013', '2026-03-14 05:53:50'),
(66, 1, 'create', 'production_batch', 47, 'Batch BAT-20260314-0014', '2026-03-14 05:53:50'),
(67, 1, 'create', 'production_batch', 48, 'Batch BAT-20260314-0015', '2026-03-14 05:53:50'),
(68, 1, 'create', 'production_batch', 49, 'Batch BAT-20260314-0016', '2026-03-14 05:53:50'),
(69, 1, 'create', 'production_batch', 50, 'Batch BAT-20260314-0017', '2026-03-14 05:53:50'),
(70, 1, 'create', 'production_batch', 51, 'Batch BAT-20260314-0018', '2026-03-14 05:53:50'),
(71, 1, 'create', 'production_batch', 52, 'Batch BAT-20260314-0019', '2026-03-14 05:53:50'),
(72, 1, 'create', 'order', 45, 'Order ORD-20260314-0002 with 1 item(s)', '2026-03-14 06:06:51'),
(73, 1, 'create', 'order', 46, 'Order ORD-20260314-0003 with 1 item(s)', '2026-03-14 07:24:17'),
(74, 1, 'create', 'order', 47, 'Order PUP-20260314-0001 with 1 item(s)', '2026-03-14 07:24:26'),
(75, 1, 'create', 'order', 48, 'Order PUP-20260314-0002 with 1 item(s)', '2026-03-14 07:24:40'),
(76, 1, 'create', 'production_batch', 53, 'Batch BAT-20260314-0020', '2026-03-14 09:46:39'),
(77, 1, 'create', 'production_batch', 54, 'Batch BAT-20260314-0021', '2026-03-14 10:28:20'),
(78, 1, 'create', 'production_batch', 55, 'Batch BAT-20260314-0022', '2026-03-14 10:29:37'),
(79, 1, 'create', 'production_batch', 56, 'Batch BAT-20260314-0023', '2026-03-14 10:57:41'),
(80, 1, 'create', 'production_batch', 57, 'Batch BAT-20260314-0024', '2026-03-14 11:03:48'),
(81, 1, 'create', 'production_batch', 58, 'Batch BAT-20260314-0025', '2026-03-14 11:06:59');

-- --------------------------------------------------------

--
-- Table structure for table `attendance`
--

CREATE TABLE `attendance` (
  `attendance_id` int(11) NOT NULL,
  `employee_id` int(11) NOT NULL,
  `attendance_date` date NOT NULL,
  `time_in` time DEFAULT NULL,
  `time_out` time DEFAULT NULL,
  `hours_worked` decimal(4,2) DEFAULT 0.00,
  `status` enum('Present','Absent','Late','Half Day','Leave') DEFAULT 'Present',
  `remarks` text DEFAULT NULL,
  `created_at` timestamp NOT NULL DEFAULT current_timestamp(),
  `attendance_ref` varchar(50) DEFAULT NULL
) ENGINE=InnoDB DEFAULT CHARSET=utf8mb4 COLLATE=utf8mb4_general_ci;

--
-- Dumping data for table `attendance`
--

INSERT INTO `attendance` (`attendance_id`, `employee_id`, `attendance_date`, `time_in`, `time_out`, `hours_worked`, `status`, `remarks`, `created_at`, `attendance_ref`) VALUES
(1, 1, '2026-02-01', '08:23:00', '17:26:00', 9.05, 'Present', '', '2026-03-09 11:22:40', NULL),
(2, 1, '2026-02-02', '08:07:00', '17:47:00', 9.67, 'Present', '', '2026-03-09 11:22:40', NULL),
(3, 1, '2026-02-03', '08:19:00', '17:21:00', 9.03, 'Present', '', '2026-03-09 11:22:40', NULL),
(4, 1, '2026-02-04', '08:36:00', '17:25:00', 8.82, 'Present', '', '2026-03-09 11:22:40', NULL),
(5, 1, '2026-02-05', '08:25:00', '17:04:00', 8.65, 'Present', '', '2026-03-09 11:22:40', NULL),
(6, 1, '2026-02-06', '08:47:00', '17:54:00', 9.12, 'Present', '', '2026-03-09 11:22:40', NULL),
(7, 1, '2026-02-07', NULL, NULL, 0.00, 'Absent', 'Absent', '2026-03-09 11:22:40', NULL),
(8, 1, '2026-02-08', '09:26:00', '17:35:00', 8.15, 'Late', 'Late arrival', '2026-03-09 11:22:40', NULL),
(9, 1, '2026-02-09', '08:40:00', '17:29:00', 8.82, 'Present', '', '2026-03-09 11:22:40', NULL),
(10, 1, '2026-02-10', '09:17:00', '17:24:00', 8.12, 'Late', 'Late arrival', '2026-03-09 11:22:40', NULL),
(11, 1, '2026-02-11', '08:29:00', '17:19:00', 8.83, 'Present', '', '2026-03-09 11:22:40', NULL),
(12, 1, '2026-02-12', '08:56:00', '17:58:00', 9.03, 'Present', '', '2026-03-09 11:22:40', NULL),
(13, 1, '2026-02-13', '08:02:00', '17:18:00', 9.27, 'Present', '', '2026-03-09 11:22:40', NULL),
(14, 1, '2026-02-14', '09:08:00', '17:28:00', 8.33, 'Late', 'Late arrival', '2026-03-09 11:22:40', NULL),
(15, 1, '2026-02-15', '08:28:00', '17:56:00', 9.47, 'Present', '', '2026-03-09 11:22:40', NULL),
(16, 1, '2026-02-16', '08:24:00', '17:07:00', 8.72, 'Present', '', '2026-03-09 11:22:40', NULL),
(17, 1, '2026-02-17', '08:45:00', '17:12:00', 8.45, 'Present', '', '2026-03-09 11:22:40', NULL),
(18, 1, '2026-02-18', '09:01:00', '17:18:00', 8.28, 'Late', 'Late arrival', '2026-03-09 11:22:40', NULL),
(19, 1, '2026-02-19', '08:46:00', '17:06:00', 8.33, 'Present', '', '2026-03-09 11:22:40', NULL),
(20, 1, '2026-02-20', NULL, NULL, 0.00, 'Absent', 'Absent', '2026-03-09 11:22:40', NULL),
(21, 1, '2026-02-21', '08:37:00', '17:19:00', 8.70, 'Present', '', '2026-03-09 11:22:40', NULL),
(22, 1, '2026-02-22', '08:35:00', '17:11:00', 8.60, 'Present', '', '2026-03-09 11:22:40', NULL),
(23, 1, '2026-02-23', '08:45:00', '15:08:00', 6.38, 'Half Day', 'Half day', '2026-03-09 11:22:40', NULL),
(24, 1, '2026-02-24', '08:13:00', '17:16:00', 9.05, 'Present', '', '2026-03-09 11:22:40', NULL),
(25, 1, '2026-02-25', '08:05:00', '17:27:00', 9.37, 'Present', '', '2026-03-09 11:22:40', NULL),
(26, 1, '2026-02-26', '08:45:00', '17:07:00', 8.37, 'Present', '', '2026-03-09 11:22:40', NULL),
(27, 1, '2026-02-27', '08:54:00', '17:57:00', 9.05, 'Present', '', '2026-03-09 11:22:40', NULL),
(28, 1, '2026-02-28', '08:37:00', '17:45:00', 9.13, 'Present', '', '2026-03-09 11:22:40', NULL),
(29, 1, '2026-03-01', '08:51:00', '17:51:00', 9.00, 'Present', '', '2026-03-09 11:22:40', NULL),
(30, 1, '2026-03-02', '08:39:00', '17:24:00', 8.75, 'Present', '', '2026-03-09 11:22:40', NULL),
(31, 1, '2026-03-03', '08:38:00', '14:32:00', 5.90, 'Half Day', 'Half day', '2026-03-09 11:22:40', NULL),
(32, 1, '2026-03-04', '08:18:00', '17:52:00', 9.57, 'Present', '', '2026-03-09 11:22:40', NULL),
(33, 1, '2026-03-05', '08:29:00', '17:26:00', 8.95, 'Present', '', '2026-03-09 11:22:40', NULL),
(34, 1, '2026-03-06', '09:12:00', '17:35:00', 8.38, 'Late', 'Late arrival', '2026-03-09 11:22:40', NULL),
(35, 1, '2026-03-07', NULL, NULL, 0.00, 'Absent', 'Absent', '2026-03-09 11:22:40', NULL),
(36, 1, '2026-03-08', NULL, NULL, 0.00, 'Absent', 'Absent', '2026-03-09 11:22:40', NULL),
(37, 1, '2026-03-09', '09:10:00', '17:34:00', 8.40, 'Late', 'Late arrival', '2026-03-09 11:22:40', NULL),
(38, 1, '2026-03-10', '08:33:00', '17:30:00', 8.95, 'Present', '', '2026-03-09 11:22:40', NULL),
(39, 1, '2026-03-11', '08:15:00', '17:46:00', 9.52, 'Present', '', '2026-03-09 11:22:40', NULL),
(40, 1, '2026-03-12', '08:59:00', '15:27:00', 6.47, 'Half Day', 'Half day', '2026-03-09 11:22:40', NULL),
(41, 1, '2026-03-13', '08:59:00', '17:54:00', 8.92, 'Present', '', '2026-03-09 11:22:40', NULL),
(42, 1, '2026-03-14', '08:29:00', '17:57:00', 9.47, 'Present', '', '2026-03-09 11:22:40', NULL),
(43, 1, '2026-03-15', '08:16:00', '17:51:00', 9.58, 'Present', '', '2026-03-09 11:22:40', NULL),
(44, 4, '2026-02-01', '08:19:00', '17:44:00', 9.42, 'Present', '', '2026-03-09 11:22:40', NULL),
(45, 4, '2026-02-02', '08:19:00', '17:44:00', 9.42, 'Present', '', '2026-03-09 11:22:40', NULL),
(46, 4, '2026-02-03', '08:45:00', '15:50:00', 7.08, 'Half Day', 'Half day', '2026-03-09 11:22:40', NULL),
(47, 4, '2026-02-04', '08:31:00', '17:42:00', 9.18, 'Present', '', '2026-03-09 11:22:40', NULL),
(48, 4, '2026-02-05', NULL, NULL, 0.00, 'Absent', 'Absent', '2026-03-09 11:22:40', NULL),
(49, 4, '2026-02-06', '08:09:00', '17:54:00', 9.75, 'Present', '', '2026-03-09 11:22:40', NULL),
(50, 4, '2026-02-07', '08:47:00', '17:13:00', 8.43, 'Late', 'Late arrival', '2026-03-09 11:22:40', NULL),
(51, 4, '2026-02-08', '09:08:00', '17:50:00', 8.70, 'Late', 'Late arrival', '2026-03-09 11:22:40', NULL),
(52, 4, '2026-02-09', '08:00:00', '17:36:00', 9.60, 'Present', '', '2026-03-09 11:22:40', NULL),
(53, 4, '2026-02-10', '08:54:00', '17:10:00', 8.27, 'Present', '', '2026-03-09 11:22:40', NULL),
(54, 4, '2026-02-11', '09:29:00', '17:10:00', 7.68, 'Late', 'Late arrival', '2026-03-09 11:22:40', NULL),
(55, 4, '2026-02-12', '09:00:00', '17:29:00', 8.48, 'Present', '', '2026-03-09 11:22:40', NULL),
(56, 4, '2026-02-13', '08:14:00', '17:56:00', 9.70, 'Present', '', '2026-03-09 11:22:40', NULL),
(57, 4, '2026-02-14', '09:00:00', '17:15:00', 8.25, 'Present', '', '2026-03-09 11:22:40', NULL),
(58, 4, '2026-02-15', '08:48:00', '17:34:00', 8.77, 'Present', '', '2026-03-09 11:22:40', NULL),
(59, 4, '2026-02-16', '08:57:00', '17:34:00', 8.62, 'Present', '', '2026-03-09 11:22:40', NULL),
(60, 4, '2026-02-17', '08:48:00', '14:40:00', 5.87, 'Half Day', 'Half day', '2026-03-09 11:22:40', NULL),
(61, 4, '2026-02-18', '08:58:00', '14:33:00', 5.58, 'Half Day', 'Half day', '2026-03-09 11:22:40', NULL),
(62, 4, '2026-02-19', '08:14:00', '17:25:00', 9.18, 'Present', '', '2026-03-09 11:22:40', NULL),
(63, 4, '2026-02-20', '08:31:00', '17:05:00', 8.57, 'Present', '', '2026-03-09 11:22:40', NULL),
(64, 4, '2026-02-21', '08:19:00', '17:33:00', 9.23, 'Present', '', '2026-03-09 11:22:40', NULL),
(65, 4, '2026-02-22', '08:21:00', '17:34:00', 9.22, 'Present', '', '2026-03-09 11:22:40', NULL),
(66, 4, '2026-02-23', '08:59:00', '17:32:00', 8.55, 'Present', '', '2026-03-09 11:22:40', NULL),
(67, 4, '2026-02-24', '08:00:00', '17:11:00', 9.18, 'Present', '', '2026-03-09 11:22:40', NULL),
(68, 4, '2026-02-25', '08:03:00', '17:55:00', 9.87, 'Present', '', '2026-03-09 11:22:40', NULL),
(69, 4, '2026-02-26', '08:16:00', '17:06:00', 8.83, 'Present', '', '2026-03-09 11:22:40', NULL),
(70, 4, '2026-02-27', '08:15:00', '17:53:00', 9.63, 'Present', '', '2026-03-09 11:22:40', NULL),
(71, 4, '2026-02-28', '08:15:00', '17:38:00', 9.38, 'Present', '', '2026-03-09 11:22:40', NULL),
(72, 4, '2026-03-01', '09:30:00', '17:37:00', 8.12, 'Late', 'Late arrival', '2026-03-09 11:22:40', NULL),
(73, 4, '2026-03-02', '09:11:00', '17:26:00', 8.25, 'Late', 'Late arrival', '2026-03-09 11:22:40', NULL),
(74, 4, '2026-03-03', '08:09:00', '17:43:00', 9.57, 'Present', '', '2026-03-09 11:22:40', NULL),
(75, 4, '2026-03-04', '08:35:00', '17:38:00', 9.05, 'Present', '', '2026-03-09 11:22:40', NULL),
(76, 4, '2026-03-05', '08:11:00', '17:23:00', 9.20, 'Present', '', '2026-03-09 11:22:40', NULL),
(77, 4, '2026-03-06', '08:06:00', '17:11:00', 9.08, 'Present', '', '2026-03-09 11:22:40', NULL),
(78, 4, '2026-03-07', '08:24:00', '17:38:00', 9.23, 'Present', '', '2026-03-09 11:22:40', NULL),
(79, 4, '2026-03-08', '08:25:00', '17:10:00', 8.75, 'Present', '', '2026-03-09 11:22:40', NULL),
(80, 4, '2026-03-09', '08:20:00', '17:37:00', 9.28, 'Present', '', '2026-03-09 11:22:40', NULL),
(81, 4, '2026-03-10', '08:40:00', '17:15:00', 8.58, 'Present', '', '2026-03-09 11:22:40', NULL),
(82, 4, '2026-03-11', '08:39:00', '17:27:00', 8.80, 'Present', '', '2026-03-09 11:22:40', NULL),
(83, 4, '2026-03-12', '09:30:00', '17:53:00', 8.38, 'Late', 'Late arrival', '2026-03-09 11:22:41', NULL),
(84, 4, '2026-03-13', '08:15:00', '17:09:00', 8.90, 'Present', '', '2026-03-09 11:22:41', NULL),
(85, 4, '2026-03-14', '09:20:00', '17:39:00', 8.32, 'Late', 'Late arrival', '2026-03-09 11:22:41', NULL),
(86, 4, '2026-03-15', '09:02:00', '17:47:00', 8.75, 'Late', 'Late arrival', '2026-03-09 11:22:41', NULL),
(87, 5, '2026-02-01', '08:20:00', '14:44:00', 6.40, 'Half Day', 'Half day', '2026-03-09 11:22:41', NULL),
(88, 5, '2026-02-02', '08:58:00', '17:25:00', 8.45, 'Present', '', '2026-03-09 11:22:41', NULL),
(89, 5, '2026-02-03', '08:44:00', '17:15:00', 8.52, 'Present', '', '2026-03-09 11:22:41', NULL),
(90, 5, '2026-02-04', NULL, NULL, 0.00, 'Absent', 'Absent', '2026-03-09 11:22:41', NULL),
(91, 5, '2026-02-05', '08:03:00', '17:57:00', 9.90, 'Present', '', '2026-03-09 11:22:41', NULL),
(92, 5, '2026-02-06', '08:17:00', '17:51:00', 9.57, 'Present', '', '2026-03-09 11:22:41', NULL),
(93, 5, '2026-02-07', '08:13:00', '17:05:00', 8.87, 'Present', '', '2026-03-09 11:22:41', NULL),
(94, 5, '2026-02-08', '08:46:00', '17:11:00', 8.42, 'Late', 'Late arrival', '2026-03-09 11:22:41', NULL),
(95, 5, '2026-02-09', '08:58:00', '17:54:00', 8.93, 'Present', '', '2026-03-09 11:22:41', NULL),
(96, 5, '2026-02-10', '08:49:00', '17:19:00', 8.50, 'Present', '', '2026-03-09 11:22:41', NULL),
(97, 5, '2026-02-11', '08:01:00', '17:54:00', 9.88, 'Present', '', '2026-03-09 11:22:41', NULL),
(98, 5, '2026-02-12', '08:48:00', '17:27:00', 8.65, 'Present', '', '2026-03-09 11:22:41', NULL),
(99, 5, '2026-02-13', '08:59:00', '17:56:00', 8.95, 'Present', '', '2026-03-09 11:22:41', NULL),
(100, 5, '2026-02-14', '08:46:00', '17:14:00', 8.47, 'Present', '', '2026-03-09 11:22:41', NULL),
(101, 5, '2026-02-15', NULL, NULL, 0.00, 'Absent', 'Absent', '2026-03-09 11:22:41', NULL),
(102, 5, '2026-02-16', '09:18:00', '17:36:00', 8.30, 'Late', 'Late arrival', '2026-03-09 11:22:41', NULL),
(103, 5, '2026-02-17', '08:27:00', '17:06:00', 8.65, 'Present', '', '2026-03-09 11:22:41', NULL),
(104, 5, '2026-02-18', '08:27:00', '17:39:00', 9.20, 'Present', '', '2026-03-09 11:22:41', NULL),
(105, 5, '2026-02-19', '08:26:00', '17:33:00', 9.12, 'Present', '', '2026-03-09 11:22:41', NULL),
(106, 5, '2026-02-20', '08:20:00', '17:09:00', 8.82, 'Present', '', '2026-03-09 11:22:41', NULL),
(107, 5, '2026-02-21', NULL, NULL, 0.00, 'Leave', 'Leave', '2026-03-09 11:22:41', NULL),
(108, 5, '2026-02-22', '08:48:00', '17:01:00', 8.22, 'Present', '', '2026-03-09 11:22:41', NULL),
(109, 5, '2026-02-23', '08:58:00', '17:57:00', 8.98, 'Present', '', '2026-03-09 11:22:41', NULL),
(110, 5, '2026-02-24', NULL, NULL, 0.00, 'Leave', 'Leave', '2026-03-09 11:22:41', NULL),
(111, 5, '2026-02-25', '08:13:00', '17:58:00', 9.75, 'Present', '', '2026-03-09 11:22:41', NULL),
(112, 5, '2026-02-26', '08:05:00', '17:53:00', 9.80, 'Present', '', '2026-03-09 11:22:41', NULL),
(113, 5, '2026-02-27', '08:26:00', '17:09:00', 8.72, 'Present', '', '2026-03-09 11:22:41', NULL),
(114, 5, '2026-02-28', '08:22:00', '17:05:00', 8.72, 'Present', '', '2026-03-09 11:22:41', NULL),
(115, 5, '2026-03-01', '08:05:00', '15:24:00', 7.32, 'Half Day', 'Half day', '2026-03-09 11:22:41', NULL),
(116, 5, '2026-03-02', '08:53:00', '17:42:00', 8.82, 'Late', 'Late arrival', '2026-03-09 11:22:41', NULL),
(117, 5, '2026-03-03', '08:56:00', '17:44:00', 8.80, 'Late', 'Late arrival', '2026-03-09 11:22:41', NULL),
(118, 5, '2026-03-04', '08:06:00', '17:02:00', 8.93, 'Present', '', '2026-03-09 11:22:41', NULL),
(119, 5, '2026-03-05', '09:10:00', '17:24:00', 8.23, 'Late', 'Late arrival', '2026-03-09 11:22:41', NULL),
(120, 5, '2026-03-06', NULL, NULL, 0.00, 'Leave', 'Leave', '2026-03-09 11:22:41', NULL),
(121, 5, '2026-03-07', '08:03:00', '15:26:00', 7.38, 'Half Day', 'Half day', '2026-03-09 11:22:41', NULL),
(122, 5, '2026-03-08', '08:45:00', '17:37:00', 8.87, 'Present', '', '2026-03-09 11:22:41', NULL),
(123, 5, '2026-03-09', '08:16:00', '17:37:00', 9.35, 'Present', '', '2026-03-09 11:22:41', NULL),
(124, 5, '2026-03-10', '08:21:00', '17:24:00', 9.05, 'Present', '', '2026-03-09 11:22:41', NULL),
(125, 5, '2026-03-11', '08:37:00', '17:41:00', 9.07, 'Present', '', '2026-03-09 11:22:41', NULL),
(126, 5, '2026-03-12', '08:41:00', '17:48:00', 9.12, 'Present', '', '2026-03-09 11:22:41', NULL),
(127, 5, '2026-03-13', '08:50:00', '17:28:00', 8.63, 'Present', '', '2026-03-09 11:22:41', NULL),
(128, 5, '2026-03-14', NULL, NULL, 0.00, 'Absent', 'Absent', '2026-03-09 11:22:41', NULL),
(129, 5, '2026-03-15', '08:39:00', '17:12:00', 8.55, 'Present', '', '2026-03-09 11:22:41', NULL),
(130, 6, '2026-02-01', '08:20:00', '17:54:00', 9.57, 'Present', '', '2026-03-09 11:22:41', NULL),
(131, 6, '2026-02-02', '08:51:00', '17:49:00', 8.97, 'Present', '', '2026-03-09 11:22:41', NULL),
(132, 6, '2026-02-03', '08:13:00', '17:33:00', 9.33, 'Present', '', '2026-03-09 11:22:41', NULL),
(133, 6, '2026-02-04', '08:13:00', '17:42:00', 9.48, 'Present', '', '2026-03-09 11:22:41', NULL),
(134, 6, '2026-02-05', '09:06:00', '17:59:00', 8.88, 'Late', 'Late arrival', '2026-03-09 11:22:41', NULL),
(135, 6, '2026-02-06', '08:33:00', '17:15:00', 8.70, 'Present', '', '2026-03-09 11:22:41', NULL),
(136, 6, '2026-02-07', '08:14:00', '17:49:00', 9.58, 'Present', '', '2026-03-09 11:22:41', NULL),
(137, 6, '2026-02-08', '08:41:00', '15:22:00', 6.68, 'Half Day', 'Half day', '2026-03-09 11:22:41', NULL),
(138, 6, '2026-02-09', '08:06:00', '17:36:00', 9.50, 'Present', '', '2026-03-09 11:22:41', NULL),
(139, 6, '2026-02-10', '09:14:00', '17:29:00', 8.25, 'Late', 'Late arrival', '2026-03-09 11:22:41', NULL),
(140, 6, '2026-02-11', '09:20:00', '17:51:00', 8.52, 'Late', 'Late arrival', '2026-03-09 11:22:41', NULL),
(141, 6, '2026-02-12', '08:10:00', '17:21:00', 9.18, 'Present', '', '2026-03-09 11:22:41', NULL),
(142, 6, '2026-02-13', '08:52:00', '17:55:00', 9.05, 'Present', '', '2026-03-09 11:22:41', NULL),
(143, 6, '2026-02-14', '08:32:00', '17:51:00', 9.32, 'Present', '', '2026-03-09 11:22:41', NULL),
(144, 6, '2026-02-15', '09:13:00', '17:20:00', 8.12, 'Late', 'Late arrival', '2026-03-09 11:22:41', NULL),
(145, 6, '2026-02-16', '08:43:00', '17:50:00', 9.12, 'Present', '', '2026-03-09 11:22:41', NULL),
(146, 6, '2026-02-17', '09:09:00', '17:07:00', 7.97, 'Late', 'Late arrival', '2026-03-09 11:22:41', NULL),
(147, 6, '2026-02-18', '08:38:00', '17:27:00', 8.82, 'Present', '', '2026-03-09 11:22:41', NULL),
(148, 6, '2026-02-19', '08:59:00', '17:40:00', 8.68, 'Present', '', '2026-03-09 11:22:41', NULL),
(149, 6, '2026-02-20', '08:41:00', '17:09:00', 8.47, 'Present', '', '2026-03-09 11:22:41', NULL),
(150, 6, '2026-02-21', '08:41:00', '15:28:00', 6.78, 'Half Day', 'Half day', '2026-03-09 11:22:41', NULL),
(151, 6, '2026-02-22', '08:37:00', '17:41:00', 9.07, 'Present', '', '2026-03-09 11:22:41', NULL),
(152, 6, '2026-02-23', '08:40:00', '17:51:00', 9.18, 'Present', '', '2026-03-09 11:22:41', NULL),
(153, 6, '2026-02-24', '08:26:00', '17:11:00', 8.75, 'Present', '', '2026-03-09 11:22:41', NULL),
(154, 6, '2026-02-25', '08:51:00', '17:14:00', 8.38, 'Present', '', '2026-03-09 11:22:41', NULL),
(155, 6, '2026-02-26', '08:26:00', '17:15:00', 8.82, 'Present', '', '2026-03-09 11:22:41', NULL),
(156, 6, '2026-02-27', '08:55:00', '17:28:00', 8.55, 'Present', '', '2026-03-09 11:22:41', NULL),
(157, 6, '2026-02-28', '08:57:00', '14:55:00', 5.97, 'Half Day', 'Half day', '2026-03-09 11:22:41', NULL),
(158, 6, '2026-03-01', NULL, NULL, 0.00, 'Absent', 'Absent', '2026-03-09 11:22:41', NULL),
(159, 6, '2026-03-02', '08:44:00', '17:19:00', 8.58, 'Present', '', '2026-03-09 11:22:41', NULL),
(160, 6, '2026-03-03', '08:45:00', '17:49:00', 9.07, 'Present', '', '2026-03-09 11:22:41', NULL),
(161, 6, '2026-03-04', '08:21:00', '17:39:00', 9.30, 'Present', '', '2026-03-09 11:22:41', NULL),
(162, 6, '2026-03-05', '08:13:00', '17:39:00', 9.43, 'Present', '', '2026-03-09 11:22:41', NULL),
(163, 6, '2026-03-06', '08:02:00', '17:12:00', 9.17, 'Present', '', '2026-03-09 11:22:41', NULL),
(164, 6, '2026-03-07', NULL, NULL, 0.00, 'Absent', 'Absent', '2026-03-09 11:22:41', NULL),
(165, 6, '2026-03-08', '08:17:00', '15:45:00', 7.47, 'Half Day', 'Half day', '2026-03-09 11:22:41', NULL),
(166, 6, '2026-03-09', '08:28:00', '17:23:00', 8.92, 'Present', '', '2026-03-09 11:22:41', NULL),
(167, 6, '2026-03-10', '09:00:00', '17:49:00', 8.82, 'Present', '', '2026-03-09 11:22:41', NULL),
(168, 6, '2026-03-11', '08:46:00', '17:23:00', 8.62, 'Present', '', '2026-03-09 11:22:41', NULL),
(169, 6, '2026-03-12', '08:14:00', '17:54:00', 9.67, 'Present', '', '2026-03-09 11:22:41', NULL),
(170, 6, '2026-03-13', '08:01:00', '17:33:00', 9.53, 'Present', '', '2026-03-09 11:22:41', NULL),
(171, 6, '2026-03-14', '08:18:00', '17:05:00', 8.78, 'Present', '', '2026-03-09 11:22:41', NULL),
(172, 6, '2026-03-15', '08:52:00', '17:03:00', 8.18, 'Late', 'Late arrival', '2026-03-09 11:22:41', NULL),
(173, 7, '2026-02-01', '09:13:00', '17:47:00', 8.57, 'Late', 'Late arrival', '2026-03-09 11:22:41', NULL),
(174, 7, '2026-02-02', '08:23:00', '17:30:00', 9.12, 'Present', '', '2026-03-09 11:22:41', NULL),
(175, 7, '2026-02-03', '09:07:00', '17:58:00', 8.85, 'Late', 'Late arrival', '2026-03-09 11:22:41', NULL),
(176, 7, '2026-02-04', '08:48:00', '17:51:00', 9.05, 'Present', '', '2026-03-09 11:22:41', NULL),
(177, 7, '2026-02-05', '08:52:00', '17:33:00', 8.68, 'Present', '', '2026-03-09 11:22:41', NULL),
(178, 7, '2026-02-06', '08:04:00', '17:44:00', 9.67, 'Present', '', '2026-03-09 11:22:41', NULL),
(179, 7, '2026-02-07', '08:39:00', '18:00:00', 9.35, 'Present', '', '2026-03-09 11:22:41', NULL),
(180, 7, '2026-02-08', '08:25:00', '15:50:00', 7.42, 'Half Day', 'Half day', '2026-03-09 11:22:41', NULL),
(181, 7, '2026-02-09', '08:33:00', '17:32:00', 8.98, 'Present', '', '2026-03-09 11:22:41', NULL),
(182, 7, '2026-02-10', '08:42:00', '17:35:00', 8.88, 'Present', '', '2026-03-09 11:22:41', NULL),
(183, 7, '2026-02-11', '08:38:00', '17:55:00', 9.28, 'Present', '', '2026-03-09 11:22:41', NULL),
(184, 7, '2026-02-12', '08:28:00', '17:43:00', 9.25, 'Present', '', '2026-03-09 11:22:41', NULL),
(185, 7, '2026-02-13', '08:50:00', '17:39:00', 8.82, 'Present', '', '2026-03-09 11:22:41', NULL),
(186, 7, '2026-02-14', '08:54:00', '17:55:00', 9.02, 'Present', '', '2026-03-09 11:22:41', NULL),
(187, 7, '2026-02-15', '08:24:00', '17:56:00', 9.53, 'Present', '', '2026-03-09 11:22:41', NULL),
(188, 7, '2026-02-16', '08:38:00', '17:26:00', 8.80, 'Present', '', '2026-03-09 11:22:41', NULL),
(189, 7, '2026-02-17', '08:05:00', '17:30:00', 9.42, 'Present', '', '2026-03-09 11:22:41', NULL),
(190, 7, '2026-02-18', '09:29:00', '17:24:00', 7.92, 'Late', 'Late arrival', '2026-03-09 11:22:41', NULL),
(191, 7, '2026-02-19', '09:12:00', '17:13:00', 8.02, 'Late', 'Late arrival', '2026-03-09 11:22:41', NULL),
(192, 7, '2026-02-20', NULL, NULL, 0.00, 'Leave', 'Leave', '2026-03-09 11:22:41', NULL),
(193, 7, '2026-02-21', '08:28:00', '17:01:00', 8.55, 'Present', '', '2026-03-09 11:22:41', NULL),
(194, 7, '2026-02-22', '09:00:00', '17:19:00', 8.32, 'Late', 'Late arrival', '2026-03-09 11:22:41', NULL),
(195, 7, '2026-02-23', '08:45:00', '17:54:00', 9.15, 'Present', '', '2026-03-09 11:22:41', NULL),
(196, 7, '2026-02-24', '08:17:00', '17:53:00', 9.60, 'Present', '', '2026-03-09 11:22:41', NULL),
(197, 7, '2026-02-25', NULL, NULL, 0.00, 'Leave', 'Leave', '2026-03-09 11:22:41', NULL),
(198, 7, '2026-02-26', '08:59:00', '17:58:00', 8.98, 'Present', '', '2026-03-09 11:22:41', NULL),
(199, 7, '2026-02-27', '08:59:00', '17:06:00', 8.12, 'Present', '', '2026-03-09 11:22:41', NULL),
(200, 7, '2026-02-28', '08:20:00', '17:21:00', 9.02, 'Present', '', '2026-03-09 11:22:41', NULL),
(201, 7, '2026-03-01', '08:37:00', '17:13:00', 8.60, 'Present', '', '2026-03-09 11:22:41', NULL),
(202, 7, '2026-03-02', '08:34:00', '17:18:00', 8.73, 'Present', '', '2026-03-09 11:22:41', NULL),
(203, 7, '2026-03-03', '08:03:00', '17:26:00', 9.38, 'Present', '', '2026-03-09 11:22:41', NULL),
(204, 7, '2026-03-04', '08:31:00', '17:11:00', 8.67, 'Present', '', '2026-03-09 11:22:41', NULL),
(205, 7, '2026-03-05', '08:23:00', '17:52:00', 9.48, 'Present', '', '2026-03-09 11:22:41', NULL),
(206, 7, '2026-03-06', '08:03:00', '17:23:00', 9.33, 'Present', '', '2026-03-09 11:22:41', NULL),
(207, 7, '2026-03-07', NULL, NULL, 0.00, 'Leave', 'Leave', '2026-03-09 11:22:41', NULL),
(208, 7, '2026-03-08', '08:15:00', '17:51:00', 9.60, 'Present', '', '2026-03-09 11:22:41', NULL),
(209, 7, '2026-03-09', '08:11:00', '17:13:00', 9.03, 'Present', '', '2026-03-09 11:22:41', NULL),
(210, 7, '2026-03-10', '08:47:00', '17:17:00', 8.50, 'Present', '', '2026-03-09 11:22:41', NULL),
(211, 7, '2026-03-11', '08:46:00', '17:59:00', 9.22, 'Present', '', '2026-03-09 11:22:41', NULL),
(212, 7, '2026-03-12', '08:25:00', '17:08:00', 8.72, 'Present', '', '2026-03-09 11:22:41', NULL),
(213, 7, '2026-03-13', '08:58:00', '17:26:00', 8.47, 'Late', 'Late arrival', '2026-03-09 11:22:41', NULL),
(214, 7, '2026-03-14', '08:23:00', '17:29:00', 9.10, 'Present', '', '2026-03-09 11:22:41', NULL),
(215, 7, '2026-03-15', '08:55:00', '17:57:00', 9.03, 'Present', '', '2026-03-09 11:22:41', NULL),
(216, 8, '2026-02-01', '08:18:00', '17:30:00', 9.20, 'Present', '', '2026-03-09 11:22:41', NULL),
(217, 8, '2026-02-02', '08:37:00', '17:24:00', 8.78, 'Present', '', '2026-03-09 11:22:41', NULL),
(218, 8, '2026-02-03', '08:21:00', '15:44:00', 7.38, 'Half Day', 'Half day', '2026-03-09 11:22:41', NULL),
(219, 8, '2026-02-04', NULL, NULL, 0.00, 'Leave', 'Leave', '2026-03-09 11:22:41', NULL),
(220, 8, '2026-02-05', '08:34:00', '14:51:00', 6.28, 'Half Day', 'Half day', '2026-03-09 11:22:41', NULL),
(221, 8, '2026-02-06', '08:40:00', '17:48:00', 9.13, 'Present', '', '2026-03-09 11:22:41', NULL),
(222, 8, '2026-02-07', '09:24:00', '17:47:00', 8.38, 'Late', 'Late arrival', '2026-03-09 11:22:41', NULL),
(223, 8, '2026-02-08', '08:53:00', '17:32:00', 8.65, 'Present', '', '2026-03-09 11:22:41', NULL),
(224, 8, '2026-02-09', '08:03:00', '17:18:00', 9.25, 'Present', '', '2026-03-09 11:22:41', NULL),
(225, 8, '2026-02-10', '08:07:00', '15:37:00', 7.50, 'Half Day', 'Half day', '2026-03-09 11:22:41', NULL),
(226, 8, '2026-02-11', '08:34:00', '17:55:00', 9.35, 'Present', '', '2026-03-09 11:22:41', NULL),
(227, 8, '2026-02-12', '08:44:00', '17:59:00', 9.25, 'Present', '', '2026-03-09 11:22:41', NULL),
(228, 8, '2026-02-13', NULL, NULL, 0.00, 'Absent', 'Absent', '2026-03-09 11:22:41', NULL),
(229, 8, '2026-02-14', '08:02:00', '18:00:00', 9.97, 'Present', '', '2026-03-09 11:22:41', NULL),
(230, 8, '2026-02-15', '08:52:00', '17:21:00', 8.48, 'Present', '', '2026-03-09 11:22:41', NULL),
(231, 8, '2026-02-16', '08:04:00', '17:57:00', 9.88, 'Present', '', '2026-03-09 11:22:41', NULL),
(232, 8, '2026-02-17', '08:53:00', '17:28:00', 8.58, 'Present', '', '2026-03-09 11:22:41', NULL),
(233, 8, '2026-02-18', NULL, NULL, 0.00, 'Absent', 'Absent', '2026-03-09 11:22:41', NULL),
(234, 8, '2026-02-19', NULL, NULL, 0.00, 'Leave', 'Leave', '2026-03-09 11:22:41', NULL),
(235, 8, '2026-02-20', '08:59:00', '17:12:00', 8.22, 'Present', '', '2026-03-09 11:22:41', NULL),
(236, 8, '2026-02-21', '09:00:00', '17:51:00', 8.85, 'Present', '', '2026-03-09 11:22:41', NULL),
(237, 8, '2026-02-22', '08:21:00', '17:29:00', 9.13, 'Present', '', '2026-03-09 11:22:41', NULL),
(238, 8, '2026-02-23', '08:49:00', '17:48:00', 8.98, 'Late', 'Late arrival', '2026-03-09 11:22:41', NULL),
(239, 8, '2026-02-24', '08:18:00', '15:04:00', 6.77, 'Half Day', 'Half day', '2026-03-09 11:22:41', NULL),
(240, 8, '2026-02-25', '08:13:00', '17:33:00', 9.33, 'Present', '', '2026-03-09 11:22:41', NULL),
(241, 8, '2026-02-26', '08:33:00', '17:18:00', 8.75, 'Present', '', '2026-03-09 11:22:41', NULL),
(242, 8, '2026-02-27', '08:45:00', '17:14:00', 8.48, 'Present', '', '2026-03-09 11:22:41', NULL),
(243, 8, '2026-02-28', '08:46:00', '15:07:00', 6.35, 'Half Day', 'Half day', '2026-03-09 11:22:41', NULL),
(244, 8, '2026-03-01', '08:36:00', '17:50:00', 9.23, 'Present', '', '2026-03-09 11:22:41', NULL),
(245, 8, '2026-03-02', '08:46:00', '17:31:00', 8.75, 'Present', '', '2026-03-09 11:22:41', NULL),
(246, 8, '2026-03-03', '08:14:00', '17:50:00', 9.60, 'Present', '', '2026-03-09 11:22:41', NULL),
(247, 8, '2026-03-04', '08:45:00', '17:12:00', 8.45, 'Present', '', '2026-03-09 11:22:41', NULL),
(248, 8, '2026-03-05', NULL, NULL, 0.00, 'Leave', 'Leave', '2026-03-09 11:22:41', NULL),
(249, 8, '2026-03-06', '08:43:00', '17:57:00', 9.23, 'Present', '', '2026-03-09 11:22:41', NULL),
(250, 8, '2026-03-07', '08:34:00', '17:16:00', 8.70, 'Present', '', '2026-03-09 11:22:41', NULL),
(251, 8, '2026-03-08', '08:07:00', '17:35:00', 9.47, 'Present', '', '2026-03-09 11:22:41', NULL),
(252, 8, '2026-03-09', '09:29:00', '17:13:00', 7.73, 'Late', 'Late arrival', '2026-03-09 11:22:41', NULL),
(253, 8, '2026-03-10', '08:54:00', '14:57:00', 6.05, 'Half Day', 'Half day', '2026-03-09 11:22:41', NULL),
(254, 8, '2026-03-11', '08:12:00', '17:32:00', 9.33, 'Present', '', '2026-03-09 11:22:41', NULL),
(255, 8, '2026-03-12', '08:29:00', '17:28:00', 8.98, 'Present', '', '2026-03-09 11:22:41', NULL),
(256, 8, '2026-03-13', '08:28:00', '17:55:00', 9.45, 'Present', '', '2026-03-09 11:22:41', NULL),
(257, 8, '2026-03-14', '08:00:00', NULL, 0.00, 'Present', '', '2026-03-09 11:22:41', NULL),
(258, 8, '2026-03-15', NULL, NULL, 0.00, 'Leave', 'Leave', '2026-03-09 11:22:41', NULL),
(259, 9, '2026-02-01', '08:43:00', '17:45:00', 9.03, 'Present', '', '2026-03-09 11:22:41', NULL),
(260, 9, '2026-02-02', '08:50:00', '17:34:00', 8.73, 'Present', '', '2026-03-09 11:22:41', NULL),
(261, 9, '2026-02-03', '09:00:00', '17:29:00', 8.48, 'Present', '', '2026-03-09 11:22:41', NULL),
(262, 9, '2026-02-04', '08:02:00', '17:43:00', 9.68, 'Present', '', '2026-03-09 11:22:41', NULL),
(263, 9, '2026-02-05', '08:41:00', '17:22:00', 8.68, 'Present', '', '2026-03-09 11:22:41', NULL),
(264, 9, '2026-02-06', '08:11:00', '17:25:00', 9.23, 'Present', '', '2026-03-09 11:22:41', NULL),
(265, 9, '2026-02-07', '08:58:00', '17:16:00', 8.30, 'Present', '', '2026-03-09 11:22:41', NULL),
(266, 9, '2026-02-08', NULL, NULL, 0.00, 'Leave', 'Leave', '2026-03-09 11:22:41', NULL),
(267, 9, '2026-02-09', '08:38:00', '17:33:00', 8.92, 'Present', '', '2026-03-09 11:22:41', NULL),
(268, 9, '2026-02-10', '09:30:00', '17:01:00', 7.52, 'Late', 'Late arrival', '2026-03-09 11:22:41', NULL),
(269, 9, '2026-02-11', '08:41:00', '15:55:00', 7.23, 'Half Day', 'Half day', '2026-03-09 11:22:41', NULL),
(270, 9, '2026-02-12', '08:49:00', '17:34:00', 8.75, 'Present', '', '2026-03-09 11:22:41', NULL),
(271, 9, '2026-02-13', '09:25:00', '17:55:00', 8.50, 'Late', 'Late arrival', '2026-03-09 11:22:41', NULL),
(272, 9, '2026-02-14', '08:28:00', '17:21:00', 8.88, 'Present', '', '2026-03-09 11:22:41', NULL),
(273, 9, '2026-02-15', '08:57:00', '17:54:00', 8.95, 'Present', '', '2026-03-09 11:22:41', NULL),
(274, 9, '2026-02-16', '08:26:00', '17:58:00', 9.53, 'Present', '', '2026-03-09 11:22:41', NULL),
(275, 9, '2026-02-17', '09:04:00', '17:56:00', 8.87, 'Late', 'Late arrival', '2026-03-09 11:22:41', NULL),
(276, 9, '2026-02-18', '08:30:00', '17:32:00', 9.03, 'Present', '', '2026-03-09 11:22:41', NULL),
(277, 9, '2026-02-19', '08:29:00', '17:40:00', 9.18, 'Present', '', '2026-03-09 11:22:41', NULL),
(278, 9, '2026-02-20', '08:39:00', '17:41:00', 9.03, 'Present', '', '2026-03-09 11:22:41', NULL),
(279, 9, '2026-02-21', '08:55:00', '17:50:00', 8.92, 'Present', '', '2026-03-09 11:22:41', NULL),
(280, 9, '2026-02-22', '08:45:00', '17:30:00', 8.75, 'Present', '', '2026-03-09 11:22:41', NULL),
(281, 9, '2026-02-23', '08:10:00', '17:53:00', 9.72, 'Present', '', '2026-03-09 11:22:41', NULL),
(282, 9, '2026-02-24', '09:00:00', '17:11:00', 8.18, 'Present', '', '2026-03-09 11:22:41', NULL),
(283, 9, '2026-02-25', '08:41:00', '17:03:00', 8.37, 'Present', '', '2026-03-09 11:22:41', NULL),
(284, 9, '2026-02-26', NULL, NULL, 0.00, 'Leave', 'Leave', '2026-03-09 11:22:41', NULL),
(285, 9, '2026-02-27', '08:46:00', '17:56:00', 9.17, 'Late', 'Late arrival', '2026-03-09 11:22:41', NULL),
(286, 9, '2026-02-28', '08:51:00', '17:00:00', 8.15, 'Late', 'Late arrival', '2026-03-09 11:22:41', NULL),
(287, 9, '2026-03-01', '08:48:00', '17:47:00', 8.98, 'Present', '', '2026-03-09 11:22:41', NULL),
(288, 9, '2026-03-02', '08:44:00', '15:46:00', 7.03, 'Half Day', 'Half day', '2026-03-09 11:22:41', NULL),
(289, 9, '2026-03-03', '08:03:00', '17:43:00', 9.67, 'Present', '', '2026-03-09 11:22:41', NULL),
(290, 9, '2026-03-04', '08:31:00', '17:23:00', 8.87, 'Present', '', '2026-03-09 11:22:41', NULL),
(291, 9, '2026-03-05', '08:18:00', '17:22:00', 9.07, 'Present', '', '2026-03-09 11:22:41', NULL),
(292, 9, '2026-03-06', NULL, NULL, 0.00, 'Leave', 'Leave', '2026-03-09 11:22:41', NULL),
(293, 9, '2026-03-07', '08:40:00', '17:42:00', 9.03, 'Present', '', '2026-03-09 11:22:41', NULL),
(294, 9, '2026-03-08', '08:38:00', '17:34:00', 8.93, 'Present', '', '2026-03-09 11:22:41', NULL),
(295, 9, '2026-03-09', '08:48:00', '17:00:00', 8.20, 'Present', '', '2026-03-09 11:22:41', NULL),
(296, 9, '2026-03-10', '08:55:00', '17:42:00', 8.78, 'Present', '', '2026-03-09 11:22:41', NULL),
(297, 9, '2026-03-11', '09:27:00', '17:06:00', 7.65, 'Late', 'Late arrival', '2026-03-09 11:22:41', NULL),
(298, 9, '2026-03-12', '08:46:00', '17:25:00', 8.65, 'Present', '', '2026-03-09 11:22:41', NULL),
(299, 9, '2026-03-13', '08:56:00', '15:56:00', 7.00, 'Half Day', 'Half day', '2026-03-09 11:22:41', NULL),
(300, 9, '2026-03-14', '08:03:00', '17:30:00', 9.45, 'Present', '', '2026-03-09 11:22:41', NULL),
(301, 9, '2026-03-15', '08:09:00', '17:19:00', 9.17, 'Present', '', '2026-03-09 11:22:41', NULL);

-- --------------------------------------------------------

--
-- Table structure for table `batch_details`
--

CREATE TABLE `batch_details` (
  `detail_id` int(11) NOT NULL,
  `batch_id` int(11) DEFAULT NULL,
  `material_id` int(11) DEFAULT NULL,
  `raw_batch_id` int(11) DEFAULT NULL,
  `quantity_used` decimal(10,2) NOT NULL,
  `created_at` timestamp NOT NULL DEFAULT current_timestamp()
) ENGINE=InnoDB DEFAULT CHARSET=utf8mb4 COLLATE=utf8mb4_general_ci;

--
-- Dumping data for table `batch_details`
--

INSERT INTO `batch_details` (`detail_id`, `batch_id`, `material_id`, `raw_batch_id`, `quantity_used`, `created_at`) VALUES
(1, 1, 30, NULL, 2.00, '2026-03-09 11:13:48'),
(2, 2, 30, NULL, 11.00, '2026-03-09 11:14:35'),
(3, 3, 30, NULL, 1.00, '2026-03-09 11:38:25'),
(4, 4, 27, NULL, 1.00, '2026-03-09 11:41:41'),
(5, 5, 30, NULL, 1.00, '2026-03-09 12:43:15'),
(6, 7, 26, NULL, 1.00, '2026-03-09 14:12:21'),
(7, 8, 26, NULL, 1.00, '2026-03-09 14:29:24'),
(8, 9, 6, NULL, 1.00, '2026-03-09 15:46:39'),
(9, 11, 30, NULL, 1.00, '2026-03-09 15:59:31'),
(10, 13, 30, NULL, 2.00, '2026-03-11 15:47:37'),
(11, 14, 26, NULL, 23.00, '2026-03-11 18:05:12'),
(12, 15, 6, NULL, 12.00, '2026-03-11 18:15:03'),
(13, 17, 27, NULL, 12.00, '2026-03-11 18:44:51'),
(14, 19, 27, NULL, 12.00, '2026-03-11 18:47:21'),
(15, 22, 14, NULL, 23.00, '2026-03-11 18:50:28'),
(16, 24, 27, NULL, 23.00, '2026-03-11 20:08:56'),
(17, 25, 6, NULL, 1.00, '2026-03-12 05:30:23'),
(18, 26, 9, NULL, 13.00, '2026-03-12 08:13:26'),
(19, 26, 14, NULL, 2.00, '2026-03-12 08:13:26'),
(20, 26, 20, NULL, 0.50, '2026-03-12 08:13:26'),
(21, 26, 27, NULL, 1.00, '2026-03-12 08:13:26'),
(22, 26, 30, NULL, 1.00, '2026-03-12 08:13:26'),
(23, 26, 31, NULL, 1.00, '2026-03-12 08:13:26'),
(24, 28, 9, NULL, 30.00, '2026-03-13 05:33:48'),
(25, 28, 14, NULL, 3.00, '2026-03-13 05:33:48'),
(26, 28, 20, NULL, 5.00, '2026-03-13 05:33:48'),
(27, 28, 27, NULL, 10.00, '2026-03-13 05:33:48'),
(28, 28, 30, NULL, 10.00, '2026-03-13 05:33:48'),
(29, 28, 31, NULL, 10.00, '2026-03-13 05:33:48'),
(30, 29, 9, NULL, 300.00, '2026-03-14 04:03:09'),
(31, 29, 14, NULL, 42.00, '2026-03-14 04:03:09'),
(32, 29, 20, NULL, 12.00, '2026-03-14 04:03:09'),
(33, 29, 27, NULL, 12.00, '2026-03-14 04:03:09'),
(34, 29, 30, NULL, 12.00, '2026-03-14 04:03:09'),
(35, 29, 31, NULL, 12.00, '2026-03-14 04:03:09'),
(36, 30, 3, NULL, 4.60, '2026-03-14 04:04:31'),
(37, 30, 14, NULL, 0.46, '2026-03-14 04:04:31'),
(38, 30, 20, NULL, 4.60, '2026-03-14 04:04:31'),
(39, 30, 23, NULL, 0.23, '2026-03-14 04:04:31'),
(40, 30, 27, NULL, 23.00, '2026-03-14 04:04:31'),
(41, 30, 30, NULL, 23.00, '2026-03-14 04:04:31'),
(42, 30, 31, NULL, 23.00, '2026-03-14 04:04:31'),
(43, 31, 3, NULL, 24.40, '2026-03-14 04:06:58'),
(44, 31, 14, NULL, 2.44, '2026-03-14 04:06:58'),
(45, 31, 20, NULL, 24.40, '2026-03-14 04:06:58'),
(46, 31, 23, NULL, 1.22, '2026-03-14 04:06:58'),
(47, 31, 27, NULL, 122.00, '2026-03-14 04:06:58'),
(48, 31, 30, NULL, 122.00, '2026-03-14 04:06:58'),
(49, 31, 31, NULL, 122.00, '2026-03-14 04:06:58'),
(50, 32, 9, NULL, 560.00, '2026-03-14 04:09:29'),
(51, 32, 14, NULL, 89.60, '2026-03-14 04:09:29'),
(52, 32, 20, NULL, 22.40, '2026-03-14 04:09:29'),
(53, 32, 29, NULL, 112.00, '2026-03-14 04:09:29'),
(54, 32, 30, NULL, 112.00, '2026-03-14 04:09:29'),
(55, 32, 32, NULL, 112.00, '2026-03-14 04:09:29'),
(56, 33, 9, NULL, 366.00, '2026-03-14 04:20:02'),
(57, 33, 14, NULL, 36.60, '2026-03-14 04:20:02'),
(58, 33, 20, NULL, 61.00, '2026-03-14 04:20:02'),
(59, 33, 27, NULL, 122.00, '2026-03-14 04:20:02'),
(60, 33, 30, NULL, 122.00, '2026-03-14 04:20:02'),
(61, 33, 31, NULL, 122.00, '2026-03-14 04:20:02'),
(62, 34, 9, NULL, 48.00, '2026-03-14 04:29:54'),
(63, 34, 14, NULL, 7.20, '2026-03-14 04:29:54'),
(64, 34, 20, NULL, 1.80, '2026-03-14 04:29:54'),
(65, 34, 29, NULL, 12.00, '2026-03-14 04:29:54'),
(66, 34, 30, NULL, 12.00, '2026-03-14 04:29:54'),
(67, 34, 31, NULL, 12.00, '2026-03-14 04:29:54'),
(68, 35, 37, NULL, 40.00, '2026-03-14 05:13:28'),
(69, 36, 9, NULL, 48.00, '2026-03-14 05:15:24'),
(70, 36, 14, NULL, 7.20, '2026-03-14 05:15:24'),
(71, 36, 18, NULL, 0.96, '2026-03-14 05:15:24'),
(72, 36, 20, NULL, 1.80, '2026-03-14 05:15:24'),
(73, 36, 29, NULL, 12.00, '2026-03-14 05:15:24'),
(74, 36, 30, NULL, 12.00, '2026-03-14 05:15:24'),
(75, 36, 32, NULL, 12.00, '2026-03-14 05:15:24'),
(76, 37, 9, NULL, 48.00, '2026-03-14 05:16:28'),
(77, 37, 14, NULL, 7.20, '2026-03-14 05:16:28'),
(78, 37, 20, NULL, 1.80, '2026-03-14 05:16:28'),
(79, 37, 29, NULL, 12.00, '2026-03-14 05:16:28'),
(80, 37, 30, NULL, 12.00, '2026-03-14 05:16:28'),
(81, 37, 31, NULL, 12.00, '2026-03-14 05:16:28'),
(82, 38, 9, NULL, 300.00, '2026-03-14 05:16:49'),
(83, 38, 14, NULL, 42.00, '2026-03-14 05:16:49'),
(84, 38, 20, NULL, 12.00, '2026-03-14 05:16:49'),
(85, 38, 27, NULL, 12.00, '2026-03-14 05:16:49'),
(86, 38, 30, NULL, 12.00, '2026-03-14 05:16:49'),
(87, 38, 31, NULL, 12.00, '2026-03-14 05:16:49'),
(88, 39, 37, NULL, 10.00, '2026-03-14 05:17:45'),
(89, 39, 37, NULL, 30.00, '2026-03-14 05:17:45'),
(90, 42, 37, NULL, 40.00, '2026-03-14 05:25:05'),
(91, 43, 37, NULL, 40.00, '2026-03-14 05:25:41'),
(92, 44, 37, 74, 40.00, '2026-03-14 05:25:53'),
(93, 45, 9, 5, 300.00, '2026-03-14 05:26:24'),
(94, 45, 14, 10, 42.00, '2026-03-14 05:26:24'),
(95, 45, 20, 16, 12.00, '2026-03-14 05:26:24'),
(96, 45, 27, 23, 12.00, '2026-03-14 05:26:24'),
(97, 45, 30, 26, 12.00, '2026-03-14 05:26:24'),
(98, 45, 31, 27, 12.00, '2026-03-14 05:26:24'),
(99, 46, 3, 3, 8.40, '2026-03-14 05:53:50'),
(100, 46, 9, 5, 504.00, '2026-03-14 05:53:50'),
(101, 46, 14, 10, 91.68, '2026-03-14 05:53:50'),
(102, 46, 16, 12, 48.00, '2026-03-14 05:53:50'),
(103, 46, 20, 16, 99.60, '2026-03-14 05:53:50'),
(104, 46, 23, 19, 0.60, '2026-03-14 05:53:50'),
(105, 46, 27, 23, 48.00, '2026-03-14 05:53:50'),
(106, 46, 28, 24, 12.00, '2026-03-14 05:53:50'),
(107, 46, 30, 26, 60.00, '2026-03-14 05:53:50'),
(108, 46, 31, 27, 84.00, '2026-03-14 05:53:50');

-- --------------------------------------------------------

--
-- Table structure for table `customers`
--

CREATE TABLE `customers` (
  `customer_id` int(11) NOT NULL,
  `customer_name` varchar(100) NOT NULL,
  `contact_person` varchar(100) DEFAULT NULL,
  `contact_number` varchar(20) DEFAULT NULL,
  `email` varchar(100) DEFAULT NULL,
  `address` text DEFAULT NULL,
  `created_at` timestamp NOT NULL DEFAULT current_timestamp(),
  `updated_at` timestamp NOT NULL DEFAULT current_timestamp() ON UPDATE current_timestamp(),
  `customer_code` varchar(50) DEFAULT NULL
) ENGINE=InnoDB DEFAULT CHARSET=utf8mb4 COLLATE=utf8mb4_general_ci;

--
-- Dumping data for table `customers`
--

INSERT INTO `customers` (`customer_id`, `customer_name`, `contact_person`, `contact_number`, `email`, `address`, `created_at`, `updated_at`, `customer_code`) VALUES
(1, 'test', NULL, '09232321231', NULL, 'test', '2026-03-09 11:13:32', '2026-03-09 11:13:32', NULL),
(2, 'test 2orders', NULL, '09234234234', NULL, 'test order', '2026-03-09 15:46:04', '2026-03-09 15:46:04', NULL),
(3, 'john', NULL, '093434342134', NULL, 'Tanauan City, batangas', '2026-03-11 13:21:35', '2026-03-11 13:21:35', NULL),
(4, 'mike', NULL, '34234234', NULL, 'San Miguel, sto tomas city, batangas', '2026-03-11 13:23:14', '2026-03-11 13:23:14', NULL),
(5, 'jake', NULL, '34234234234', NULL, 'Camarines Sur', '2026-03-11 13:25:35', '2026-03-11 13:25:35', NULL),
(6, 'anne', NULL, '34234234', NULL, 'tacloban lucanin mariveles bataan', '2026-03-11 13:27:26', '2026-03-11 13:38:44', NULL),
(7, 'coco', NULL, '3423432', NULL, 'Marga Building, San antonio National Highway,  Candon,  Ilocos Sur', '2026-03-11 13:31:08', '2026-03-11 13:31:08', NULL),
(8, 'joaquin', NULL, '2131313', NULL, 'San joaquin Santo tomas batangas', '2026-03-11 13:40:41', '2026-03-14 03:44:02', NULL),
(9, 'claire', NULL, '14234234', NULL, 'Santa clara santo tomas batangas', '2026-03-11 13:42:30', '2026-03-11 13:42:30', NULL);

-- --------------------------------------------------------

--
-- Table structure for table `delivery_assignments`
--

CREATE TABLE `delivery_assignments` (
  `assignment_id` int(11) NOT NULL,
  `order_id` int(11) DEFAULT NULL,
  `driver_id` int(11) DEFAULT NULL,
  `vehicle_info` varchar(100) DEFAULT NULL,
  `dispatch_time` datetime DEFAULT NULL,
  `status` enum('Pending','Dispatched','On the Way','Arrived','Delivered','Failed') DEFAULT 'Pending',
  `proof_of_delivery` varchar(255) DEFAULT NULL,
  `failure_reason` varchar(255) DEFAULT NULL,
  `created_at` timestamp NOT NULL DEFAULT current_timestamp(),
  `assignment_number` varchar(50) DEFAULT NULL,
  `returned_to_inventory` tinyint(1) NOT NULL DEFAULT 0,
  `returned_at` datetime DEFAULT NULL
) ENGINE=InnoDB DEFAULT CHARSET=utf8mb4 COLLATE=utf8mb4_general_ci;

--
-- Dumping data for table `delivery_assignments`
--

INSERT INTO `delivery_assignments` (`assignment_id`, `order_id`, `driver_id`, `vehicle_info`, `dispatch_time`, `status`, `proof_of_delivery`, `failure_reason`, `created_at`, `assignment_number`, `returned_to_inventory`, `returned_at`) VALUES
(2, 9, 7, '', '2026-03-09 14:06:23', 'Failed', NULL, 'Customer unavailable', '2026-03-09 13:06:23', 'DEL-20260309-0002', 0, NULL),
(3, 6, 7, '', '2026-03-09 14:06:33', 'Failed', NULL, 'Customer unavailable', '2026-03-09 13:06:33', 'DEL-20260309-0003', 0, NULL),
(4, 8, 7, 'Truck', '2026-03-09 15:20:00', 'Failed', NULL, 'Customer unavailable', '2026-03-09 14:20:52', 'DEL-20260309-0004', 1, '2026-03-12 02:01:23'),
(5, 10, 7, 'Truck', '2026-03-09 15:30:00', 'Failed', NULL, 'Customer unavailable', '2026-03-09 14:31:07', 'DEL-20260309-0005', 0, NULL),
(6, 11, 7, '', '2026-03-09 15:40:27', 'Failed', NULL, 'Customer unavailable', '2026-03-09 14:40:27', 'DEL-20260309-0006', 1, '2026-03-12 02:03:41'),
(7, 16, 7, 'Truck', '2026-03-09 17:16:00', 'Failed', NULL, 'Customer unavailable', '2026-03-09 16:14:13', 'DEL-20260309-0007', 1, '2026-03-12 01:37:39'),
(8, 17, 9, '', '2026-03-09 18:55:50', 'Failed', NULL, 'Customer unavailable', '2026-03-09 17:55:50', 'DEL-20260309-0008', 1, '2026-03-12 01:59:01'),
(9, 29, 9, '', '2026-03-11 14:45:26', 'Failed', NULL, 'Customer unavailable', '2026-03-11 13:45:26', 'DEL-20260311-0001', 1, '2026-03-12 01:56:58'),
(10, 28, 9, '', '2026-03-11 14:45:37', 'Failed', NULL, '', '2026-03-11 13:45:37', 'DEL-20260311-0002', 1, '2026-03-12 01:29:21'),
(11, 31, 7, '', '2026-03-11 18:47:55', 'Failed', 'uploads/pod/POD_11_1773251306.png', 'Customer unavailable', '2026-03-11 17:47:55', 'DEL-20260311-0003', 1, '2026-03-12 01:56:27'),
(12, 27, 7, '', '2026-03-11 18:54:39', 'Delivered', 'uploads/pod/POD_12_1773251708.png', NULL, '2026-03-11 17:54:39', 'DEL-20260311-0004', 0, NULL),
(15, 34, 7, 'Car', '2026-03-11 20:26:00', 'On the Way', NULL, NULL, '2026-03-11 19:26:31', 'DEL-20260311-0007', 0, NULL),
(16, 36, 7, 'Car', '2026-03-11 20:34:00', 'On the Way', NULL, NULL, '2026-03-11 19:34:59', 'DEL-20260311-0008', 0, NULL),
(17, 43, 7, 'Car', '2026-03-13 06:36:00', 'Delivered', NULL, NULL, '2026-03-13 05:36:49', 'DEL-20260313-0001', 0, NULL),
(18, 30, 11, '', '2026-03-14 08:21:33', 'On the Way', NULL, NULL, '2026-03-14 07:01:44', 'DEL-20260314-0001', 0, NULL),
(19, 26, 9, '', '2026-03-14 08:23:15', 'On the Way', NULL, NULL, '2026-03-14 07:23:15', 'DEL-20260314-0002', 0, NULL);

-- --------------------------------------------------------

--
-- Table structure for table `delivery_receipts`
--

CREATE TABLE `delivery_receipts` (
  `dr_id` int(11) NOT NULL,
  `dr_number` varchar(50) NOT NULL,
  `order_id` int(11) NOT NULL,
  `invoice_id` int(11) DEFAULT NULL,
  `delivery_date` date NOT NULL,
  `driver_id` int(11) DEFAULT NULL,
  `vehicle_info` varchar(100) DEFAULT NULL,
  `received_by` varchar(100) DEFAULT NULL,
  `notes` text DEFAULT NULL,
  `created_by` int(11) DEFAULT NULL,
  `created_at` timestamp NOT NULL DEFAULT current_timestamp()
) ENGINE=InnoDB DEFAULT CHARSET=utf8mb4 COLLATE=utf8mb4_general_ci;

--
-- Dumping data for table `delivery_receipts`
--

INSERT INTO `delivery_receipts` (`dr_id`, `dr_number`, `order_id`, `invoice_id`, `delivery_date`, `driver_id`, `vehicle_info`, `received_by`, `notes`, `created_by`, `created_at`) VALUES
(1, 'DR-20260309-0001', 8, 5, '2026-03-09', NULL, NULL, NULL, NULL, 1, '2026-03-09 14:22:43'),
(2, 'DR-20260309-0002', 10, 6, '2026-03-09', NULL, NULL, NULL, NULL, 1, '2026-03-09 14:32:22'),
(3, 'DR-20260309-0003', 11, 7, '2026-03-09', NULL, NULL, NULL, NULL, 1, '2026-03-09 14:43:17'),
(4, 'DR-20260314-0001', 44, 9, '2026-03-14', NULL, NULL, NULL, NULL, 1, '2026-03-14 06:07:19'),
(5, 'DR-20260314-0002', 6, 13, '2026-03-14', NULL, NULL, NULL, NULL, 1, '2026-03-14 08:11:01');

-- --------------------------------------------------------

--
-- Table structure for table `employees`
--

CREATE TABLE `employees` (
  `employee_id` int(11) NOT NULL,
  `user_id` int(11) DEFAULT NULL,
  `employee_number` varchar(50) NOT NULL,
  `first_name` varchar(100) NOT NULL,
  `last_name` varchar(100) NOT NULL,
  `middle_name` varchar(100) DEFAULT NULL,
  `position` varchar(100) DEFAULT NULL,
  `department` varchar(50) DEFAULT NULL,
  `hire_date` date DEFAULT NULL,
  `salary` decimal(10,2) DEFAULT 0.00,
  `status` enum('Active','Inactive','Terminated') DEFAULT 'Active',
  `created_at` timestamp NOT NULL DEFAULT current_timestamp(),
  `updated_at` timestamp NOT NULL DEFAULT current_timestamp() ON UPDATE current_timestamp(),
  `sss_enabled` tinyint(1) DEFAULT 1,
  `philhealth_enabled` tinyint(1) DEFAULT 1,
  `pagibig_enabled` tinyint(1) DEFAULT 1
) ENGINE=InnoDB DEFAULT CHARSET=utf8mb4 COLLATE=utf8mb4_general_ci;

--
-- Dumping data for table `employees`
--

INSERT INTO `employees` (`employee_id`, `user_id`, `employee_number`, `first_name`, `last_name`, `middle_name`, `position`, `department`, `hire_date`, `salary`, `status`, `created_at`, `updated_at`, `sss_enabled`, `philhealth_enabled`, `pagibig_enabled`) VALUES
(1, NULL, 'EMP-PRO-001', 'Miguel', 'Rivera', NULL, 'Production Supervisor', 'Production', '2025-01-15', 562.00, 'Active', '2026-03-09 11:19:23', '2026-03-09 11:22:40', 1, 1, 1),
(4, NULL, 'EMP-WAR-001', 'May', 'Bautista', NULL, 'Warehouse Lead', 'Warehouse', '2025-01-15', 513.00, 'Active', '2026-03-09 11:22:40', '2026-03-09 11:22:40', 1, 1, 1),
(5, NULL, 'EMP-QUA-001', 'Sofia', 'Pineda', NULL, 'QC Inspector', 'Quality Control', '2025-01-15', 700.00, 'Active', '2026-03-09 11:22:41', '2026-03-09 11:22:41', 1, 1, 1),
(6, NULL, 'EMP-ACC-001', 'Mark', 'Bautista', NULL, 'Accountant', 'Accounting', '2025-01-15', 628.00, 'Active', '2026-03-09 11:22:41', '2026-03-09 11:22:41', 1, 1, 1),
(7, NULL, 'EMP-SAL-001', 'Ana', 'Santos', NULL, 'Sales Representative', 'Sales', '2025-01-15', 684.00, 'Active', '2026-03-09 11:22:41', '2026-03-09 11:22:41', 1, 1, 1),
(8, NULL, 'EMP-LOG-001', 'Jessa', 'Alcantara', NULL, 'Logistics Coordinator', 'Logistics', '2025-01-15', 693.00, 'Active', '2026-03-09 11:22:41', '2026-03-09 11:22:41', 1, 1, 1),
(9, NULL, 'EMP-ADM-001', 'Clara', 'Lopez', NULL, 'Office Administrator', 'Administration', '2025-01-15', 541.00, 'Active', '2026-03-09 11:22:41', '2026-03-09 11:22:41', 1, 1, 1);

-- --------------------------------------------------------

--
-- Table structure for table `expenses`
--

CREATE TABLE `expenses` (
  `expense_id` int(11) NOT NULL,
  `category` enum('Raw Materials','Labor','Utilities','Transportation','Other') NOT NULL,
  `amount` decimal(10,2) NOT NULL,
  `description` text DEFAULT NULL,
  `reference_type` varchar(50) DEFAULT NULL,
  `reference_id` int(11) DEFAULT NULL,
  `department` varchar(100) DEFAULT NULL,
  `expense_date` date NOT NULL,
  `created_by` int(11) DEFAULT NULL,
  `created_at` timestamp NOT NULL DEFAULT current_timestamp(),
  `expense_ref` varchar(50) DEFAULT NULL,
  `supplier_invoice_id` int(11) DEFAULT NULL
) ENGINE=InnoDB DEFAULT CHARSET=utf8mb4 COLLATE=utf8mb4_general_ci;

--
-- Dumping data for table `expenses`
--

INSERT INTO `expenses` (`expense_id`, `category`, `amount`, `description`, `reference_type`, `reference_id`, `department`, `expense_date`, `created_by`, `created_at`, `expense_ref`, `supplier_invoice_id`) VALUES
(1, 'Raw Materials', 1000.00, '', NULL, NULL, NULL, '2026-03-09', 1, '2026-03-09 14:53:16', 'EXP-20260309-0001', NULL);

-- --------------------------------------------------------

--
-- Table structure for table `finished_goods`
--

CREATE TABLE `finished_goods` (
  `fg_id` int(11) NOT NULL,
  `batch_id` int(11) DEFAULT NULL,
  `production_date` date DEFAULT NULL,
  `product_id` int(11) DEFAULT NULL,
  `quantity` decimal(10,2) DEFAULT 0.00,
  `expiry_date` date DEFAULT NULL,
  `warehouse_location` varchar(100) DEFAULT NULL,
  `created_at` timestamp NOT NULL DEFAULT current_timestamp(),
  `updated_at` timestamp NOT NULL DEFAULT current_timestamp() ON UPDATE current_timestamp(),
  `reserved_quantity` decimal(10,2) NOT NULL DEFAULT 0.00,
  `qc_approved` tinyint(1) NOT NULL DEFAULT 0
) ENGINE=InnoDB DEFAULT CHARSET=utf8mb4 COLLATE=utf8mb4_general_ci;

--
-- Dumping data for table `finished_goods`
--

INSERT INTO `finished_goods` (`fg_id`, `batch_id`, `production_date`, `product_id`, `quantity`, `expiry_date`, `warehouse_location`, `created_at`, `updated_at`, `reserved_quantity`, `qc_approved`) VALUES
(3, 1, '2026-03-14', 1, 232.00, '2027-03-14', NULL, '2026-03-09 11:25:29', '2026-03-14 10:59:16', 12.00, 1),
(4, 2, '2026-03-14', 2, 904.00, NULL, NULL, '2026-03-09 11:25:29', '2026-03-14 03:59:12', 0.00, 0),
(5, 3, '2026-03-14', 4, 849.00, NULL, NULL, '2026-03-09 11:25:29', '2026-03-14 03:59:12', 0.00, 0),
(6, 4, '2026-03-14', 5, 322.00, NULL, NULL, '2026-03-09 11:25:29', '2026-03-14 03:59:12', 0.00, 0),
(7, 5, '2026-03-14', 6, 511.00, NULL, NULL, '2026-03-09 11:25:30', '2026-03-14 03:59:12', 0.00, 0),
(8, 6, '2026-03-14', 28, 199.00, '2026-03-17', NULL, '2026-03-09 11:25:30', '2026-03-14 03:59:12', 0.00, 1),
(9, 7, '2026-03-14', 29, 692.00, NULL, NULL, '2026-03-09 11:25:30', '2026-03-14 03:59:12', 0.00, 0),
(10, 8, '2026-03-14', 33, 887.00, NULL, NULL, '2026-03-09 11:25:30', '2026-03-14 03:59:12', 0.00, 0),
(11, 9, '2026-03-14', 34, 824.00, NULL, NULL, '2026-03-09 11:25:30', '2026-03-14 03:59:12', 0.00, 0),
(12, 10, '2026-03-14', 35, 296.00, NULL, NULL, '2026-03-09 11:25:30', '2026-03-14 03:59:12', 0.00, 0),
(13, 11, '2026-03-14', 40, 134.00, NULL, NULL, '2026-03-09 11:25:30', '2026-03-14 03:59:12', 0.00, 0),
(14, 12, '2026-03-14', 7, 146.00, NULL, NULL, '2026-03-09 11:25:30', '2026-03-14 03:59:12', 0.00, 0),
(15, 13, '2026-03-14', 8, 704.00, NULL, NULL, '2026-03-09 11:25:30', '2026-03-14 03:59:12', 0.00, 0),
(16, 14, '2026-03-14', 9, 751.00, NULL, NULL, '2026-03-09 11:25:30', '2026-03-14 03:59:12', 0.00, 0),
(17, 15, '2026-03-14', 10, 375.00, NULL, NULL, '2026-03-09 11:25:30', '2026-03-14 03:59:12', 0.00, 0),
(18, 16, '2026-03-14', 11, 971.00, NULL, NULL, '2026-03-09 11:25:30', '2026-03-14 03:59:12', 0.00, 0),
(19, 17, '2026-03-14', 12, 487.00, NULL, NULL, '2026-03-09 11:25:30', '2026-03-14 03:59:12', 0.00, 0),
(20, 18, '2026-03-14', 13, 1.00, NULL, NULL, '2026-03-09 11:25:30', '2026-03-14 03:59:12', 0.00, 1),
(21, 19, '2026-03-14', 36, 595.00, NULL, NULL, '2026-03-09 11:25:30', '2026-03-14 03:59:12', 0.00, 0),
(22, 20, '2026-03-14', 37, 684.00, NULL, NULL, '2026-03-09 11:25:30', '2026-03-14 03:59:12', 0.00, 0),
(23, 21, '2026-03-14', 38, 480.00, NULL, NULL, '2026-03-09 11:25:30', '2026-03-14 03:59:12', 0.00, 0),
(24, 22, '2026-03-14', 39, 461.00, NULL, NULL, '2026-03-09 11:25:30', '2026-03-14 03:59:12', 0.00, 0),
(25, 23, '2026-03-14', 14, 720.00, NULL, NULL, '2026-03-09 11:25:30', '2026-03-14 03:59:12', 0.00, 0),
(26, 24, '2026-03-14', 15, 832.00, NULL, NULL, '2026-03-09 11:25:30', '2026-03-14 03:59:12', 5.00, 0),
(27, 25, '2026-03-14', 16, 3.00, NULL, NULL, '2026-03-09 11:25:30', '2026-03-14 03:59:12', 0.00, 1),
(28, 26, '2026-03-14', 17, 496.00, NULL, NULL, '2026-03-09 11:25:30', '2026-03-14 03:59:12', 19.00, 0),
(29, 27, '2026-03-14', 18, 877.00, NULL, NULL, '2026-03-09 11:25:30', '2026-03-14 03:59:12', 12.00, 0),
(30, 28, '2026-03-14', 19, 596.00, NULL, NULL, '2026-03-09 11:25:30', '2026-03-14 03:59:12', 127.00, 0),
(31, 29, '2026-03-14', 20, 6.00, NULL, NULL, '2026-03-09 11:25:30', '2026-03-14 03:59:12', 0.00, 1),
(32, 30, '2026-03-14', 3, 233.00, NULL, NULL, '2026-03-09 11:25:30', '2026-03-14 03:59:12', 0.00, 0),
(33, 31, '2026-03-14', 21, 212.00, NULL, NULL, '2026-03-09 11:25:30', '2026-03-14 03:59:12', 3.00, 0),
(34, 32, '2026-03-14', 23, 290.00, NULL, NULL, '2026-03-09 11:25:30', '2026-03-14 03:59:12', 0.00, 0),
(35, 33, '2026-03-14', 30, 788.00, NULL, NULL, '2026-03-09 11:25:30', '2026-03-14 03:59:12', 0.00, 0),
(36, 34, '2026-03-14', 31, 139.00, NULL, NULL, '2026-03-09 11:25:30', '2026-03-14 03:59:12', 0.00, 0),
(37, 35, '2026-03-14', 32, 690.00, '2026-03-21', NULL, '2026-03-09 11:25:30', '2026-03-14 03:59:12', 0.00, 1),
(39, 36, '2026-03-14', 11, 500.00, '2027-03-09', 'Lot 6720 Brgy San Joaquin Sto Tomas Batangas', '2026-03-09 11:38:38', '2026-03-14 03:59:12', 0.00, 1),
(40, 37, '2026-03-14', 1, 24.00, '2028-03-14', 'Lot 6720 Brgy San Joaquin Sto Tomas Batangas', '2026-03-09 12:24:45', '2026-03-14 04:30:03', 14.00, 1),
(41, 38, '2026-03-14', 26, 341.00, '2027-03-14', 'Lot 6720 Brgy San Joaquin Sto Tomas Batangas', '2026-03-09 12:45:08', '2026-03-14 07:24:42', 58.00, 1),
(44, 39, '2026-03-14', 42, 300.00, '2027-03-11', 'Lot 6720 Brgy San Joaquin Sto Tomas Batangas', '2026-03-09 15:47:04', '2026-03-14 03:59:12', 12.00, 1),
(45, 40, '2026-03-14', 24, 200.00, '2027-03-11', 'Lot 6720 Brgy San Joaquin Sto Tomas Batangas', '2026-03-09 16:00:01', '2026-03-14 03:59:12', 100.00, 1),
(46, 41, '2026-03-14', 28, 1212.00, '2028-03-10', 'Lot 6720 Brgy San Joaquin Sto Tomas Batangas', '2026-03-11 18:05:50', '2026-03-14 03:59:12', 0.00, 1),
(47, 42, '2026-03-14', 36, 1000.00, '2029-03-10', 'Lot 6720 Brgy San Joaquin Sto Tomas Batangas', '2026-03-11 18:07:02', '2026-03-14 03:59:12', 0.00, 1),
(50, 43, '2026-03-14', 16, 100.00, '2027-03-11', 'Lot 6720 Brgy San Joaquin Sto Tomas Batangas', '2026-03-11 20:09:11', '2026-03-14 03:59:12', 100.00, 1),
(51, 44, '2026-03-14', 6, 1000.00, '2028-03-11', 'Lot 6720 Brgy San Joaquin Sto Tomas Batangas', '2026-03-12 05:30:37', '2026-03-14 03:59:12', 0.00, 1),
(52, 45, '2026-03-14', 17, 132.00, '2028-03-13', 'Lot 6720 Brgy San Joaquin Sto Tomas Batangas', '2026-03-13 05:34:49', '2026-03-14 04:20:22', 10.00, 1),
(53, NULL, NULL, 5, 24.00, '2028-03-13', 'Lot 6720 Brgy San Joaquin Sto Tomas Batangas', '2026-03-14 04:03:22', '2026-03-14 05:27:04', 0.00, 1),
(54, NULL, NULL, 35, 112.00, '2028-03-13', 'Lot 6720 Brgy San Joaquin Sto Tomas Batangas', '2026-03-14 04:09:45', '2026-03-14 04:09:45', 0.00, 1);

-- --------------------------------------------------------

--
-- Table structure for table `finished_goods_batches`
--

CREATE TABLE `finished_goods_batches` (
  `batch_id` int(11) NOT NULL,
  `batch_number` varchar(50) NOT NULL,
  `product_id` int(11) NOT NULL,
  `production_batch_id` int(11) DEFAULT NULL,
  `quantity_produced` decimal(10,2) NOT NULL,
  `quantity_remaining` decimal(10,2) NOT NULL,
  `unit` varchar(20) DEFAULT 'pcs',
  `production_date` date NOT NULL,
  `expiry_date` date DEFAULT NULL,
  `warehouse_location` varchar(100) DEFAULT NULL,
  `qc_approved` tinyint(1) NOT NULL DEFAULT 0,
  `qc_record_id` int(11) DEFAULT NULL,
  `created_by` int(11) DEFAULT NULL,
  `created_at` timestamp NOT NULL DEFAULT current_timestamp(),
  `updated_at` timestamp NOT NULL DEFAULT current_timestamp() ON UPDATE current_timestamp()
) ENGINE=InnoDB DEFAULT CHARSET=utf8mb4 COLLATE=utf8mb4_general_ci;

--
-- Dumping data for table `finished_goods_batches`
--

INSERT INTO `finished_goods_batches` (`batch_id`, `batch_number`, `product_id`, `production_batch_id`, `quantity_produced`, `quantity_remaining`, `unit`, `production_date`, `expiry_date`, `warehouse_location`, `qc_approved`, `qc_record_id`, `created_by`, `created_at`, `updated_at`) VALUES
(1, 'FG-3-20260314', 1, NULL, 182.00, 182.00, 'pcs', '2026-03-14', '2028-03-13', NULL, 0, NULL, 1, '2026-03-14 03:59:12', '2026-03-14 04:32:21'),
(2, 'FG-4-20260314', 2, NULL, 904.00, 904.00, 'pcs', '2026-03-14', '2028-03-13', NULL, 0, NULL, 1, '2026-03-14 03:59:12', '2026-03-14 04:32:21'),
(3, 'FG-5-20260314', 4, NULL, 849.00, 849.00, 'pcs', '2026-03-14', '2028-03-13', NULL, 0, NULL, 1, '2026-03-14 03:59:12', '2026-03-14 04:32:21'),
(4, 'FG-6-20260314', 5, NULL, 322.00, 322.00, 'pcs', '2026-03-14', '2028-03-13', NULL, 0, NULL, 1, '2026-03-14 03:59:12', '2026-03-14 04:32:21'),
(5, 'FG-7-20260314', 6, NULL, 511.00, 511.00, 'pcs', '2026-03-14', '2028-03-13', NULL, 0, NULL, 1, '2026-03-14 03:59:12', '2026-03-14 04:32:21'),
(6, 'FG-8-20260314', 28, NULL, 199.00, 199.00, 'pcs', '2026-03-14', '2026-03-17', NULL, 1, NULL, 1, '2026-03-14 03:59:12', '2026-03-14 03:59:12'),
(7, 'FG-9-20260314', 29, NULL, 692.00, 692.00, 'pcs', '2026-03-14', '2028-03-13', NULL, 0, NULL, 1, '2026-03-14 03:59:12', '2026-03-14 04:32:21'),
(8, 'FG-10-20260314', 33, NULL, 887.00, 887.00, 'pcs', '2026-03-14', '2028-03-13', NULL, 0, NULL, 1, '2026-03-14 03:59:12', '2026-03-14 04:32:21'),
(9, 'FG-11-20260314', 34, NULL, 824.00, 824.00, 'pcs', '2026-03-14', '2028-03-13', NULL, 0, NULL, 1, '2026-03-14 03:59:12', '2026-03-14 04:32:21'),
(10, 'FG-12-20260314', 35, NULL, 296.00, 296.00, 'pcs', '2026-03-14', '2028-03-13', NULL, 0, NULL, 1, '2026-03-14 03:59:12', '2026-03-14 04:32:21'),
(11, 'FG-13-20260314', 40, NULL, 134.00, 134.00, 'pcs', '2026-03-14', '2028-03-13', NULL, 0, NULL, 1, '2026-03-14 03:59:12', '2026-03-14 04:32:21'),
(12, 'FG-14-20260314', 7, NULL, 146.00, 146.00, 'pcs', '2026-03-14', '2029-03-13', NULL, 0, NULL, 1, '2026-03-14 03:59:12', '2026-03-14 04:32:21'),
(13, 'FG-15-20260314', 8, NULL, 704.00, 704.00, 'pcs', '2026-03-14', '2029-03-13', NULL, 0, NULL, 1, '2026-03-14 03:59:12', '2026-03-14 04:32:21'),
(14, 'FG-16-20260314', 9, NULL, 751.00, 751.00, 'pcs', '2026-03-14', '2029-03-13', NULL, 0, NULL, 1, '2026-03-14 03:59:12', '2026-03-14 04:32:21'),
(15, 'FG-17-20260314', 10, NULL, 375.00, 375.00, 'pcs', '2026-03-14', '2027-03-14', NULL, 0, NULL, 1, '2026-03-14 03:59:12', '2026-03-14 04:32:21'),
(16, 'FG-18-20260314', 11, NULL, 971.00, 971.00, 'pcs', '2026-03-14', '2027-03-14', NULL, 0, NULL, 1, '2026-03-14 03:59:12', '2026-03-14 04:32:21'),
(17, 'FG-19-20260314', 12, NULL, 487.00, 487.00, 'pcs', '2026-03-14', '2027-03-14', NULL, 0, NULL, 1, '2026-03-14 03:59:12', '2026-03-14 04:32:21'),
(18, 'FG-20-20260314', 13, NULL, 1.00, 1.00, 'pcs', '2026-03-14', '2028-03-13', NULL, 1, NULL, 1, '2026-03-14 03:59:12', '2026-03-14 04:32:21'),
(19, 'FG-21-20260314', 36, NULL, 595.00, 595.00, 'pcs', '2026-03-14', '2029-03-13', NULL, 0, NULL, 1, '2026-03-14 03:59:12', '2026-03-14 04:32:21'),
(20, 'FG-22-20260314', 37, NULL, 684.00, 684.00, 'pcs', '2026-03-14', '2029-03-13', NULL, 0, NULL, 1, '2026-03-14 03:59:12', '2026-03-14 04:32:21'),
(21, 'FG-23-20260314', 38, NULL, 480.00, 480.00, 'pcs', '2026-03-14', '2029-03-12', NULL, 0, NULL, 1, '2026-03-14 03:59:12', '2026-03-14 04:32:21'),
(22, 'FG-24-20260314', 39, NULL, 461.00, 461.00, 'pcs', '2026-03-14', '2028-03-13', NULL, 0, NULL, 1, '2026-03-14 03:59:12', '2026-03-14 04:32:21'),
(23, 'FG-25-20260314', 14, NULL, 720.00, 720.00, 'pcs', '2026-03-14', '2027-03-14', NULL, 0, NULL, 1, '2026-03-14 03:59:12', '2026-03-14 04:32:21'),
(24, 'FG-26-20260314', 15, NULL, 832.00, 832.00, 'pcs', '2026-03-14', '2027-03-14', NULL, 0, NULL, 1, '2026-03-14 03:59:12', '2026-03-14 04:32:21'),
(25, 'FG-27-20260314', 16, NULL, 3.00, 3.00, 'pcs', '2026-03-14', '2027-03-14', NULL, 1, NULL, 1, '2026-03-14 03:59:12', '2026-03-14 04:32:21'),
(26, 'FG-28-20260314', 17, NULL, 496.00, 496.00, 'pcs', '2026-03-14', '2028-03-13', NULL, 0, NULL, 1, '2026-03-14 03:59:12', '2026-03-14 04:32:21'),
(27, 'FG-29-20260314', 18, NULL, 877.00, 877.00, 'pcs', '2026-03-14', '2028-03-13', NULL, 0, NULL, 1, '2026-03-14 03:59:12', '2026-03-14 04:32:21'),
(28, 'FG-30-20260314', 19, NULL, 596.00, 596.00, 'pcs', '2026-03-14', '2027-03-14', NULL, 0, NULL, 1, '2026-03-14 03:59:12', '2026-03-14 04:32:21'),
(29, 'FG-31-20260314', 20, NULL, 6.00, 6.00, 'pcs', '2026-03-14', '2027-03-14', NULL, 1, NULL, 1, '2026-03-14 03:59:12', '2026-03-14 04:32:21'),
(30, 'FG-32-20260314', 3, NULL, 233.00, 233.00, 'pcs', '2026-03-14', '2028-03-13', NULL, 0, NULL, 1, '2026-03-14 03:59:12', '2026-03-14 04:32:21'),
(31, 'FG-33-20260314', 21, NULL, 212.00, 212.00, 'pcs', '2026-03-14', '2028-03-13', NULL, 0, NULL, 1, '2026-03-14 03:59:12', '2026-03-14 04:32:21'),
(32, 'FG-34-20260314', 23, NULL, 290.00, 290.00, 'pcs', '2026-03-14', '2027-03-14', NULL, 0, NULL, 1, '2026-03-14 03:59:12', '2026-03-14 04:32:21'),
(33, 'FG-35-20260314', 30, NULL, 788.00, 788.00, 'pcs', '2026-03-14', '2028-03-13', NULL, 0, NULL, 1, '2026-03-14 03:59:12', '2026-03-14 04:32:21'),
(34, 'FG-36-20260314', 31, NULL, 139.00, 139.00, 'pcs', '2026-03-14', '2028-03-13', NULL, 0, NULL, 1, '2026-03-14 03:59:12', '2026-03-14 04:32:21'),
(35, 'FG-37-20260314', 32, NULL, 690.00, 690.00, 'pcs', '2026-03-14', '2026-03-21', NULL, 1, NULL, 1, '2026-03-14 03:59:12', '2026-03-14 03:59:12'),
(36, 'FG-39-20260314', 11, NULL, 500.00, 500.00, 'pcs', '2026-03-14', '2027-03-09', 'Lot 6720 Brgy San Joaquin Sto Tomas Batangas', 1, NULL, 1, '2026-03-14 03:59:12', '2026-03-14 03:59:12'),
(37, 'FG-40-20260314', 1, NULL, 12.00, 12.00, 'pcs', '2026-03-14', '2028-03-08', 'Lot 6720 Brgy San Joaquin Sto Tomas Batangas', 1, NULL, 1, '2026-03-14 03:59:12', '2026-03-14 03:59:12'),
(38, 'FG-41-20260314', 26, NULL, 210.00, 210.00, 'pcs', '2026-03-14', '2027-03-11', 'Lot 6720 Brgy San Joaquin Sto Tomas Batangas', 1, NULL, 1, '2026-03-14 03:59:12', '2026-03-14 03:59:12'),
(39, 'FG-44-20260314', 42, NULL, 300.00, 300.00, 'pcs', '2026-03-14', '2027-03-11', 'Lot 6720 Brgy San Joaquin Sto Tomas Batangas', 1, NULL, 1, '2026-03-14 03:59:12', '2026-03-14 03:59:12'),
(40, 'FG-45-20260314', 24, NULL, 200.00, 200.00, 'pcs', '2026-03-14', '2027-03-11', 'Lot 6720 Brgy San Joaquin Sto Tomas Batangas', 1, NULL, 1, '2026-03-14 03:59:12', '2026-03-14 03:59:12'),
(41, 'FG-46-20260314', 28, NULL, 1212.00, 1212.00, 'pcs', '2026-03-14', '2028-03-10', 'Lot 6720 Brgy San Joaquin Sto Tomas Batangas', 1, NULL, 1, '2026-03-14 03:59:12', '2026-03-14 03:59:12'),
(42, 'FG-47-20260314', 36, NULL, 1000.00, 1000.00, 'pcs', '2026-03-14', '2029-03-10', 'Lot 6720 Brgy San Joaquin Sto Tomas Batangas', 1, NULL, 1, '2026-03-14 03:59:12', '2026-03-14 03:59:12'),
(43, 'FG-50-20260314', 16, NULL, 100.00, 100.00, 'pcs', '2026-03-14', '2027-03-11', 'Lot 6720 Brgy San Joaquin Sto Tomas Batangas', 1, NULL, 1, '2026-03-14 03:59:12', '2026-03-14 03:59:12'),
(44, 'FG-51-20260314', 6, NULL, 1000.00, 1000.00, 'pcs', '2026-03-14', '2028-03-11', 'Lot 6720 Brgy San Joaquin Sto Tomas Batangas', 1, NULL, 1, '2026-03-14 03:59:12', '2026-03-14 03:59:12'),
(45, 'FG-52-20260314', 17, NULL, 10.00, 10.00, 'pcs', '2026-03-14', '2028-03-12', 'Lot 6720 Brgy San Joaquin Sto Tomas Batangas', 1, NULL, 1, '2026-03-14 03:59:12', '2026-03-14 03:59:12'),
(64, 'BAT-20260314-0005', 17, NULL, 122.00, 122.00, 'pcs', '2026-03-14', '2028-03-13', 'Lot 6720 Brgy San Joaquin Sto Tomas Batangas', 1, NULL, 1, '2026-03-14 04:20:22', '2026-03-14 04:20:22'),
(65, 'BAT-20260314-0006', 1, NULL, 12.00, 12.00, 'pcs', '2026-03-15', '2028-03-14', 'Lot 6720 Brgy San Joaquin Sto Tomas Batangas', 1, NULL, 1, '2026-03-14 04:30:03', '2026-03-14 04:37:37'),
(66, 'BAT-20260314-0012', 5, NULL, 12.00, 12.00, 'pcs', '2026-03-14', '2028-03-13', 'Lot 6720 Brgy San Joaquin Sto Tomas Batangas', 1, NULL, 1, '2026-03-14 05:27:04', '2026-03-14 05:27:04');

-- --------------------------------------------------------

--
-- Table structure for table `goods_receiving_notes`
--

CREATE TABLE `goods_receiving_notes` (
  `grn_id` int(11) NOT NULL,
  `grn_number` varchar(50) NOT NULL,
  `po_id` int(11) NOT NULL,
  `received_date` date NOT NULL,
  `received_by` int(11) NOT NULL,
  `qc_status` enum('Pending','Passed','Failed','Partial') DEFAULT 'Pending',
  `qc_checked_by` int(11) DEFAULT NULL,
  `qc_checked_at` timestamp NULL DEFAULT NULL,
  `qc_remarks` text DEFAULT NULL,
  `total_items_received` int(11) DEFAULT 0,
  `status` enum('Draft','Received','QC Passed','QC Failed','Partially Received') DEFAULT 'Draft',
  `notes` text DEFAULT NULL,
  `created_at` timestamp NOT NULL DEFAULT current_timestamp(),
  `updated_at` timestamp NOT NULL DEFAULT current_timestamp() ON UPDATE current_timestamp(),
  `invoice_id` int(11) DEFAULT NULL
) ENGINE=InnoDB DEFAULT CHARSET=utf8mb4 COLLATE=utf8mb4_general_ci;

--
-- Dumping data for table `goods_receiving_notes`
--

INSERT INTO `goods_receiving_notes` (`grn_id`, `grn_number`, `po_id`, `received_date`, `received_by`, `qc_status`, `qc_checked_by`, `qc_checked_at`, `qc_remarks`, `total_items_received`, `status`, `notes`, `created_at`, `updated_at`, `invoice_id`) VALUES
(1, 'GRN-20260314-0001', 2, '2026-03-14', 1, 'Pending', NULL, '2026-03-14 06:48:26', '', 2, 'Draft', '', '2026-03-14 06:48:26', '2026-03-14 06:48:26', NULL),
(2, 'GRN-20260314-0002', 3, '2026-03-14', 1, 'Pending', NULL, '2026-03-14 08:24:48', '', 1, 'Draft', '', '2026-03-14 08:24:48', '2026-03-14 08:24:48', NULL),
(3, 'GRN-20260314-0003', 1, '2026-03-14', 1, 'Passed', NULL, '2026-03-14 08:37:28', '', 12, 'Draft', '', '2026-03-14 08:37:28', '2026-03-14 08:37:51', NULL),
(4, 'GRN-20260314-0004', 4, '2026-03-14', 1, 'Passed', NULL, '2026-03-14 08:39:48', '', 12, 'Draft', '', '2026-03-14 08:39:48', '2026-03-14 08:40:18', NULL);

-- --------------------------------------------------------

--
-- Table structure for table `gps_tracking`
--

CREATE TABLE `gps_tracking` (
  `tracking_id` int(11) NOT NULL,
  `assignment_id` int(11) DEFAULT NULL,
  `latitude` decimal(10,8) DEFAULT NULL,
  `longitude` decimal(11,8) DEFAULT NULL,
  `timestamp` timestamp NOT NULL DEFAULT current_timestamp()
) ENGINE=InnoDB DEFAULT CHARSET=utf8mb4 COLLATE=utf8mb4_general_ci;

--
-- Dumping data for table `gps_tracking`
--

INSERT INTO `gps_tracking` (`tracking_id`, `assignment_id`, `latitude`, `longitude`, `timestamp`) VALUES
(1, 4, 14.04627025, 121.20182214, '2026-03-09 14:21:13'),
(2, 4, 14.04627025, 121.20182214, '2026-03-09 14:21:13'),
(3, 4, 14.04629153, 121.20181655, '2026-03-09 14:21:26'),
(4, 4, 14.04629153, 121.20181655, '2026-03-09 14:21:26'),
(5, 3, 14.04629153, 121.20181655, '2026-03-09 14:21:37'),
(6, 3, 14.04629153, 121.20181655, '2026-03-09 14:21:37'),
(7, 5, 14.04626463, 121.20181704, '2026-03-09 14:31:24'),
(8, 5, 14.04626463, 121.20181704, '2026-03-09 14:31:24'),
(9, 3, 14.04626463, 121.20181704, '2026-03-09 14:31:32'),
(10, 3, 14.04626463, 121.20181704, '2026-03-09 14:31:32'),
(11, 6, 14.04626631, 121.20181803, '2026-03-09 14:40:42'),
(12, 6, 14.04626631, 121.20181803, '2026-03-09 14:40:42'),
(13, 6, 14.04626631, 121.20181803, '2026-03-09 14:41:03'),
(14, 6, 14.04626631, 121.20181803, '2026-03-09 14:41:03'),
(15, 6, 14.04627921, 121.20181637, '2026-03-09 14:41:14'),
(16, 6, 14.04627921, 121.20181637, '2026-03-09 14:41:14'),
(17, 3, 14.04627921, 121.20181637, '2026-03-09 14:41:25'),
(18, 3, 14.04627921, 121.20181637, '2026-03-09 14:41:25'),
(19, 7, 14.04626319, 121.20182149, '2026-03-09 16:52:12'),
(20, 7, 14.04627604, 121.20181867, '2026-03-09 16:52:22'),
(21, 7, 14.04627604, 121.20181867, '2026-03-09 16:52:27'),
(22, 7, 14.04627604, 121.20181867, '2026-03-09 16:52:37'),
(23, 7, 14.04628507, 121.20181520, '2026-03-09 16:52:47'),
(24, 7, 14.04628507, 121.20181520, '2026-03-09 16:52:52'),
(25, 7, 14.04628507, 121.20181520, '2026-03-09 16:52:57'),
(26, 7, 14.04628507, 121.20181520, '2026-03-09 16:53:02'),
(27, 7, 14.04628507, 121.20181520, '2026-03-09 16:53:07'),
(28, 7, 14.04628507, 121.20181520, '2026-03-09 16:53:17'),
(29, 7, 14.04628507, 121.20181520, '2026-03-09 16:53:22'),
(30, 7, 14.04628507, 121.20181520, '2026-03-09 16:53:32'),
(31, 7, 14.04628507, 121.20181520, '2026-03-09 16:53:42'),
(32, 7, 14.04628507, 121.20181520, '2026-03-09 16:53:47'),
(33, 7, 14.04627807, 121.20181738, '2026-03-09 16:53:57'),
(34, 7, 14.04627128, 121.20181881, '2026-03-09 16:54:22'),
(35, 7, 14.04627128, 121.20181881, '2026-03-09 16:54:31'),
(36, 7, 14.04627128, 121.20181881, '2026-03-09 16:54:37'),
(37, 7, 14.04627788, 121.20181593, '2026-03-09 16:54:46'),
(38, 7, 14.04627788, 121.20181593, '2026-03-09 16:54:51'),
(39, 7, 14.04627788, 121.20181593, '2026-03-09 16:54:56'),
(40, 7, 14.04627788, 121.20181593, '2026-03-09 16:55:01'),
(41, 7, 14.04627788, 121.20181593, '2026-03-09 16:55:06'),
(42, 7, 14.04627788, 121.20181593, '2026-03-09 16:55:17'),
(43, 7, 14.04627788, 121.20181593, '2026-03-09 16:55:22'),
(44, 7, 14.04627788, 121.20181593, '2026-03-09 16:55:27'),
(45, 7, 14.04627788, 121.20181593, '2026-03-09 16:55:37'),
(46, 7, 14.04630912, 121.20181053, '2026-03-09 16:55:47'),
(47, 7, 14.04630912, 121.20181053, '2026-03-09 16:55:54'),
(48, 7, 14.04630912, 121.20181053, '2026-03-09 16:56:02'),
(49, 7, 14.04630912, 121.20181053, '2026-03-09 16:56:07'),
(50, 7, 14.04630912, 121.20181053, '2026-03-09 16:56:17'),
(51, 7, 14.04628236, 121.20181501, '2026-03-09 16:56:26'),
(52, 7, 14.04628236, 121.20181501, '2026-03-09 16:56:31'),
(53, 7, 14.04628236, 121.20181501, '2026-03-09 16:56:42'),
(54, 7, 14.04628236, 121.20181501, '2026-03-09 16:56:47'),
(55, 7, 14.04628236, 121.20181501, '2026-03-09 16:56:52'),
(56, 7, 14.04628236, 121.20181501, '2026-03-09 16:56:57'),
(57, 7, 14.04628236, 121.20181501, '2026-03-09 16:57:07'),
(58, 7, 14.04628438, 121.20181463, '2026-03-09 16:57:18'),
(59, 7, 14.04629153, 121.20181655, '2026-03-09 16:57:28'),
(60, 7, 14.04629153, 121.20181655, '2026-03-09 16:57:33'),
(61, 7, 14.04629153, 121.20181655, '2026-03-09 16:57:38'),
(62, 7, 14.04629153, 121.20181655, '2026-03-09 16:57:43'),
(63, 7, 14.04629153, 121.20181655, '2026-03-09 16:57:53'),
(64, 7, 14.04629153, 121.20181655, '2026-03-09 16:57:58'),
(65, 7, 14.04629153, 121.20181655, '2026-03-09 16:58:08'),
(66, 7, 14.04629153, 121.20181655, '2026-03-09 16:58:18'),
(67, 7, 14.04629153, 121.20181655, '2026-03-09 16:58:23'),
(68, 7, 14.04629153, 121.20181655, '2026-03-09 16:58:54'),
(69, 7, 14.04629153, 121.20181655, '2026-03-09 16:59:54'),
(70, 7, 14.04629153, 121.20181655, '2026-03-09 17:00:08'),
(71, 7, 14.04629827, 121.20181882, '2026-03-09 17:00:16'),
(72, 2, 14.04629827, 121.20181882, '2026-03-09 17:00:31'),
(73, 7, 14.04629827, 121.20181882, '2026-03-09 17:00:42'),
(74, 7, 14.04629827, 121.20181882, '2026-03-09 17:00:52'),
(75, 7, 14.04629827, 121.20181882, '2026-03-09 17:01:02'),
(76, 7, 14.04629827, 121.20181882, '2026-03-09 17:01:12'),
(77, 7, 14.04629827, 121.20181882, '2026-03-09 17:01:22'),
(78, 7, 14.04629827, 121.20181882, '2026-03-09 17:01:32'),
(79, 7, 14.04629827, 121.20181882, '2026-03-09 17:01:37'),
(80, 7, 14.04629827, 121.20181882, '2026-03-09 17:01:42'),
(81, 7, 14.04629827, 121.20181882, '2026-03-09 17:01:47'),
(82, 7, 14.04629827, 121.20181882, '2026-03-09 17:01:53'),
(83, 7, 14.04629827, 121.20181882, '2026-03-09 17:02:01'),
(84, 7, 14.04629827, 121.20181882, '2026-03-09 17:02:11'),
(85, 7, 14.04629827, 121.20181882, '2026-03-09 17:02:16'),
(86, 7, 14.04629827, 121.20181882, '2026-03-09 17:02:21'),
(87, 7, 14.04629827, 121.20181882, '2026-03-09 17:02:26'),
(88, 7, 14.04629827, 121.20181882, '2026-03-09 17:02:36'),
(89, 7, 14.04639229, 121.20179630, '2026-03-09 17:02:42'),
(90, 7, 14.04639229, 121.20179630, '2026-03-09 17:02:52'),
(91, 7, 14.04639229, 121.20179630, '2026-03-09 17:03:02'),
(92, 7, 14.04639229, 121.20179630, '2026-03-09 17:03:07'),
(93, 7, 14.04639229, 121.20179630, '2026-03-09 17:03:17'),
(94, 7, 14.04639229, 121.20179630, '2026-03-09 17:03:22'),
(95, 7, 14.04639229, 121.20179630, '2026-03-09 17:03:27'),
(96, 7, 14.04639229, 121.20179630, '2026-03-09 17:03:32'),
(97, 7, 14.04639229, 121.20179630, '2026-03-09 17:03:54'),
(98, 7, 14.04639229, 121.20179630, '2026-03-09 17:04:54'),
(99, 7, 14.04639229, 121.20179630, '2026-03-09 17:05:54'),
(100, 7, 14.04639229, 121.20179630, '2026-03-09 17:06:54'),
(101, 7, 14.04639229, 121.20179630, '2026-03-09 17:07:54'),
(102, 7, 14.04639229, 121.20179630, '2026-03-09 17:08:54'),
(103, 7, 14.04639229, 121.20179630, '2026-03-09 17:09:54'),
(104, 7, 14.04639229, 121.20179630, '2026-03-09 17:10:54'),
(105, 7, 14.04639229, 121.20179630, '2026-03-09 17:11:54'),
(106, 7, 14.04639229, 121.20179630, '2026-03-09 17:12:54'),
(107, 7, 14.04639229, 121.20179630, '2026-03-09 17:13:54'),
(108, 7, 14.04639229, 121.20179630, '2026-03-09 17:14:54'),
(109, 7, 14.04639229, 121.20179630, '2026-03-09 17:15:54'),
(110, 7, 14.04639229, 121.20179630, '2026-03-09 17:16:54'),
(111, 7, 14.04639229, 121.20179630, '2026-03-09 17:17:54'),
(112, 7, 14.04639229, 121.20179630, '2026-03-09 17:18:54'),
(113, 7, 14.04639229, 121.20179630, '2026-03-09 17:19:54'),
(114, 7, 14.04639229, 121.20179630, '2026-03-09 17:20:54'),
(115, 7, 14.04639229, 121.20179630, '2026-03-09 17:21:48'),
(116, 7, 14.04629827, 121.20181882, '2026-03-09 17:22:12'),
(117, 7, 14.04629827, 121.20181882, '2026-03-09 17:22:22'),
(118, 3, 14.04629827, 121.20181882, '2026-03-09 17:22:30'),
(119, 3, 14.04629827, 121.20181882, '2026-03-09 17:22:36'),
(120, 3, 14.04629827, 121.20181882, '2026-03-09 17:22:46'),
(121, 3, 14.04629827, 121.20181882, '2026-03-09 17:22:55'),
(122, 3, 14.04629827, 121.20181882, '2026-03-09 17:23:01'),
(123, 3, 14.04629827, 121.20181882, '2026-03-09 17:23:10'),
(124, 3, 14.04629827, 121.20181882, '2026-03-09 17:23:15'),
(125, 7, 14.04629827, 121.20181882, '2026-03-09 17:25:40'),
(126, 7, 14.04629827, 121.20181882, '2026-03-09 17:25:50'),
(127, 7, 14.04629827, 121.20181882, '2026-03-09 17:26:00'),
(128, 7, 14.04629827, 121.20181882, '2026-03-09 17:26:05'),
(129, 7, 14.04629827, 121.20181882, '2026-03-09 17:26:10'),
(130, 7, 14.04629827, 121.20181882, '2026-03-09 17:26:19'),
(131, 7, 14.04629827, 121.20181882, '2026-03-09 17:26:30'),
(132, 7, 14.04629827, 121.20181882, '2026-03-09 17:26:35'),
(133, 8, 14.04629827, 121.20181882, '2026-03-09 17:56:07'),
(134, 8, 14.04629827, 121.20181882, '2026-03-09 17:56:12'),
(135, 8, 14.04629827, 121.20181882, '2026-03-09 17:56:22'),
(136, 8, 14.04629827, 121.20181882, '2026-03-09 17:56:32'),
(137, 7, 14.09126300, 121.14393600, '2026-03-11 02:19:07'),
(138, 7, 14.09126300, 121.14393600, '2026-03-11 02:19:11'),
(139, 7, 14.09126300, 121.14393600, '2026-03-11 02:19:21'),
(140, 7, 14.09126300, 121.14393600, '2026-03-11 02:19:27'),
(141, 7, 14.09126300, 121.14393600, '2026-03-11 02:19:36'),
(142, 7, 14.09126300, 121.14393600, '2026-03-11 02:19:46'),
(143, 7, 14.09125043, 121.14393600, '2026-03-11 02:19:51'),
(144, 7, 14.09120849, 121.14398915, '2026-03-11 02:20:01'),
(145, 7, 14.09120849, 121.14398915, '2026-03-11 02:20:06'),
(146, 7, 14.09120849, 121.14398915, '2026-03-11 02:20:11'),
(147, 7, 14.09120849, 121.14398915, '2026-03-11 02:20:21'),
(148, 7, 14.04634830, 121.20179500, '2026-03-11 13:50:32'),
(149, 7, 14.04621830, 121.20191500, '2026-03-11 13:50:37'),
(150, 7, 14.04619670, 121.20189330, '2026-03-11 13:50:42'),
(151, 7, 14.04619670, 121.20189330, '2026-03-11 13:50:47'),
(152, 7, 14.04620170, 121.20186830, '2026-03-11 13:50:57'),
(153, 7, 14.04619670, 121.20187170, '2026-03-11 13:51:02'),
(154, 7, 14.04619830, 121.20187500, '2026-03-11 13:51:07'),
(155, 7, 14.04619830, 121.20187500, '2026-03-11 13:51:13'),
(156, 7, 14.04616830, 121.20196670, '2026-03-11 13:51:22'),
(157, 7, 14.04624670, 121.20198670, '2026-03-11 13:51:43'),
(158, 7, 14.04624670, 121.20198670, '2026-03-11 13:51:52'),
(159, 7, 14.04624670, 121.20198670, '2026-03-11 13:51:57'),
(160, 7, 14.04624670, 121.20198670, '2026-03-11 13:52:02'),
(161, 7, 14.04624670, 121.20198670, '2026-03-11 13:52:08'),
(162, 7, 14.04624670, 121.20198670, '2026-03-11 13:52:12'),
(163, 7, 14.04624000, 121.20196170, '2026-03-11 13:52:17'),
(164, 7, 14.04618330, 121.20192830, '2026-03-11 13:52:22'),
(165, 7, 14.04617330, 121.20188170, '2026-03-11 13:52:27'),
(166, 7, 14.04627170, 121.20181670, '2026-03-11 13:52:37'),
(167, 7, 14.04633500, 121.20180000, '2026-03-11 13:52:42'),
(168, 7, 14.04644020, 121.20176790, '2026-03-11 13:52:53'),
(169, 7, 14.04648300, 121.20175400, '2026-03-11 13:52:58'),
(170, 7, 14.04653600, 121.20174300, '2026-03-11 13:53:02'),
(171, 7, 14.04664250, 121.20171700, '2026-03-11 13:53:12'),
(172, 7, 14.04675590, 121.20170020, '2026-03-11 13:53:22'),
(173, 7, 14.04681150, 121.20167630, '2026-03-11 13:53:27'),
(174, 7, 14.04689030, 121.20164750, '2026-03-11 13:53:36'),
(175, 7, 14.04700090, 121.20162430, '2026-03-11 13:53:46'),
(176, 7, 14.04705090, 121.20160240, '2026-03-11 13:53:51'),
(177, 7, 14.04701120, 121.20161440, '2026-03-11 13:53:56'),
(178, 7, 14.04689160, 121.20165460, '2026-03-11 13:54:06'),
(179, 7, 14.04682320, 121.20168390, '2026-03-11 13:54:11'),
(180, 7, 14.04676560, 121.20170080, '2026-03-11 13:54:16'),
(181, 7, 14.04672410, 121.20171780, '2026-03-11 13:54:21'),
(182, 7, 14.04641470, 121.20177790, '2026-03-11 13:54:41'),
(183, 7, 14.04635160, 121.20178830, '2026-03-11 13:54:50'),
(184, 7, 14.04628310, 121.20183220, '2026-03-11 13:54:55'),
(185, 7, 14.04623210, 121.20186730, '2026-03-11 13:55:00'),
(186, 7, 14.04623970, 121.20190300, '2026-03-11 13:55:05'),
(187, 7, 14.04622650, 121.20195180, '2026-03-11 13:55:10'),
(188, 7, 14.04622920, 121.20198220, '2026-03-11 13:55:15'),
(189, 7, 14.04617260, 121.20198800, '2026-03-11 13:55:35'),
(190, 7, 14.04617640, 121.20196990, '2026-03-11 13:55:40'),
(191, 7, 14.04617870, 121.20196060, '2026-03-11 13:55:50'),
(192, 7, 14.04617830, 121.20195710, '2026-03-11 13:55:55'),
(193, 10, 14.04618360, 121.20195080, '2026-03-11 13:56:12'),
(194, 10, 14.04621440, 121.20190220, '2026-03-11 13:56:22'),
(195, 10, 14.04622030, 121.20190380, '2026-03-11 13:56:32'),
(196, 10, 14.04622000, 121.20193830, '2026-03-11 13:56:37'),
(197, 10, 14.04622170, 121.20195800, '2026-03-11 13:56:42'),
(198, 10, 14.04622170, 121.20195670, '2026-03-11 13:56:47'),
(199, 10, 14.04622170, 121.20195670, '2026-03-11 13:56:52'),
(200, 10, 14.04622170, 121.20195670, '2026-03-11 13:56:57'),
(201, 10, 14.04622170, 121.20195670, '2026-03-11 13:57:02'),
(202, 10, 14.04622170, 121.20195670, '2026-03-11 13:57:07'),
(203, 10, 14.04620170, 121.20195310, '2026-03-11 13:57:13'),
(204, 10, 14.04623740, 121.20194660, '2026-03-11 13:57:23'),
(205, 10, 14.04622670, 121.20189750, '2026-03-11 13:57:28'),
(206, 10, 14.04620920, 121.20190910, '2026-03-11 13:57:33'),
(207, 10, 14.04620520, 121.20192490, '2026-03-11 13:57:38'),
(208, 8, 14.04620000, 121.20192670, '2026-03-11 13:57:45'),
(209, 8, 14.04619770, 121.20192360, '2026-03-11 13:57:50'),
(210, 8, 14.04622700, 121.20191380, '2026-03-11 13:57:55'),
(211, 8, 14.04620990, 121.20191240, '2026-03-11 13:58:00'),
(212, 8, 14.04621010, 121.20192540, '2026-03-11 13:58:10'),
(213, 8, 14.04620870, 121.20192870, '2026-03-11 13:58:15'),
(214, 8, 14.04620740, 121.20193800, '2026-03-11 13:58:20'),
(215, 8, 14.04620570, 121.20195180, '2026-03-11 13:58:30'),
(216, 8, 14.04620750, 121.20195200, '2026-03-11 13:58:35'),
(217, 8, 14.04620620, 121.20195100, '2026-03-11 13:58:40'),
(218, 8, 14.04620220, 121.20194760, '2026-03-11 13:58:45'),
(219, 8, 14.04622170, 121.20192650, '2026-03-11 13:58:55'),
(220, 8, 14.04622690, 121.20187960, '2026-03-11 13:59:00'),
(221, 8, 14.04625340, 121.20183520, '2026-03-11 13:59:05'),
(222, 8, 14.04629710, 121.20181220, '2026-03-11 13:59:10'),
(223, 8, 14.04635140, 121.20179210, '2026-03-11 13:59:15'),
(224, 8, 14.04639780, 121.20178220, '2026-03-11 13:59:20'),
(225, 8, 14.04644630, 121.20178100, '2026-03-11 13:59:25'),
(226, 8, 14.04649370, 121.20177110, '2026-03-11 13:59:30'),
(227, 8, 14.04654340, 121.20175710, '2026-03-11 13:59:35'),
(228, 8, 14.04658280, 121.20174370, '2026-03-11 13:59:40'),
(229, 8, 14.04662130, 121.20172880, '2026-03-11 13:59:45'),
(230, 8, 14.04666450, 121.20172250, '2026-03-11 13:59:50'),
(231, 8, 14.04669300, 121.20173130, '2026-03-11 13:59:55'),
(232, 8, 14.04674190, 121.20171140, '2026-03-11 14:00:00'),
(233, 8, 14.04677400, 121.20169530, '2026-03-11 14:00:05'),
(234, 8, 14.04687020, 121.20167360, '2026-03-11 14:00:15'),
(235, 8, 14.04691540, 121.20164910, '2026-03-11 14:00:20'),
(236, 8, 14.04695860, 121.20165450, '2026-03-11 14:00:25'),
(237, 8, 14.04699560, 121.20164070, '2026-03-11 14:00:30'),
(238, 8, 14.04707870, 121.20160660, '2026-03-11 14:00:40'),
(239, 8, 14.04712170, 121.20159400, '2026-03-11 14:00:45'),
(240, 8, 14.04717230, 121.20159680, '2026-03-11 14:00:50'),
(241, 8, 14.04721030, 121.20157970, '2026-03-11 14:00:55'),
(242, 8, 14.04718740, 121.20152300, '2026-03-11 14:01:00'),
(243, 8, 14.04713160, 121.20154440, '2026-03-11 14:01:05'),
(244, 8, 14.04701690, 121.20157970, '2026-03-11 14:01:15'),
(245, 8, 14.04696990, 121.20161910, '2026-03-11 14:01:20'),
(246, 8, 14.04692420, 121.20163570, '2026-03-11 14:01:25'),
(247, 8, 14.04687080, 121.20164910, '2026-03-11 14:01:30'),
(248, 8, 14.04676690, 121.20166430, '2026-03-11 14:01:40'),
(249, 8, 14.04671460, 121.20167160, '2026-03-11 14:01:45'),
(250, 8, 14.04667860, 121.20167760, '2026-03-11 14:01:50'),
(251, 8, 14.04664850, 121.20172280, '2026-03-11 14:01:55'),
(252, 8, 14.04661490, 121.20175140, '2026-03-11 14:02:00'),
(253, 8, 14.04655090, 121.20176170, '2026-03-11 14:02:05'),
(254, 8, 14.04649810, 121.20177170, '2026-03-11 14:02:10'),
(255, 8, 14.04645720, 121.20177780, '2026-03-11 14:02:15'),
(256, 8, 14.04640570, 121.20177980, '2026-03-11 14:02:20'),
(257, 8, 14.04635470, 121.20178810, '2026-03-11 14:02:25'),
(258, 8, 14.04630870, 121.20179080, '2026-03-11 14:02:30'),
(259, 8, 14.04626270, 121.20180130, '2026-03-11 14:02:35'),
(260, 8, 14.04624540, 121.20183410, '2026-03-11 14:02:40'),
(261, 8, 14.04624400, 121.20185110, '2026-03-11 14:02:45'),
(262, 8, 14.04626520, 121.20186040, '2026-03-11 14:02:50'),
(263, 8, 14.04626350, 121.20188780, '2026-03-11 14:02:55'),
(264, 8, 14.04625340, 121.20189470, '2026-03-11 14:03:00'),
(265, 8, 14.04624830, 121.20189700, '2026-03-11 14:03:05'),
(266, 8, 14.04624640, 121.20189930, '2026-03-11 14:03:10'),
(267, 8, 14.04623840, 121.20190010, '2026-03-11 14:03:15'),
(268, 8, 14.04622640, 121.20190340, '2026-03-11 14:03:20'),
(269, 7, 14.04628737, 121.20181538, '2026-03-11 15:50:33'),
(270, 7, 14.04628737, 121.20181538, '2026-03-11 15:50:38'),
(271, 7, 14.04628737, 121.20181538, '2026-03-11 15:50:48'),
(272, 7, 14.04628737, 121.20181538, '2026-03-11 15:50:54'),
(273, 7, 14.04628737, 121.20181538, '2026-03-11 15:50:59'),
(274, 7, 14.04630802, 121.20180757, '2026-03-11 15:51:08'),
(275, 7, 14.04630802, 121.20180757, '2026-03-11 15:51:14'),
(276, 7, 14.04630802, 121.20180757, '2026-03-11 15:51:23'),
(277, 7, 14.04630802, 121.20180757, '2026-03-11 15:51:29'),
(278, 7, 14.04630802, 121.20180757, '2026-03-11 15:51:34'),
(279, 7, 14.04630802, 121.20180757, '2026-03-11 15:51:39'),
(280, 7, 14.04631233, 121.20180552, '2026-03-11 15:51:48'),
(281, 7, 14.04631233, 121.20180552, '2026-03-11 15:51:53'),
(282, 7, 14.04631233, 121.20180552, '2026-03-11 15:51:58'),
(283, 7, 14.04628691, 121.20181770, '2026-03-11 15:52:03'),
(284, 7, 14.04628691, 121.20181770, '2026-03-11 15:52:13'),
(285, 7, 14.04628691, 121.20181770, '2026-03-11 15:52:18'),
(286, 3, 14.04635624, 121.20180014, '2026-03-11 15:52:27'),
(287, 2, 14.04635624, 121.20180014, '2026-03-11 15:52:42'),
(288, 10, 14.04627450, 121.20182350, '2026-03-11 16:08:55'),
(289, 10, 14.04627450, 121.20182350, '2026-03-11 16:09:04'),
(290, 10, 14.04627450, 121.20182350, '2026-03-11 16:09:09'),
(291, 10, 14.04627450, 121.20182350, '2026-03-11 16:09:14'),
(292, 10, 14.04627450, 121.20182350, '2026-03-11 16:09:19'),
(293, 10, 14.04627450, 121.20182350, '2026-03-11 16:09:24'),
(294, 10, 14.04627450, 121.20182350, '2026-03-11 16:09:34'),
(295, 10, 14.04627450, 121.20182350, '2026-03-11 16:09:39'),
(296, 10, 14.04627450, 121.20182350, '2026-03-11 16:09:49'),
(297, 10, 14.04627450, 121.20182350, '2026-03-11 16:09:59'),
(298, 10, 14.04627450, 121.20182350, '2026-03-11 16:10:04'),
(299, 10, 14.04627450, 121.20182350, '2026-03-11 16:10:54'),
(300, 10, 14.04627450, 121.20182350, '2026-03-11 16:11:46'),
(301, 10, 14.04636832, 121.20179499, '2026-03-11 16:15:57'),
(302, 10, 14.04635728, 121.20179658, '2026-03-11 16:16:06'),
(303, 10, 14.04635728, 121.20179658, '2026-03-11 16:16:16'),
(304, 8, 14.04637828, 121.20179360, '2026-03-11 16:16:27'),
(305, 8, 14.04627360, 121.20181833, '2026-03-11 16:16:32'),
(306, 8, 14.04627360, 121.20181833, '2026-03-11 16:16:37'),
(307, 9, 14.04626771, 121.20181906, '2026-03-11 16:16:48'),
(308, 9, 14.04626771, 121.20181906, '2026-03-11 16:16:58'),
(309, 9, 14.04626771, 121.20181906, '2026-03-11 16:17:03'),
(310, 9, 14.04626771, 121.20181906, '2026-03-11 16:17:08'),
(311, 9, 14.04626771, 121.20181906, '2026-03-11 16:17:13'),
(312, 9, 14.04626771, 121.20181906, '2026-03-11 16:17:23'),
(313, 9, 14.04626771, 121.20181906, '2026-03-11 16:17:33'),
(314, 9, 14.04626771, 121.20181906, '2026-03-11 16:17:38'),
(315, 9, 14.04626771, 121.20181906, '2026-03-11 16:17:43'),
(316, 9, 14.04626771, 121.20181906, '2026-03-11 16:17:48'),
(317, 9, 14.04626771, 121.20181906, '2026-03-11 16:17:53'),
(318, 9, 14.04626771, 121.20181906, '2026-03-11 16:18:03'),
(319, 9, 14.04626771, 121.20181906, '2026-03-11 16:18:54'),
(320, 9, 14.04626771, 121.20181906, '2026-03-11 16:19:54'),
(321, 9, 14.04626771, 121.20181906, '2026-03-11 16:20:54'),
(322, 9, 14.04626771, 121.20181906, '2026-03-11 16:21:54'),
(323, 9, 14.04626771, 121.20181906, '2026-03-11 16:22:54'),
(324, 9, 14.04626771, 121.20181906, '2026-03-11 16:23:54'),
(325, 9, 14.04626771, 121.20181906, '2026-03-11 16:24:54'),
(326, 9, 14.04626771, 121.20181906, '2026-03-11 16:25:54'),
(327, 9, 14.04626771, 121.20181906, '2026-03-11 16:26:54'),
(328, 10, 14.04628896, 121.20181330, '2026-03-11 16:39:28'),
(329, 10, 14.04628770, 121.20181357, '2026-03-11 16:39:39'),
(330, 10, 14.04628770, 121.20181357, '2026-03-11 16:39:44'),
(331, 10, 14.04628770, 121.20181357, '2026-03-11 16:39:54'),
(332, 10, 14.04628770, 121.20181357, '2026-03-11 16:39:59'),
(333, 10, 14.04628770, 121.20181357, '2026-03-11 16:40:09'),
(334, 10, 14.04628770, 121.20181357, '2026-03-11 16:40:19'),
(335, 10, 14.04628770, 121.20181357, '2026-03-11 16:40:24'),
(336, 10, 14.04628770, 121.20181357, '2026-03-11 16:40:34'),
(337, 10, 14.04628770, 121.20181357, '2026-03-11 16:40:54'),
(338, 10, 14.04628770, 121.20181357, '2026-03-11 16:41:54'),
(339, 10, 14.04628770, 121.20181357, '2026-03-11 16:42:54'),
(340, 10, 14.04628770, 121.20181357, '2026-03-11 16:43:54'),
(341, 10, 14.04628770, 121.20181357, '2026-03-11 16:44:54'),
(342, 10, 14.04628770, 121.20181357, '2026-03-11 16:45:54'),
(343, 10, 14.04628770, 121.20181357, '2026-03-11 16:46:54'),
(344, 10, 14.04628770, 121.20181357, '2026-03-11 16:47:54'),
(345, 10, 14.04628770, 121.20181357, '2026-03-11 16:48:54'),
(346, 10, 14.04628770, 121.20181357, '2026-03-11 16:49:54'),
(347, 10, 14.04628770, 121.20181357, '2026-03-11 16:50:54'),
(348, 10, 14.04628770, 121.20181357, '2026-03-11 16:51:54'),
(349, 10, 14.04628770, 121.20181357, '2026-03-11 16:52:54'),
(350, 10, 14.04628770, 121.20181357, '2026-03-11 16:53:54'),
(351, 10, 14.04628770, 121.20181357, '2026-03-11 16:54:54'),
(352, 10, 14.04628770, 121.20181357, '2026-03-11 16:55:54'),
(353, 10, 14.04628770, 121.20181357, '2026-03-11 16:56:54'),
(354, 10, 14.04628770, 121.20181357, '2026-03-11 16:57:54'),
(355, 10, 14.04628770, 121.20181357, '2026-03-11 16:58:54'),
(356, 10, 14.04628770, 121.20181357, '2026-03-11 16:59:54'),
(357, 10, 14.04628770, 121.20181357, '2026-03-11 17:00:54'),
(358, 10, 14.04628770, 121.20181357, '2026-03-11 17:01:54'),
(359, 10, 14.04628770, 121.20181357, '2026-03-11 17:02:54'),
(360, 10, 14.04628770, 121.20181357, '2026-03-11 17:03:54'),
(361, 10, 14.04628770, 121.20181357, '2026-03-11 17:04:54'),
(362, 10, 14.04628770, 121.20181357, '2026-03-11 17:05:54'),
(363, 10, 14.04628770, 121.20181357, '2026-03-11 17:06:36'),
(364, 7, 14.04626281, 121.20182393, '2026-03-11 17:28:29'),
(365, 7, 14.04627959, 121.20181948, '2026-03-11 17:28:39'),
(366, 7, 14.04627959, 121.20181948, '2026-03-11 17:28:49'),
(367, 10, 14.04627959, 121.20181948, '2026-03-11 17:29:00'),
(368, 10, 14.04627959, 121.20181948, '2026-03-11 17:29:06'),
(369, 7, 14.04626014, 121.20181942, '2026-03-11 17:37:14'),
(370, 6, 14.04627921, 121.20181637, '2026-03-11 17:39:24'),
(371, 6, 14.04627921, 121.20181637, '2026-03-11 17:39:32'),
(372, 6, 14.04625819, 121.20182353, '2026-03-11 17:39:42'),
(373, 6, 14.04625819, 121.20182353, '2026-03-11 17:39:52'),
(374, 6, 14.04625819, 121.20182353, '2026-03-11 17:40:02'),
(375, 6, 14.04625819, 121.20182353, '2026-03-11 17:40:08'),
(376, 6, 14.04625819, 121.20182353, '2026-03-11 17:40:13'),
(377, 6, 14.04634035, 121.20180200, '2026-03-11 17:40:21'),
(378, 6, 14.04634035, 121.20180200, '2026-03-11 17:40:27'),
(379, 6, 14.04631854, 121.20180796, '2026-03-11 17:40:36'),
(380, 6, 14.04626504, 121.20181989, '2026-03-11 17:40:41'),
(381, 6, 14.04626504, 121.20181989, '2026-03-11 17:40:46'),
(382, 6, 14.04626504, 121.20181989, '2026-03-11 17:40:56'),
(383, 6, 14.04626504, 121.20181989, '2026-03-11 17:41:06'),
(384, 6, 14.04626504, 121.20181989, '2026-03-11 17:41:16'),
(385, 6, 14.04626504, 121.20181989, '2026-03-11 17:41:26'),
(386, 6, 14.04627162, 121.20181968, '2026-03-11 17:41:31'),
(387, 6, 14.04627162, 121.20181968, '2026-03-11 17:41:41'),
(388, 6, 14.04627162, 121.20181968, '2026-03-11 17:41:51'),
(389, 6, 14.04627162, 121.20181968, '2026-03-11 17:42:01'),
(390, 6, 14.04627162, 121.20181968, '2026-03-11 17:42:06'),
(391, 6, 14.04627162, 121.20181968, '2026-03-11 17:42:11'),
(392, 6, 14.04627162, 121.20181968, '2026-03-11 17:42:21'),
(393, 6, 14.04627162, 121.20181968, '2026-03-11 17:42:39'),
(394, 6, 14.04627108, 121.20182129, '2026-03-11 17:42:46'),
(395, 6, 14.04627108, 121.20182129, '2026-03-11 17:42:58'),
(396, 6, 14.04627108, 121.20182129, '2026-03-11 17:43:05'),
(397, 6, 14.04627108, 121.20182129, '2026-03-11 17:43:13'),
(398, 6, 14.04627108, 121.20182129, '2026-03-11 17:43:18'),
(399, 6, 14.04627108, 121.20182129, '2026-03-11 17:43:28'),
(400, 6, 14.04627108, 121.20182129, '2026-03-11 17:43:33'),
(401, 6, 14.04627108, 121.20182129, '2026-03-11 17:43:38'),
(402, 6, 14.04627108, 121.20182129, '2026-03-11 17:43:48'),
(403, 6, 14.04627108, 121.20182129, '2026-03-11 17:43:58'),
(404, 6, 14.04627108, 121.20182129, '2026-03-11 17:44:03'),
(405, 6, 14.04628149, 121.20182065, '2026-03-11 17:44:13'),
(406, 6, 14.04627959, 121.20181948, '2026-03-11 17:44:23'),
(407, 6, 14.04627959, 121.20181948, '2026-03-11 17:44:28'),
(408, 6, 14.04627959, 121.20181948, '2026-03-11 17:44:34'),
(409, 6, 14.04627959, 121.20181948, '2026-03-11 17:44:43'),
(410, 6, 14.04627959, 121.20181948, '2026-03-11 17:44:48'),
(411, 9, 14.04627959, 121.20181948, '2026-03-11 17:45:09'),
(412, 9, 14.04627959, 121.20181948, '2026-03-11 17:45:28'),
(413, 6, 14.04627743, 121.20181677, '2026-03-11 17:45:54'),
(414, 5, 14.04627743, 121.20181677, '2026-03-11 17:46:03'),
(415, 3, 14.04627743, 121.20181677, '2026-03-11 17:46:17'),
(416, 11, 14.04628440, 121.20181745, '2026-03-11 17:48:07'),
(417, 11, 14.04628440, 121.20181745, '2026-03-11 17:48:17'),
(418, 11, 14.04628440, 121.20181745, '2026-03-11 17:48:23'),
(419, 11, 14.04628440, 121.20181745, '2026-03-11 17:48:33'),
(420, 11, 14.04626743, 121.20182281, '2026-03-11 17:48:43'),
(421, 11, 14.04626743, 121.20182281, '2026-03-11 17:48:53'),
(422, 11, 14.04626743, 121.20182281, '2026-03-11 17:48:58'),
(423, 11, 14.04626743, 121.20182281, '2026-03-11 17:49:03'),
(424, 11, 14.04626743, 121.20182281, '2026-03-11 17:49:13'),
(425, 11, 14.04626743, 121.20182281, '2026-03-11 17:49:18'),
(426, 11, 14.04626743, 121.20182281, '2026-03-11 17:49:23'),
(427, 11, 14.04626743, 121.20182281, '2026-03-11 17:49:33'),
(428, 11, 14.04626743, 121.20182281, '2026-03-11 17:49:38'),
(429, 11, 14.04626743, 121.20182281, '2026-03-11 17:49:54'),
(430, 11, 14.04626743, 121.20182281, '2026-03-11 17:50:10'),
(431, 11, 14.04626344, 121.20182026, '2026-03-11 17:50:17'),
(432, 11, 14.04629589, 121.20181234, '2026-03-11 17:50:27'),
(433, 12, 14.04627293, 121.20181842, '2026-03-11 17:54:59'),
(434, 12, 14.04627293, 121.20181842, '2026-03-11 17:55:09'),
(435, 16, 14.04629827, 121.20181882, '2026-03-11 19:35:18'),
(436, 16, 14.04629827, 121.20181882, '2026-03-11 19:35:23'),
(437, 16, 14.04627743, 121.20181677, '2026-03-11 19:35:33'),
(438, 16, 14.04627743, 121.20181677, '2026-03-11 19:35:38'),
(439, 16, 14.04627743, 121.20181677, '2026-03-11 19:35:43'),
(440, 16, 14.04627788, 121.20181593, '2026-03-11 19:35:53'),
(441, 16, 14.04627788, 121.20181593, '2026-03-11 19:35:58'),
(442, 16, 14.04626512, 121.20181659, '2026-03-11 19:36:08'),
(443, 16, 14.04626512, 121.20181659, '2026-03-11 19:36:18'),
(444, 16, 14.04626512, 121.20181659, '2026-03-11 19:36:28'),
(445, 16, 14.04627788, 121.20181593, '2026-03-11 19:36:38'),
(446, 16, 14.04627788, 121.20181593, '2026-03-11 19:36:48'),
(447, 16, 14.04627788, 121.20181593, '2026-03-11 19:36:58'),
(448, 16, 14.04627788, 121.20181593, '2026-03-11 19:37:03'),
(449, 16, 14.04632946, 121.20180344, '2026-03-11 19:37:13'),
(450, 16, 14.04632946, 121.20180344, '2026-03-11 19:37:18'),
(451, 16, 14.04632946, 121.20180344, '2026-03-11 19:37:23'),
(452, 16, 14.04632946, 121.20180344, '2026-03-11 19:37:28'),
(453, 16, 14.04632946, 121.20180344, '2026-03-11 19:37:33'),
(454, 16, 14.04631117, 121.20180860, '2026-03-11 19:37:38'),
(455, 16, 14.04631117, 121.20180860, '2026-03-11 19:37:48'),
(456, 16, 14.04626344, 121.20182026, '2026-03-11 19:37:58'),
(457, 16, 14.04626344, 121.20182026, '2026-03-11 19:38:03'),
(458, 16, 14.04626344, 121.20182026, '2026-03-11 19:38:13'),
(459, 16, 14.04628403, 121.20181694, '2026-03-11 19:38:23'),
(460, 16, 14.04628403, 121.20181694, '2026-03-11 19:38:28'),
(461, 16, 14.04628403, 121.20181694, '2026-03-11 19:38:38'),
(462, 16, 14.04628403, 121.20181694, '2026-03-11 19:38:48'),
(463, 16, 14.04628403, 121.20181694, '2026-03-11 19:38:53'),
(464, 16, 14.04627128, 121.20181881, '2026-03-11 19:39:03'),
(465, 16, 14.04627128, 121.20181881, '2026-03-11 19:39:08'),
(466, 16, 14.04632380, 121.20180591, '2026-03-11 19:39:13'),
(467, 16, 14.04632380, 121.20180591, '2026-03-11 19:39:23'),
(468, 16, 14.04632380, 121.20180591, '2026-03-11 19:39:28'),
(469, 16, 14.04632380, 121.20180591, '2026-03-11 19:39:33'),
(470, 16, 14.04632380, 121.20180591, '2026-03-11 19:39:38'),
(471, 16, 14.04632380, 121.20180591, '2026-03-11 19:39:43'),
(472, 16, 14.04633818, 121.20180465, '2026-03-11 19:39:53'),
(473, 16, 14.04633818, 121.20180465, '2026-03-11 19:39:58'),
(474, 16, 14.04634337, 121.20180068, '2026-03-11 19:40:08'),
(475, 16, 14.04634337, 121.20180068, '2026-03-11 19:40:13'),
(476, 16, 14.04634337, 121.20180068, '2026-03-11 19:40:18'),
(477, 16, 14.04630095, 121.20181197, '2026-03-11 19:40:28'),
(478, 16, 14.04631735, 121.20180583, '2026-03-11 19:40:38'),
(479, 16, 14.04631735, 121.20180583, '2026-03-11 19:40:43'),
(480, 16, 14.04633785, 121.20180214, '2026-03-11 19:40:48'),
(481, 16, 14.04633785, 121.20180214, '2026-03-11 19:40:53'),
(482, 16, 14.04633785, 121.20180214, '2026-03-11 19:41:03'),
(483, 16, 14.04633785, 121.20180214, '2026-03-11 19:41:08'),
(484, 16, 14.04633785, 121.20180214, '2026-03-11 19:41:18'),
(485, 16, 14.04632380, 121.20180591, '2026-03-11 19:41:23'),
(486, 16, 14.04632380, 121.20180591, '2026-03-11 19:41:28'),
(487, 16, 14.04632380, 121.20180591, '2026-03-11 19:41:38'),
(488, 16, 14.04627128, 121.20181881, '2026-03-11 19:41:48'),
(489, 16, 14.04627128, 121.20181881, '2026-03-11 19:41:53'),
(490, 16, 14.04627959, 121.20181948, '2026-03-11 19:42:03'),
(491, 16, 14.04627959, 121.20181948, '2026-03-11 19:42:13'),
(492, 16, 14.04627959, 121.20181948, '2026-03-11 19:42:23'),
(493, 16, 14.04627959, 121.20181948, '2026-03-11 19:42:28'),
(494, 16, 14.04627788, 121.20181593, '2026-03-11 19:42:38'),
(495, 16, 14.04627788, 121.20181593, '2026-03-11 19:42:43'),
(496, 16, 14.04627788, 121.20181593, '2026-03-11 19:42:53'),
(497, 16, 14.04633704, 121.20180225, '2026-03-11 19:43:03'),
(498, 16, 14.04633704, 121.20180225, '2026-03-11 19:43:08'),
(499, 16, 14.04635264, 121.20180343, '2026-03-11 19:43:13'),
(500, 16, 14.04633803, 121.20180472, '2026-03-11 19:43:23'),
(501, 16, 14.04633803, 121.20180472, '2026-03-11 19:43:28'),
(502, 16, 14.04633803, 121.20180472, '2026-03-11 19:43:33'),
(503, 16, 14.04633803, 121.20180472, '2026-03-11 19:43:38'),
(504, 16, 14.04634827, 121.20180343, '2026-03-11 19:43:48'),
(505, 16, 14.04634827, 121.20180343, '2026-03-11 19:43:53'),
(506, 16, 14.04634827, 121.20180343, '2026-03-11 19:43:58'),
(507, 16, 14.04626014, 121.20181942, '2026-03-11 19:44:08'),
(508, 16, 14.04631589, 121.20180485, '2026-03-11 19:44:18'),
(509, 16, 14.04631589, 121.20180485, '2026-03-11 19:44:23'),
(510, 16, 14.04631589, 121.20180485, '2026-03-11 19:44:28'),
(511, 16, 14.04633686, 121.20180226, '2026-03-11 19:44:38'),
(512, 16, 14.04633686, 121.20180226, '2026-03-11 19:44:43'),
(513, 16, 14.04635884, 121.20179505, '2026-03-11 19:44:48'),
(514, 16, 14.04635884, 121.20179505, '2026-03-11 19:44:53'),
(515, 16, 14.04633166, 121.20180330, '2026-03-11 19:45:03'),
(516, 16, 14.04633166, 121.20180330, '2026-03-11 19:45:08'),
(517, 16, 14.04631069, 121.20180919, '2026-03-11 19:45:13'),
(518, 16, 14.04631069, 121.20180919, '2026-03-11 19:45:18'),
(519, 16, 14.04626743, 121.20182281, '2026-03-11 19:45:23'),
(520, 16, 14.04626743, 121.20182281, '2026-03-11 19:45:33'),
(521, 16, 14.04626273, 121.20182119, '2026-03-11 19:45:38'),
(522, 16, 14.04626273, 121.20182119, '2026-03-11 19:45:43'),
(523, 16, 14.04627351, 121.20181921, '2026-03-11 19:45:53'),
(524, 16, 14.04627293, 121.20181842, '2026-03-11 19:46:03'),
(525, 16, 14.04627293, 121.20181842, '2026-03-11 19:46:08'),
(526, 16, 14.04627293, 121.20181842, '2026-03-11 19:46:13'),
(527, 16, 14.04626351, 121.20181689, '2026-03-11 19:46:23'),
(528, 16, 14.04626351, 121.20181689, '2026-03-11 19:46:33'),
(529, 16, 14.04627690, 121.20181604, '2026-03-11 19:46:43'),
(530, 16, 14.04627690, 121.20181604, '2026-03-11 19:46:48'),
(531, 16, 14.04629300, 121.20181522, '2026-03-11 19:46:58'),
(532, 16, 14.04629300, 121.20181522, '2026-03-11 19:47:03'),
(533, 16, 14.04628149, 121.20182065, '2026-03-11 19:47:13'),
(534, 16, 14.04628149, 121.20182065, '2026-03-11 19:47:23'),
(535, 16, 14.04628149, 121.20182065, '2026-03-11 19:47:28'),
(536, 16, 14.04628881, 121.20181717, '2026-03-11 19:47:38'),
(537, 16, 14.04628881, 121.20181717, '2026-03-11 19:47:43'),
(538, 16, 14.04628881, 121.20181717, '2026-03-11 19:47:53'),
(539, 16, 14.04628881, 121.20181717, '2026-03-11 19:47:58'),
(540, 16, 14.04628572, 121.20181652, '2026-03-11 19:48:08'),
(541, 16, 14.04628572, 121.20181652, '2026-03-11 19:48:13'),
(542, 16, 14.04628572, 121.20181652, '2026-03-11 19:48:18'),
(543, 16, 14.04628572, 121.20181652, '2026-03-11 19:48:28'),
(544, 16, 14.04627778, 121.20181998, '2026-03-11 19:48:33'),
(545, 16, 14.04627778, 121.20181998, '2026-03-11 19:48:43'),
(546, 16, 14.04625827, 121.20181981, '2026-03-11 19:48:53'),
(547, 16, 14.04625827, 121.20181981, '2026-03-11 19:49:03'),
(548, 16, 14.04625827, 121.20181981, '2026-03-11 19:49:08'),
(549, 16, 14.04625827, 121.20181981, '2026-03-11 19:49:13'),
(550, 16, 14.04625827, 121.20181981, '2026-03-11 19:49:23'),
(551, 16, 14.04626772, 121.20181756, '2026-03-11 19:49:33'),
(552, 16, 14.04626772, 121.20181756, '2026-03-11 19:49:38'),
(553, 16, 14.04627778, 121.20181998, '2026-03-11 19:49:48'),
(554, 16, 14.04627360, 121.20181742, '2026-03-11 19:49:58'),
(555, 16, 14.04627360, 121.20181742, '2026-03-11 19:50:03'),
(556, 16, 14.04627360, 121.20181742, '2026-03-11 19:50:08'),
(557, 16, 14.04627360, 121.20181742, '2026-03-11 19:50:13'),
(558, 16, 14.04626873, 121.20181680, '2026-03-11 19:50:18'),
(559, 16, 14.04626873, 121.20181680, '2026-03-11 19:50:28'),
(560, 16, 14.04625946, 121.20181905, '2026-03-11 19:50:33'),
(561, 16, 14.04625946, 121.20181905, '2026-03-11 19:50:43'),
(562, 16, 14.04625946, 121.20181905, '2026-03-11 19:50:53'),
(563, 16, 14.04625946, 121.20181905, '2026-03-11 19:50:58'),
(564, 16, 14.04627128, 121.20181881, '2026-03-11 19:51:08'),
(565, 16, 14.04627128, 121.20181881, '2026-03-11 19:51:13'),
(566, 16, 14.04627128, 121.20181881, '2026-03-11 19:51:18'),
(567, 16, 14.04627128, 121.20181881, '2026-03-11 19:51:28'),
(568, 16, 14.04627128, 121.20181881, '2026-03-11 19:51:33'),
(569, 16, 14.04628653, 121.20181641, '2026-03-11 19:51:43'),
(570, 16, 14.04628653, 121.20181641, '2026-03-11 19:51:48'),
(571, 16, 14.04626772, 121.20181756, '2026-03-11 19:51:58'),
(572, 16, 14.04626351, 121.20181689, '2026-03-11 19:52:08'),
(573, 16, 14.04634089, 121.20180077, '2026-03-11 19:52:18'),
(574, 16, 14.04634089, 121.20180077, '2026-03-11 19:52:23'),
(575, 16, 14.04632989, 121.20180209, '2026-03-11 19:52:33'),
(576, 16, 14.04636642, 121.20179979, '2026-03-11 19:52:43'),
(577, 16, 14.04627162, 121.20181968, '2026-03-11 19:52:53'),
(578, 16, 14.04627162, 121.20181968, '2026-03-11 19:53:03'),
(579, 16, 14.04625827, 121.20181981, '2026-03-11 19:53:08'),
(580, 16, 14.04625946, 121.20181905, '2026-03-11 19:53:18'),
(581, 16, 14.04625946, 121.20181905, '2026-03-11 19:53:23'),
(582, 16, 14.04625946, 121.20181905, '2026-03-11 19:53:28'),
(583, 16, 14.04626772, 121.20181756, '2026-03-11 19:53:38'),
(584, 16, 14.04628403, 121.20181694, '2026-03-11 19:53:43'),
(585, 16, 14.04628403, 121.20181694, '2026-03-11 19:53:48'),
(586, 16, 14.04625827, 121.20181981, '2026-03-11 19:53:58'),
(587, 16, 14.04625827, 121.20181981, '2026-03-11 19:54:03'),
(588, 16, 14.04625827, 121.20181981, '2026-03-11 19:54:08'),
(589, 16, 14.04625946, 121.20181905, '2026-03-11 19:54:18'),
(590, 16, 14.04625946, 121.20181905, '2026-03-11 19:54:28'),
(591, 16, 14.04627128, 121.20181881, '2026-03-11 19:54:33'),
(592, 16, 14.04627128, 121.20181881, '2026-03-11 19:54:43'),
(593, 16, 14.04627128, 121.20181881, '2026-03-11 19:54:53'),
(594, 16, 14.04627128, 121.20181881, '2026-03-11 19:54:58'),
(595, 16, 14.04627128, 121.20181881, '2026-03-11 19:55:03'),
(596, 16, 14.04633068, 121.20180502, '2026-03-11 19:55:08'),
(597, 16, 14.04631097, 121.20180718, '2026-03-11 19:55:18'),
(598, 16, 14.04631097, 121.20180718, '2026-03-11 19:55:23'),
(599, 16, 14.04631097, 121.20180718, '2026-03-11 19:55:33'),
(600, 16, 14.04626463, 121.20181704, '2026-03-11 19:55:43'),
(601, 16, 14.04626463, 121.20181704, '2026-03-11 19:55:48'),
(602, 16, 14.04627921, 121.20181637, '2026-03-11 19:55:58'),
(603, 16, 14.04627921, 121.20181637, '2026-03-11 19:56:03'),
(604, 16, 14.04633704, 121.20180225, '2026-03-11 19:56:08'),
(605, 16, 14.04632421, 121.20180583, '2026-03-11 19:56:18'),
(606, 16, 14.04632421, 121.20180583, '2026-03-11 19:56:23'),
(607, 16, 14.04632421, 121.20180583, '2026-03-11 19:56:28'),
(608, 16, 14.04633803, 121.20180472, '2026-03-11 19:56:38'),
(609, 16, 14.04626281, 121.20182393, '2026-03-11 19:56:48'),
(610, 16, 14.04626281, 121.20182393, '2026-03-11 19:56:58'),
(611, 16, 14.04626281, 121.20182393, '2026-03-11 19:57:03'),
(612, 16, 14.04625786, 121.20182097, '2026-03-11 19:57:08'),
(613, 16, 14.04626950, 121.20181719, '2026-03-11 19:57:18'),
(614, 16, 14.04626950, 121.20181719, '2026-03-11 19:57:23'),
(615, 16, 14.04626950, 121.20181719, '2026-03-11 19:57:33'),
(616, 16, 14.04628403, 121.20181694, '2026-03-11 19:57:43'),
(617, 16, 14.04628403, 121.20181694, '2026-03-11 19:57:48'),
(618, 16, 14.04627630, 121.20181627, '2026-03-11 19:57:53'),
(619, 16, 14.04626273, 121.20182119, '2026-03-11 19:58:03'),
(620, 16, 14.04626273, 121.20182119, '2026-03-11 19:58:13'),
(621, 16, 14.04626273, 121.20182119, '2026-03-11 19:58:18'),
(622, 16, 14.04626273, 121.20182119, '2026-03-11 19:58:23'),
(623, 16, 14.04624856, 121.20182311, '2026-03-11 19:58:28'),
(624, 16, 14.04624856, 121.20182311, '2026-03-11 19:58:33'),
(625, 16, 14.04625827, 121.20181981, '2026-03-11 19:58:43'),
(626, 16, 14.04625827, 121.20181981, '2026-03-11 19:58:53'),
(627, 16, 14.04625827, 121.20181981, '2026-03-11 19:58:58'),
(628, 16, 14.04627630, 121.20181627, '2026-03-11 19:59:03'),
(629, 16, 14.04627630, 121.20181627, '2026-03-11 19:59:13'),
(630, 16, 14.04627630, 121.20181627, '2026-03-11 19:59:18'),
(631, 16, 14.04627630, 121.20181627, '2026-03-11 19:59:28'),
(632, 16, 14.04627630, 121.20181627, '2026-03-11 19:59:38'),
(633, 16, 14.04627630, 121.20181627, '2026-03-11 19:59:43'),
(634, 16, 14.04627630, 121.20181627, '2026-03-11 19:59:53'),
(635, 16, 14.04627630, 121.20181627, '2026-03-11 19:59:58'),
(636, 16, 14.04627630, 121.20181627, '2026-03-11 20:00:08'),
(637, 16, 14.04627630, 121.20181627, '2026-03-11 20:00:13'),
(638, 16, 14.04627630, 121.20181627, '2026-03-11 20:00:23'),
(639, 16, 14.04628691, 121.20181770, '2026-03-11 20:00:28'),
(640, 16, 14.04627743, 121.20181677, '2026-03-11 20:00:38'),
(641, 16, 14.04627743, 121.20181677, '2026-03-11 20:00:48'),
(642, 16, 14.04627743, 121.20181677, '2026-03-11 20:00:53'),
(643, 16, 14.04627743, 121.20181677, '2026-03-11 20:00:58'),
(644, 16, 14.04627743, 121.20181677, '2026-03-11 20:01:08'),
(645, 16, 14.04627743, 121.20181677, '2026-03-11 20:01:13'),
(646, 16, 14.04627743, 121.20181677, '2026-03-11 20:01:23'),
(647, 16, 14.04626752, 121.20181826, '2026-03-11 20:01:28'),
(648, 16, 14.04626752, 121.20181826, '2026-03-11 20:01:33'),
(649, 16, 14.04626752, 121.20181826, '2026-03-11 20:01:43'),
(650, 16, 14.04626772, 121.20181756, '2026-03-11 20:01:53'),
(651, 16, 14.04626772, 121.20181756, '2026-03-11 20:01:58'),
(652, 16, 14.04629266, 121.20181770, '2026-03-11 20:02:03'),
(653, 16, 14.04628403, 121.20181694, '2026-03-11 20:02:13'),
(654, 16, 14.04628403, 121.20181694, '2026-03-11 20:02:23'),
(655, 16, 14.04628403, 121.20181694, '2026-03-11 20:02:33'),
(656, 16, 14.04628403, 121.20181694, '2026-03-11 20:02:43'),
(657, 16, 14.04629266, 121.20181770, '2026-03-11 20:02:53'),
(658, 16, 14.04628403, 121.20181694, '2026-03-11 20:03:03'),
(659, 16, 14.04626351, 121.20181689, '2026-03-11 20:03:13'),
(660, 16, 14.04626351, 121.20181689, '2026-03-11 20:03:23'),
(661, 16, 14.04626351, 121.20181689, '2026-03-11 20:03:33'),
(662, 16, 14.04626351, 121.20181689, '2026-03-11 20:03:38'),
(663, 16, 14.04626351, 121.20181689, '2026-03-11 20:03:48'),
(664, 16, 14.04626351, 121.20181689, '2026-03-11 20:03:53'),
(665, 16, 14.04626351, 121.20181689, '2026-03-11 20:03:58'),
(666, 16, 14.04626351, 121.20181689, '2026-03-11 20:04:08'),
(667, 16, 14.04626351, 121.20181689, '2026-03-11 20:04:13'),
(668, 16, 14.04626351, 121.20181689, '2026-03-11 20:04:23'),
(669, 16, 14.04628403, 121.20181694, '2026-03-11 20:04:33'),
(670, 16, 14.04628403, 121.20181694, '2026-03-11 20:04:38'),
(671, 16, 14.04628403, 121.20181694, '2026-03-11 20:04:48'),
(672, 16, 14.04628403, 121.20181694, '2026-03-11 20:04:53'),
(673, 16, 14.04628403, 121.20181694, '2026-03-11 20:04:58'),
(674, 16, 14.04628403, 121.20181694, '2026-03-11 20:05:08'),
(675, 16, 14.04628403, 121.20181694, '2026-03-11 20:05:13'),
(676, 16, 14.04628403, 121.20181694, '2026-03-11 20:05:18'),
(677, 16, 14.04628403, 121.20181694, '2026-03-11 20:05:28'),
(678, 16, 14.04628403, 121.20181694, '2026-03-11 20:05:38'),
(679, 16, 14.04628403, 121.20181694, '2026-03-11 20:05:48'),
(680, 16, 14.04628403, 121.20181694, '2026-03-11 20:05:58'),
(681, 16, 14.04628403, 121.20181694, '2026-03-11 20:06:03'),
(682, 16, 14.04628403, 121.20181694, '2026-03-11 20:06:08'),
(683, 16, 14.04628403, 121.20181694, '2026-03-11 20:06:13'),
(684, 16, 14.04627743, 121.20181677, '2026-03-11 20:06:23'),
(685, 16, 14.04627743, 121.20181677, '2026-03-11 20:06:28'),
(686, 16, 14.04627743, 121.20181677, '2026-03-11 20:06:33'),
(687, 16, 14.04627743, 121.20181677, '2026-03-11 20:06:38'),
(688, 16, 14.04627743, 121.20181677, '2026-03-11 20:06:43'),
(689, 16, 14.04627743, 121.20181677, '2026-03-11 20:06:48'),
(690, 16, 14.04627743, 121.20181677, '2026-03-11 20:06:58'),
(691, 16, 14.04627743, 121.20181677, '2026-03-11 20:07:03'),
(692, 16, 14.04627743, 121.20181677, '2026-03-11 20:07:08'),
(693, 16, 14.04627128, 121.20181881, '2026-03-11 20:07:13'),
(694, 16, 14.04627128, 121.20181881, '2026-03-11 20:07:23'),
(695, 16, 14.04627128, 121.20181881, '2026-03-11 20:07:33'),
(696, 16, 14.04627128, 121.20181881, '2026-03-11 20:07:43'),
(697, 16, 14.04627128, 121.20181881, '2026-03-11 20:07:48'),
(698, 16, 14.04627128, 121.20181881, '2026-03-11 20:07:53'),
(699, 17, 14.04630385, 121.20180682, '2026-03-13 05:37:16'),
(700, 17, 14.04630385, 121.20180682, '2026-03-13 05:37:21'),
(701, 17, 14.04626839, 121.20181704, '2026-03-13 05:37:31'),
(702, 17, 14.04626839, 121.20181704, '2026-03-13 05:37:36'),
(703, 17, 14.04637019, 121.20179765, '2026-03-13 05:37:46'),
(704, 17, 14.04637019, 121.20179765, '2026-03-13 05:37:56'),
(705, 17, 14.04636280, 121.20180087, '2026-03-13 05:38:01'),
(706, 17, 14.04636280, 121.20180087, '2026-03-13 05:38:06'),
(707, 17, 14.04633818, 121.20180465, '2026-03-13 05:38:11'),
(708, 17, 14.04633818, 121.20180465, '2026-03-13 05:38:16'),
(709, 17, 14.04633818, 121.20180465, '2026-03-13 05:38:26'),
(710, 16, 14.04633818, 121.20180465, '2026-03-13 05:38:35'),
(711, 16, 14.04631685, 121.20180899, '2026-03-13 05:38:45'),
(712, 16, 14.04632175, 121.20180795, '2026-03-14 07:00:20'),
(713, 15, 14.04630681, 121.20181063, '2026-03-14 07:00:28'),
(714, 18, 14.04613105, 121.20185832, '2026-03-14 07:21:57'),
(715, 19, 14.04613105, 121.20185832, '2026-03-14 07:23:43'),
(716, 19, 14.04613105, 121.20185832, '2026-03-14 07:23:48'),
(717, 19, 14.04608595, 121.20186995, '2026-03-14 07:23:58');

-- --------------------------------------------------------

--
-- Table structure for table `grn_items`
--

CREATE TABLE `grn_items` (
  `grn_item_id` int(11) NOT NULL,
  `grn_id` int(11) NOT NULL,
  `po_item_id` int(11) NOT NULL,
  `material_id` int(11) DEFAULT NULL,
  `product_id` int(11) DEFAULT NULL,
  `item_name` varchar(200) NOT NULL,
  `quantity_received` decimal(10,2) NOT NULL,
  `quantity_accepted` decimal(10,2) DEFAULT 0.00,
  `quantity_rejected` decimal(10,2) DEFAULT 0.00,
  `unit` varchar(20) DEFAULT 'kg',
  `lot_number` varchar(100) DEFAULT NULL,
  `expiry_date` date DEFAULT NULL,
  `warehouse_location` varchar(100) DEFAULT NULL,
  `qc_status` enum('Pending','Passed','Failed') DEFAULT 'Pending',
  `qc_remarks` text DEFAULT NULL,
  `unit_price` decimal(12,2) DEFAULT NULL,
  `subtotal` decimal(12,2) DEFAULT NULL,
  `qc_record_id` int(11) DEFAULT NULL
) ENGINE=InnoDB DEFAULT CHARSET=utf8mb4 COLLATE=utf8mb4_general_ci;

--
-- Dumping data for table `grn_items`
--

INSERT INTO `grn_items` (`grn_item_id`, `grn_id`, `po_item_id`, `material_id`, `product_id`, `item_name`, `quantity_received`, `quantity_accepted`, `quantity_rejected`, `unit`, `lot_number`, `expiry_date`, `warehouse_location`, `qc_status`, `qc_remarks`, `unit_price`, `subtotal`, `qc_record_id`) VALUES
(1, 1, 2, 23, NULL, '0', 1.00, 1.00, 0.00, '0', '', NULL, '', 'Failed', '', 123.00, 123.00, 1),
(2, 1, 3, 23, NULL, '0', 1.00, 0.00, 0.00, '0', '', NULL, '', 'Passed', '', 123.00, 123.00, 2),
(3, 2, 4, 23, NULL, '0', 121.00, 121.00, 0.00, '0', '', NULL, '', 'Failed', '', 122.00, 14762.00, 3),
(4, 3, 1, 23, NULL, '0', 12.00, 12.00, 0.00, '0', '', '2028-03-14', '', 'Passed', '', 122.00, 1464.00, 4),
(5, 4, 5, 29, NULL, '0', 12.00, 12.00, 0.00, '0', '', NULL, '', 'Passed', '', 1.00, 12.00, 5);

-- --------------------------------------------------------

--
-- Table structure for table `id_sequences`
--

CREATE TABLE `id_sequences` (
  `prefix` varchar(10) NOT NULL,
  `seq_date` date NOT NULL,
  `last_seq` int(10) UNSIGNED NOT NULL DEFAULT 0
) ENGINE=InnoDB DEFAULT CHARSET=utf8mb4 COLLATE=utf8mb4_general_ci;

--
-- Dumping data for table `id_sequences`
--

INSERT INTO `id_sequences` (`prefix`, `seq_date`, `last_seq`) VALUES
('BAT', '2026-03-09', 12),
('BAT', '2026-03-11', 12),
('BAT', '2026-03-12', 3),
('BAT', '2026-03-13', 1),
('BAT', '2026-03-14', 25),
('DEL', '2026-03-09', 8),
('DEL', '2026-03-11', 8),
('DEL', '2026-03-13', 1),
('DEL', '2026-03-14', 2),
('DR', '2026-03-09', 3),
('DR', '2026-03-14', 2),
('EXP', '2026-03-09', 1),
('GRN', '2026-03-14', 4),
('INV', '2026-03-09', 7),
('INV', '2026-03-14', 6),
('ORD', '2026-03-09', 13),
('ORD', '2026-03-11', 25),
('ORD', '2026-03-13', 1),
('ORD', '2026-03-14', 3),
('PAY', '2026-03-09', 8),
('PAY', '2026-03-11', 13),
('PAY', '2026-03-14', 1),
('PO', '2026-03-13', 7),
('PO', '2026-03-14', 3),
('PR', '2026-03-13', 2),
('PR', '2026-03-14', 3),
('PUP', '2026-03-09', 4),
('PUP', '2026-03-14', 2),
('QC', '2026-03-09', 13),
('QC', '2026-03-11', 12),
('QC', '2026-03-12', 1),
('QC', '2026-03-13', 1),
('QC', '2026-03-14', 14),
('RET', '2026-03-14', 1),
('SUP', '2026-03-13', 1),
('USR', '2026-03-14', 1);

-- --------------------------------------------------------

--
-- Table structure for table `inventory_transactions`
--

CREATE TABLE `inventory_transactions` (
  `transaction_id` int(11) NOT NULL,
  `item_type` enum('Raw Material','Finished Product') NOT NULL,
  `item_id` int(11) NOT NULL,
  `transaction_type` enum('In','Out','Adjustment') NOT NULL,
  `quantity` decimal(10,2) NOT NULL,
  `reference_type` varchar(50) DEFAULT NULL,
  `reference_id` int(11) DEFAULT NULL,
  `notes` text DEFAULT NULL,
  `created_by` int(11) DEFAULT NULL,
  `created_at` timestamp NOT NULL DEFAULT current_timestamp(),
  `grn_id` int(11) DEFAULT NULL,
  `return_id` int(11) DEFAULT NULL
) ENGINE=InnoDB DEFAULT CHARSET=utf8mb4 COLLATE=utf8mb4_general_ci;

--
-- Dumping data for table `inventory_transactions`
--

INSERT INTO `inventory_transactions` (`transaction_id`, `item_type`, `item_id`, `transaction_type`, `quantity`, `reference_type`, `reference_id`, `notes`, `created_by`, `created_at`, `grn_id`, `return_id`) VALUES
(1, 'Finished Product', 1, 'Out', 10.00, 'Sales', 999999, 'Sales fulfillment', 1, '2026-03-09 11:08:20', NULL, NULL),
(2, 'Raw Material', 30, 'Out', 2.00, 'Production', 1, 'Used in production batch', 1, '2026-03-09 11:13:48', NULL, NULL),
(3, 'Finished Product', 2, 'In', 100.00, 'Production', 1, 'Production output QC approved', 1, '2026-03-09 11:14:01', NULL, NULL),
(4, 'Raw Material', 30, 'Out', 11.00, 'Production', 2, 'Used in production batch', 1, '2026-03-09 11:14:35', NULL, NULL),
(5, 'Finished Product', 2, 'In', 100.00, 'Production', 2, 'Production output QC approved', 1, '2026-03-09 11:14:48', NULL, NULL),
(6, 'Finished Product', 2, 'Out', 100.00, 'Sales', 1, 'Sales fulfillment', 1, '2026-03-09 11:15:33', NULL, NULL),
(7, 'Finished Product', 18, 'Out', 40.00, 'Sales', 2, 'Sales fulfillment', 1, '2026-03-09 11:31:20', NULL, NULL),
(8, 'Raw Material', 30, 'Out', 1.00, 'Production', 3, 'Used in production batch', 1, '2026-03-09 11:38:25', NULL, NULL),
(9, 'Finished Product', 39, 'In', 500.00, 'Production', 3, 'Production output QC approved', 1, '2026-03-09 11:38:38', NULL, NULL),
(10, 'Raw Material', 27, 'Out', 1.00, 'Production', 4, 'Used in production batch', 1, '2026-03-09 11:41:41', NULL, NULL),
(11, 'Finished Product', 2, 'Out', 560.00, 'Sales', 3, 'Sales fulfillment', 1, '2026-03-09 11:56:32', NULL, NULL),
(12, 'Finished Product', 38, 'Out', 12.00, 'Sales', 4, 'Sales fulfillment', 1, '2026-03-09 12:06:00', NULL, NULL),
(13, 'Finished Product', 38, 'Out', 12.00, 'Sales', 5, 'Sales fulfillment', 1, '2026-03-09 12:06:06', NULL, NULL),
(14, 'Finished Product', 40, 'In', 12.00, 'Production', 4, 'Production output QC approved', 1, '2026-03-09 12:24:45', NULL, NULL),
(15, 'Raw Material', 30, 'Out', 1.00, 'Production', 5, 'Used in production batch', 1, '2026-03-09 12:43:15', NULL, NULL),
(16, 'Finished Product', 41, 'In', 100.00, 'Production', 5, 'Production output QC approved', 1, '2026-03-09 12:45:08', NULL, NULL),
(17, 'Finished Product', 42, 'In', 100.00, 'Production', 6, 'Production output QC approved', 1, '2026-03-09 12:48:39', NULL, NULL),
(18, 'Finished Product', 38, 'Out', 778.00, 'Sales', 9, 'Sales fulfillment', 1, '2026-03-09 13:06:23', NULL, NULL),
(19, 'Finished Product', 28, 'Out', 300.00, 'Sales', 6, 'Sales fulfillment', 1, '2026-03-09 13:06:33', NULL, NULL),
(20, 'Raw Material', 26, 'Out', 1.00, 'Production', 7, 'Used in production batch', 1, '2026-03-09 14:12:21', NULL, NULL),
(21, 'Finished Product', 41, 'In', 10.00, 'Production', 7, 'Production output QC approved', 1, '2026-03-09 14:13:02', NULL, NULL),
(22, 'Finished Product', 41, 'Out', 100.00, 'Sales', 8, 'Sales fulfillment', 1, '2026-03-09 14:20:52', NULL, NULL),
(23, 'Finished Product', 42, 'Out', 100.00, 'Sales', 8, 'Sales fulfillment', 1, '2026-03-09 14:20:52', NULL, NULL),
(24, 'Raw Material', 26, 'Out', 1.00, 'Production', 8, 'Used in production batch', 1, '2026-03-09 14:29:24', NULL, NULL),
(25, 'Finished Product', 43, 'In', 10.00, 'Production', 8, 'Production output QC approved', 1, '2026-03-09 14:30:05', NULL, NULL),
(26, 'Finished Product', 43, 'Out', 10.00, 'Sales', 10, 'Sales fulfillment', 1, '2026-03-09 14:31:07', NULL, NULL),
(27, 'Finished Product', 41, 'Out', 10.00, 'Sales', 11, 'Sales fulfillment', 1, '2026-03-09 14:40:27', NULL, NULL),
(28, 'Raw Material', 6, 'Out', 1.00, 'Production', 9, 'Used in production batch', 1, '2026-03-09 15:46:39', NULL, NULL),
(29, 'Finished Product', 44, 'In', 100.00, 'Production', 9, 'Production output QC approved', 1, '2026-03-09 15:47:04', NULL, NULL),
(30, 'Raw Material', 30, 'Out', 1.00, 'Production', 11, 'Used in production batch', 1, '2026-03-09 15:59:31', NULL, NULL),
(31, 'Finished Product', 45, 'In', 100.00, 'Production', 10, 'Production output QC approved', 1, '2026-03-09 16:00:01', NULL, NULL),
(32, 'Finished Product', 44, 'In', 100.00, 'Production', 11, 'Production output QC approved', 1, '2026-03-09 16:01:27', NULL, NULL),
(33, 'Finished Product', 45, 'In', 100.00, 'Production', 12, 'Production output QC approved', 1, '2026-03-09 16:01:33', NULL, NULL),
(34, 'Finished Product', 44, 'Out', 100.00, 'Sales', 16, 'Sales fulfillment', 1, '2026-03-09 16:14:13', NULL, NULL),
(35, 'Finished Product', 45, 'Out', 100.00, 'Sales', 16, 'Sales fulfillment', 1, '2026-03-09 16:14:13', NULL, NULL),
(36, 'Finished Product', 41, 'Out', 12.00, 'Sales', 17, 'Sales fulfillment', 1, '2026-03-09 17:55:50', NULL, NULL),
(37, 'Finished Product', 9, 'Out', 12.00, 'Sales', 17, 'Sales fulfillment', 1, '2026-03-09 17:55:50', NULL, NULL),
(38, 'Finished Product', 41, 'Out', 1.00, 'Sales', 29, 'Sales fulfillment', 1, '2026-03-11 13:45:26', NULL, NULL),
(39, 'Finished Product', 41, 'Out', 1.00, 'Sales', 28, 'Sales fulfillment', 1, '2026-03-11 13:45:37', NULL, NULL),
(40, 'Raw Material', 30, 'Out', 2.00, 'Production', 13, 'Used in production batch', 2, '2026-03-11 15:47:37', NULL, NULL),
(41, 'Finished Product', 41, 'Out', 12.00, 'Sales', 31, 'Sales fulfillment', 1, '2026-03-11 17:47:55', NULL, NULL),
(42, 'Finished Product', 3, 'Out', 2.00, 'Sales', 27, 'Sales fulfillment', 1, '2026-03-11 17:54:39', NULL, NULL),
(43, 'Raw Material', 26, 'Out', 23.00, 'Production', 14, 'Used in production batch', 1, '2026-03-11 18:05:13', NULL, NULL),
(44, 'Finished Product', 46, 'In', 1212.00, 'Production', 13, 'Production output QC approved', 1, '2026-03-11 18:05:50', NULL, NULL),
(45, 'Finished Product', 47, 'In', 1000.00, 'Production', 14, 'Production output QC approved', 1, '2026-03-11 18:07:02', NULL, NULL),
(46, 'Raw Material', 6, 'Out', 12.00, 'Production', 15, 'Used in production batch', 1, '2026-03-11 18:15:03', NULL, NULL),
(47, 'Finished Product', 41, 'In', 1200.00, 'Production', 15, 'Production output QC approved', 1, '2026-03-11 18:15:34', NULL, NULL),
(48, 'Finished Product', 44, 'In', 1200.00, 'Production', 16, 'Production output QC approved', 1, '2026-03-11 18:20:12', NULL, NULL),
(49, 'Raw Material', 27, 'Out', 12.00, 'Production', 17, 'Used in production batch', 1, '2026-03-11 18:44:51', NULL, NULL),
(50, 'Finished Product', 41, 'In', 12.00, 'Production', 17, 'Production output QC approved', 1, '2026-03-11 18:45:07', NULL, NULL),
(51, 'Finished Product', 44, 'In', 12.00, 'Production', 18, 'Production output QC approved', 1, '2026-03-11 18:45:14', NULL, NULL),
(52, 'Raw Material', 27, 'Out', 12.00, 'Production', 19, 'Used in production batch', 1, '2026-03-11 18:47:21', NULL, NULL),
(53, 'Finished Product', 48, 'In', 1000.00, 'Production', 19, 'Production output QC approved', 1, '2026-03-11 18:47:41', NULL, NULL),
(54, 'Finished Product', 45, 'In', 1000.00, 'Production', 21, 'Production output QC approved', 1, '2026-03-11 18:47:56', NULL, NULL),
(55, 'Finished Product', 41, 'In', 1212.00, 'Production', 20, 'Production output QC approved', 1, '2026-03-11 18:48:04', NULL, NULL),
(56, 'Raw Material', 14, 'Out', 23.00, 'Production', 22, 'Used in production batch', 1, '2026-03-11 18:50:28', NULL, NULL),
(57, 'Finished Product', 49, 'In', 1000.00, 'Production', 22, 'Production output QC approved', 1, '2026-03-11 18:50:48', NULL, NULL),
(58, 'Finished Product', 47, 'In', 1000.00, 'Production', 23, 'Production output QC approved', 1, '2026-03-11 18:50:53', NULL, NULL),
(59, 'Finished Product', 22, 'Out', 1000.00, 'Sales', 41, 'Sales fulfillment', 1, '2026-03-11 19:14:40', NULL, NULL),
(60, 'Finished Product', 21, 'Out', 1000.00, 'Sales', 41, 'Sales fulfillment', 1, '2026-03-11 19:14:41', NULL, NULL),
(61, 'Finished Product', 48, 'Out', 1000.00, 'Sales', 39, 'Sales fulfillment', 1, '2026-03-11 19:26:23', NULL, NULL),
(62, 'Finished Product', 41, 'Out', 1212.00, 'Sales', 39, 'Sales fulfillment', 1, '2026-03-11 19:26:23', NULL, NULL),
(63, 'Finished Product', 45, 'Out', 1000.00, 'Sales', 39, 'Sales fulfillment', 1, '2026-03-11 19:26:23', NULL, NULL),
(64, 'Finished Product', 41, 'Out', 1200.00, 'Sales', 34, 'Sales fulfillment', 1, '2026-03-11 19:26:31', NULL, NULL),
(65, 'Finished Product', 44, 'Out', 1200.00, 'Sales', 34, 'Sales fulfillment', 1, '2026-03-11 19:26:31', NULL, NULL),
(66, 'Finished Product', 41, 'Out', 12.00, 'Sales', 36, 'Sales fulfillment', 1, '2026-03-11 19:34:59', NULL, NULL),
(67, 'Finished Product', 44, 'Out', 12.00, 'Sales', 36, 'Sales fulfillment', 1, '2026-03-11 19:34:59', NULL, NULL),
(68, 'Raw Material', 27, 'Out', 23.00, 'Production', 24, 'Used in production batch', 1, '2026-03-11 20:08:56', NULL, NULL),
(69, 'Finished Product', 50, 'In', 100.00, 'Production', 24, 'Production output QC approved', 1, '2026-03-11 20:09:11', NULL, NULL),
(70, 'Raw Material', 6, 'Out', 1.00, 'Production', 25, 'Used in production batch', 1, '2026-03-12 05:30:23', NULL, NULL),
(71, 'Finished Product', 51, 'In', 1000.00, 'Production', 25, 'Production output QC approved', 1, '2026-03-12 05:30:37', NULL, NULL),
(72, 'Raw Material', 9, 'Out', 13.00, 'Production', 26, 'Used in production batch', 1, '2026-03-12 08:13:26', NULL, NULL),
(73, 'Raw Material', 14, 'Out', 2.00, 'Production', 26, 'Used in production batch', 1, '2026-03-12 08:13:26', NULL, NULL),
(74, 'Raw Material', 20, 'Out', 0.50, 'Production', 26, 'Used in production batch', 1, '2026-03-12 08:13:26', NULL, NULL),
(75, 'Raw Material', 27, 'Out', 1.00, 'Production', 26, 'Used in production batch', 1, '2026-03-12 08:13:26', NULL, NULL),
(76, 'Raw Material', 30, 'Out', 1.00, 'Production', 26, 'Used in production batch', 1, '2026-03-12 08:13:26', NULL, NULL),
(77, 'Raw Material', 31, 'Out', 1.00, 'Production', 26, 'Used in production batch', 1, '2026-03-12 08:13:26', NULL, NULL),
(78, 'Raw Material', 9, 'Out', 30.00, 'Production', 28, 'Used in production batch', 1, '2026-03-13 05:33:48', NULL, NULL),
(79, 'Raw Material', 14, 'Out', 3.00, 'Production', 28, 'Used in production batch', 1, '2026-03-13 05:33:48', NULL, NULL),
(80, 'Raw Material', 20, 'Out', 5.00, 'Production', 28, 'Used in production batch', 1, '2026-03-13 05:33:48', NULL, NULL),
(81, 'Raw Material', 27, 'Out', 10.00, 'Production', 28, 'Used in production batch', 1, '2026-03-13 05:33:48', NULL, NULL),
(82, 'Raw Material', 30, 'Out', 10.00, 'Production', 28, 'Used in production batch', 1, '2026-03-13 05:33:48', NULL, NULL),
(83, 'Raw Material', 31, 'Out', 10.00, 'Production', 28, 'Used in production batch', 1, '2026-03-13 05:33:48', NULL, NULL),
(84, 'Finished Product', 52, 'In', 10.00, 'Production', 28, 'Production output QC approved', 1, '2026-03-13 05:34:49', NULL, NULL),
(85, 'Finished Product', 28, 'Out', 10.00, 'Sales', 43, 'Sales fulfillment', 1, '2026-03-13 05:36:50', NULL, NULL),
(86, 'Raw Material', 9, 'Out', 300.00, 'Production', 29, 'Used in production batch', 1, '2026-03-14 04:03:09', NULL, NULL),
(87, 'Raw Material', 14, 'Out', 42.00, 'Production', 29, 'Used in production batch', 1, '2026-03-14 04:03:09', NULL, NULL),
(88, 'Raw Material', 20, 'Out', 12.00, 'Production', 29, 'Used in production batch', 1, '2026-03-14 04:03:09', NULL, NULL),
(89, 'Raw Material', 27, 'Out', 12.00, 'Production', 29, 'Used in production batch', 1, '2026-03-14 04:03:09', NULL, NULL),
(90, 'Raw Material', 30, 'Out', 12.00, 'Production', 29, 'Used in production batch', 1, '2026-03-14 04:03:09', NULL, NULL),
(91, 'Raw Material', 31, 'Out', 12.00, 'Production', 29, 'Used in production batch', 1, '2026-03-14 04:03:09', NULL, NULL),
(92, 'Finished Product', 53, 'In', 12.00, 'Production', 29, 'Production output QC approved', 1, '2026-03-14 04:03:22', NULL, NULL),
(93, 'Raw Material', 3, 'Out', 4.60, 'Production', 30, 'Used in production batch', 1, '2026-03-14 04:04:31', NULL, NULL),
(94, 'Raw Material', 14, 'Out', 0.46, 'Production', 30, 'Used in production batch', 1, '2026-03-14 04:04:31', NULL, NULL),
(95, 'Raw Material', 20, 'Out', 4.60, 'Production', 30, 'Used in production batch', 1, '2026-03-14 04:04:31', NULL, NULL),
(96, 'Raw Material', 23, 'Out', 0.23, 'Production', 30, 'Used in production batch', 1, '2026-03-14 04:04:31', NULL, NULL),
(97, 'Raw Material', 27, 'Out', 23.00, 'Production', 30, 'Used in production batch', 1, '2026-03-14 04:04:31', NULL, NULL),
(98, 'Raw Material', 30, 'Out', 23.00, 'Production', 30, 'Used in production batch', 1, '2026-03-14 04:04:31', NULL, NULL),
(99, 'Raw Material', 31, 'Out', 23.00, 'Production', 30, 'Used in production batch', 1, '2026-03-14 04:04:31', NULL, NULL),
(100, 'Finished Product', 41, 'In', 23.00, 'Production', 30, 'Production output QC approved', 1, '2026-03-14 04:04:54', NULL, NULL),
(101, 'Raw Material', 3, 'Out', 24.40, 'Production', 31, 'Used in production batch', 1, '2026-03-14 04:06:59', NULL, NULL),
(102, 'Raw Material', 14, 'Out', 2.44, 'Production', 31, 'Used in production batch', 1, '2026-03-14 04:06:59', NULL, NULL),
(103, 'Raw Material', 20, 'Out', 24.40, 'Production', 31, 'Used in production batch', 1, '2026-03-14 04:06:59', NULL, NULL),
(104, 'Raw Material', 23, 'Out', 1.22, 'Production', 31, 'Used in production batch', 1, '2026-03-14 04:06:59', NULL, NULL),
(105, 'Raw Material', 27, 'Out', 122.00, 'Production', 31, 'Used in production batch', 1, '2026-03-14 04:06:59', NULL, NULL),
(106, 'Raw Material', 30, 'Out', 122.00, 'Production', 31, 'Used in production batch', 1, '2026-03-14 04:06:59', NULL, NULL),
(107, 'Raw Material', 31, 'Out', 122.00, 'Production', 31, 'Used in production batch', 1, '2026-03-14 04:06:59', NULL, NULL),
(108, 'Finished Product', 41, 'In', 122.00, 'Production', 31, 'Production output QC approved', 1, '2026-03-14 04:07:08', NULL, NULL),
(109, 'Raw Material', 9, 'Out', 560.00, 'Production', 32, 'Used in production batch', 1, '2026-03-14 04:09:29', NULL, NULL),
(110, 'Raw Material', 14, 'Out', 89.60, 'Production', 32, 'Used in production batch', 1, '2026-03-14 04:09:29', NULL, NULL),
(111, 'Raw Material', 20, 'Out', 22.40, 'Production', 32, 'Used in production batch', 1, '2026-03-14 04:09:29', NULL, NULL),
(112, 'Raw Material', 29, 'Out', 112.00, 'Production', 32, 'Used in production batch', 1, '2026-03-14 04:09:29', NULL, NULL),
(113, 'Raw Material', 30, 'Out', 112.00, 'Production', 32, 'Used in production batch', 1, '2026-03-14 04:09:29', NULL, NULL),
(114, 'Raw Material', 32, 'Out', 112.00, 'Production', 32, 'Used in production batch', 1, '2026-03-14 04:09:29', NULL, NULL),
(115, 'Finished Product', 54, 'In', 112.00, 'Production', 32, 'Production output QC approved', 1, '2026-03-14 04:09:45', NULL, NULL),
(116, 'Raw Material', 9, 'Out', 366.00, 'Production', 33, 'Used in production batch', 1, '2026-03-14 04:20:02', NULL, NULL),
(117, 'Raw Material', 14, 'Out', 36.60, 'Production', 33, 'Used in production batch', 1, '2026-03-14 04:20:02', NULL, NULL),
(118, 'Raw Material', 20, 'Out', 61.00, 'Production', 33, 'Used in production batch', 1, '2026-03-14 04:20:02', NULL, NULL),
(119, 'Raw Material', 27, 'Out', 122.00, 'Production', 33, 'Used in production batch', 1, '2026-03-14 04:20:02', NULL, NULL),
(120, 'Raw Material', 30, 'Out', 122.00, 'Production', 33, 'Used in production batch', 1, '2026-03-14 04:20:02', NULL, NULL),
(121, 'Raw Material', 31, 'Out', 122.00, 'Production', 33, 'Used in production batch', 1, '2026-03-14 04:20:02', NULL, NULL),
(122, 'Finished Product', 52, 'In', 122.00, 'Production', 33, 'Production output QC approved', 1, '2026-03-14 04:20:22', NULL, NULL),
(123, 'Raw Material', 9, 'Out', 48.00, 'Production', 34, 'Used in production batch', 1, '2026-03-14 04:29:54', NULL, NULL),
(124, 'Raw Material', 14, 'Out', 7.20, 'Production', 34, 'Used in production batch', 1, '2026-03-14 04:29:54', NULL, NULL),
(125, 'Raw Material', 20, 'Out', 1.80, 'Production', 34, 'Used in production batch', 1, '2026-03-14 04:29:54', NULL, NULL),
(126, 'Raw Material', 29, 'Out', 12.00, 'Production', 34, 'Used in production batch', 1, '2026-03-14 04:29:54', NULL, NULL),
(127, 'Raw Material', 30, 'Out', 12.00, 'Production', 34, 'Used in production batch', 1, '2026-03-14 04:29:54', NULL, NULL),
(128, 'Raw Material', 31, 'Out', 12.00, 'Production', 34, 'Used in production batch', 1, '2026-03-14 04:29:54', NULL, NULL),
(129, 'Finished Product', 40, 'In', 12.00, 'Production', 34, 'Production output QC approved', 1, '2026-03-14 04:30:03', NULL, NULL),
(130, 'Raw Material', 37, 'Out', 40.00, 'Production', 35, 'Used in production batch (FEFO allocation)', 1, '2026-03-14 05:13:28', NULL, NULL),
(131, 'Raw Material', 37, 'Out', 10.00, 'Return', 999, 'Returned to supplier (LIFO allocation)', 1, '2026-03-14 05:13:28', NULL, NULL),
(132, 'Raw Material', 37, 'Out', 40.00, 'Production', 39, 'Used in production batch (FEFO allocation)', 1, '2026-03-14 05:17:45', NULL, NULL),
(133, 'Raw Material', 37, 'Out', 10.00, 'Return', 999, 'Returned to supplier (LIFO allocation)', 1, '2026-03-14 05:17:45', NULL, NULL),
(134, 'Raw Material', 37, 'Out', 40.00, 'Production', 42, 'Used in production batch (FEFO allocation)', 1, '2026-03-14 05:25:05', NULL, NULL),
(135, 'Raw Material', 37, 'Out', 10.00, 'Return', 999, 'Returned to supplier (LIFO allocation)', 1, '2026-03-14 05:25:05', NULL, NULL),
(136, 'Raw Material', 37, 'Out', 40.00, 'Production', 43, 'Used in production batch (FEFO allocation)', 1, '2026-03-14 05:25:41', NULL, NULL),
(137, 'Raw Material', 37, 'Out', 10.00, 'Return', 999, 'Returned to supplier (LIFO allocation)', 1, '2026-03-14 05:25:41', NULL, NULL),
(138, 'Raw Material', 37, 'Out', 40.00, 'Production', 44, 'Used in production batch (FEFO allocation)', 1, '2026-03-14 05:25:53', NULL, NULL),
(139, 'Raw Material', 37, 'Out', 10.00, 'Return', 999, 'Returned to supplier (LIFO allocation)', 1, '2026-03-14 05:25:53', NULL, NULL),
(140, 'Raw Material', 9, 'Out', 300.00, 'Production', 45, 'Used in production batch (FEFO allocation)', 1, '2026-03-14 05:26:24', NULL, NULL),
(141, 'Raw Material', 14, 'Out', 42.00, 'Production', 45, 'Used in production batch (FEFO allocation)', 1, '2026-03-14 05:26:24', NULL, NULL),
(142, 'Raw Material', 20, 'Out', 12.00, 'Production', 45, 'Used in production batch (FEFO allocation)', 1, '2026-03-14 05:26:24', NULL, NULL),
(143, 'Raw Material', 27, 'Out', 12.00, 'Production', 45, 'Used in production batch (FEFO allocation)', 1, '2026-03-14 05:26:24', NULL, NULL),
(144, 'Raw Material', 30, 'Out', 12.00, 'Production', 45, 'Used in production batch (FEFO allocation)', 1, '2026-03-14 05:26:24', NULL, NULL),
(145, 'Raw Material', 31, 'Out', 12.00, 'Production', 45, 'Used in production batch (FEFO allocation)', 1, '2026-03-14 05:26:24', NULL, NULL),
(146, 'Finished Product', 53, 'In', 12.00, 'Production', 45, 'Production output QC approved', 1, '2026-03-14 05:27:04', NULL, NULL),
(147, 'Raw Material', 3, 'Out', 8.40, 'Production', 46, 'Used in production batch (FEFO allocation)', 1, '2026-03-14 05:53:50', NULL, NULL),
(148, 'Raw Material', 9, 'Out', 504.00, 'Production', 46, 'Used in production batch (FEFO allocation)', 1, '2026-03-14 05:53:50', NULL, NULL),
(149, 'Raw Material', 14, 'Out', 91.68, 'Production', 46, 'Used in production batch (FEFO allocation)', 1, '2026-03-14 05:53:50', NULL, NULL),
(150, 'Raw Material', 16, 'Out', 48.00, 'Production', 46, 'Used in production batch (FEFO allocation)', 1, '2026-03-14 05:53:50', NULL, NULL),
(151, 'Raw Material', 20, 'Out', 99.60, 'Production', 46, 'Used in production batch (FEFO allocation)', 1, '2026-03-14 05:53:50', NULL, NULL),
(152, 'Raw Material', 23, 'Out', 0.60, 'Production', 46, 'Used in production batch (FEFO allocation)', 1, '2026-03-14 05:53:50', NULL, NULL),
(153, 'Raw Material', 27, 'Out', 48.00, 'Production', 46, 'Used in production batch (FEFO allocation)', 1, '2026-03-14 05:53:50', NULL, NULL),
(154, 'Raw Material', 28, 'Out', 12.00, 'Production', 46, 'Used in production batch (FEFO allocation)', 1, '2026-03-14 05:53:50', NULL, NULL),
(155, 'Raw Material', 30, 'Out', 60.00, 'Production', 46, 'Used in production batch (FEFO allocation)', 1, '2026-03-14 05:53:50', NULL, NULL),
(156, 'Raw Material', 31, 'Out', 84.00, 'Production', 46, 'Used in production batch (FEFO allocation)', 1, '2026-03-14 05:53:50', NULL, NULL),
(157, 'Finished Product', 41, 'Out', 1.00, 'Sales', 30, 'Sales fulfillment', 1, '2026-03-14 07:21:33', NULL, NULL),
(158, 'Finished Product', 41, 'Out', 1.00, 'Sales', 26, 'Sales fulfillment', 1, '2026-03-14 07:23:15', NULL, NULL),
(159, 'Finished Product', 41, 'Out', 12.00, 'Sales', 48, 'Sales fulfillment', 1, '2026-03-14 07:24:42', NULL, NULL),
(160, 'Raw Material', 23, 'In', 121.00, '0', 3, 'QC approved - Added to inventory', 1, '2026-03-14 08:26:34', NULL, NULL),
(161, 'Raw Material', 23, 'In', 12.00, '0', 4, 'QC approved - Added to inventory', 1, '2026-03-14 08:37:51', NULL, NULL),
(162, 'Raw Material', 29, 'In', 12.00, '0', 5, 'QC approved - Added to inventory', 1, '2026-03-14 08:40:18', NULL, NULL),
(163, 'Raw Material', 30, 'Out', 8.00, 'Production', 53, 'Used in production batch', 1, '2026-03-14 09:46:39', NULL, NULL),
(164, 'Raw Material', 6, 'Out', 12.00, 'Production', 54, 'Used in production batch', 1, '2026-03-14 10:28:21', NULL, NULL),
(165, 'Raw Material', 30, 'Out', 23.00, 'Production', 55, 'Used in production batch', 1, '2026-03-14 10:29:37', NULL, NULL),
(166, 'Raw Material', 27, 'Out', 23.00, 'Production', 55, 'Used in production batch', 1, '2026-03-14 10:29:37', NULL, NULL),
(167, 'Raw Material', 3, 'Out', 4.60, 'Production', 56, 'Used in production batch', 1, '2026-03-14 10:57:41', NULL, NULL),
(168, 'Raw Material', 14, 'Out', 0.46, 'Production', 56, 'Used in production batch', 1, '2026-03-14 10:57:41', NULL, NULL),
(169, 'Raw Material', 20, 'Out', 4.60, 'Production', 56, 'Used in production batch', 1, '2026-03-14 10:57:41', NULL, NULL),
(170, 'Raw Material', 23, 'Out', 0.23, 'Production', 56, 'Used in production batch', 1, '2026-03-14 10:57:41', NULL, NULL),
(171, 'Raw Material', 27, 'Out', 23.00, 'Production', 56, 'Used in production batch', 1, '2026-03-14 10:57:41', NULL, NULL),
(172, 'Raw Material', 30, 'Out', 23.00, 'Production', 56, 'Used in production batch', 1, '2026-03-14 10:57:41', NULL, NULL),
(173, 'Raw Material', 31, 'Out', 23.00, 'Production', 56, 'Used in production batch', 1, '2026-03-14 10:57:41', NULL, NULL),
(174, 'Finished Product', 3, 'In', 50.00, 'Production', 44, 'Production output QC approved', 1, '2026-03-14 10:59:16', NULL, NULL),
(175, 'Raw Material', 3, 'Out', 4.80, 'Production', 57, 'Used in production batch', 1, '2026-03-14 11:03:48', NULL, NULL),
(176, 'Raw Material', 14, 'Out', 0.48, 'Production', 57, 'Used in production batch', 1, '2026-03-14 11:03:48', NULL, NULL),
(177, 'Raw Material', 20, 'Out', 4.80, 'Production', 57, 'Used in production batch', 1, '2026-03-14 11:03:48', NULL, NULL),
(178, 'Raw Material', 23, 'Out', 0.24, 'Production', 57, 'Used in production batch', 1, '2026-03-14 11:03:48', NULL, NULL),
(179, 'Raw Material', 27, 'Out', 12.00, 'Production', 57, 'Used in production batch', 1, '2026-03-14 11:03:48', NULL, NULL),
(180, 'Raw Material', 30, 'Out', 12.00, 'Production', 57, 'Used in production batch', 1, '2026-03-14 11:03:48', NULL, NULL),
(181, 'Raw Material', 31, 'Out', 12.00, 'Production', 57, 'Used in production batch', 1, '2026-03-14 11:03:48', NULL, NULL),
(182, 'Raw Material', 3, 'Out', 200.00, 'Production', 58, 'Used in production batch', 1, '2026-03-14 11:06:59', NULL, NULL),
(183, 'Raw Material', 14, 'Out', 20.00, 'Production', 58, 'Used in production batch', 1, '2026-03-14 11:06:59', NULL, NULL),
(184, 'Raw Material', 20, 'Out', 200.00, 'Production', 58, 'Used in production batch', 1, '2026-03-14 11:06:59', NULL, NULL),
(185, 'Raw Material', 23, 'Out', 10.00, 'Production', 58, 'Used in production batch', 1, '2026-03-14 11:06:59', NULL, NULL),
(186, 'Raw Material', 27, 'Out', 1000.00, 'Production', 58, 'Used in production batch', 1, '2026-03-14 11:06:59', NULL, NULL),
(187, 'Raw Material', 30, 'Out', 1000.00, 'Production', 58, 'Used in production batch', 1, '2026-03-14 11:06:59', NULL, NULL),
(188, 'Raw Material', 31, 'Out', 1000.00, 'Production', 58, 'Used in production batch', 1, '2026-03-14 11:06:59', NULL, NULL);

-- --------------------------------------------------------

--
-- Table structure for table `invoices`
--

CREATE TABLE `invoices` (
  `invoice_id` int(11) NOT NULL,
  `invoice_number` varchar(50) NOT NULL,
  `customer_id` int(11) DEFAULT NULL,
  `order_id` int(11) DEFAULT NULL,
  `amount` decimal(10,2) NOT NULL,
  `invoice_date` date NOT NULL,
  `due_date` date NOT NULL,
  `status` enum('Pending','Partially Paid','Paid','Overdue') DEFAULT 'Pending',
  `created_by` int(11) DEFAULT NULL,
  `created_at` timestamp NOT NULL DEFAULT current_timestamp(),
  `subtotal` decimal(12,2) DEFAULT 0.00,
  `discount_amount` decimal(12,2) DEFAULT 0.00,
  `vat_rate` decimal(5,2) DEFAULT 0.00,
  `vat_amount` decimal(12,2) DEFAULT 0.00,
  `payment_terms` varchar(50) DEFAULT 'Cash',
  `approved_by` int(11) DEFAULT NULL,
  `approved_at` timestamp NULL DEFAULT NULL,
  `approval_status` enum('Pending','Approved','Rejected') DEFAULT 'Pending',
  `notes` text DEFAULT NULL,
  `delivery_receipt_number` varchar(50) DEFAULT NULL
) ENGINE=InnoDB DEFAULT CHARSET=utf8mb4 COLLATE=utf8mb4_general_ci;

--
-- Dumping data for table `invoices`
--

INSERT INTO `invoices` (`invoice_id`, `invoice_number`, `customer_id`, `order_id`, `amount`, `invoice_date`, `due_date`, `status`, `created_by`, `created_at`, `subtotal`, `discount_amount`, `vat_rate`, `vat_amount`, `payment_terms`, `approved_by`, `approved_at`, `approval_status`, `notes`, `delivery_receipt_number`) VALUES
(1, 'INV-20260309-0001', 1, 2, 2730.00, '2026-03-09', '2026-04-08', 'Paid', 1, '2026-03-09 12:05:40', 0.00, 0.00, 0.00, 0.00, 'Cash', 5, '2026-03-09 12:20:48', 'Approved', NULL, NULL),
(2, 'INV-20260309-0002', 1, 3, 47600.00, '2026-03-09', '2026-04-08', 'Paid', 1, '2026-03-09 12:05:55', 0.00, 0.00, 0.00, 0.00, 'Cash', 5, '2026-03-09 12:20:45', 'Approved', NULL, NULL),
(3, 'INV-20260309-0003', 1, 4, 720.00, '2026-03-09', '2026-04-08', 'Paid', 1, '2026-03-09 12:06:02', 0.00, 0.00, 0.00, 0.00, 'Cash', 5, '2026-03-09 12:20:37', 'Approved', NULL, NULL),
(4, 'INV-20260309-0004', 1, 5, 720.00, '2026-03-09', '2026-04-08', 'Paid', 1, '2026-03-09 12:06:09', 0.00, 0.00, 0.00, 0.00, 'Cash', 5, '2026-03-09 12:20:34', 'Approved', NULL, NULL),
(5, 'INV-20260309-0005', 1, 8, 27862.24, '2026-03-09', '2026-03-09', 'Paid', 1, '2026-03-09 14:22:43', 24877.00, 0.00, 12.00, 2985.24, 'Cash', 1, '2026-03-09 14:22:53', 'Approved', '', 'DR-20260309-0001'),
(6, 'INV-20260309-0006', 1, 10, 1394.74, '2026-03-09', '2026-03-09', 'Paid', 1, '2026-03-09 14:32:22', 1245.30, 0.00, 12.00, 149.44, 'Cash', 1, '2026-03-09 14:43:30', 'Approved', '', 'DR-20260309-0002'),
(7, 'INV-20260309-0007', 1, 11, 952.00, '2026-03-09', '2026-03-09', 'Paid', 1, '2026-03-09 14:43:17', 850.00, 0.00, 12.00, 102.00, 'Cash', 1, '2026-03-09 14:43:32', 'Approved', '', 'DR-20260309-0003'),
(8, 'INV-20260314-0001', 1, 45, 1020.00, '2026-03-14', '2026-04-13', 'Pending', 1, '2026-03-14 06:07:02', 0.00, 0.00, 0.00, 0.00, 'Cash', NULL, NULL, 'Pending', NULL, NULL),
(9, 'INV-20260314-0002', 3, 44, 1142.40, '2026-03-14', '2026-03-14', 'Pending', 1, '2026-03-14 06:07:19', 1020.00, 0.00, 12.00, 122.40, 'Cash', NULL, NULL, 'Pending', '', 'DR-20260314-0001'),
(10, 'INV-20260314-0003', 1, 43, 387.90, '2026-03-14', '2026-04-13', 'Pending', 1, '2026-03-14 06:07:31', 0.00, 0.00, 0.00, 0.00, 'Cash', NULL, NULL, 'Pending', NULL, NULL),
(11, 'INV-20260314-0004', 7, 42, 9508.00, '2026-03-14', '2026-04-13', 'Pending', 1, '2026-03-14 06:07:37', 0.00, 0.00, 0.00, 0.00, 'Cash', NULL, NULL, 'Pending', NULL, NULL),
(12, 'INV-20260314-0005', 9, 38, 314050.00, '2026-03-14', '2026-04-13', 'Pending', 1, '2026-03-14 06:07:43', 0.00, 0.00, 0.00, 0.00, 'Cash', NULL, NULL, 'Pending', NULL, NULL),
(13, 'INV-20260314-0006', 1, 6, 13033.44, '2026-03-14', '2026-03-14', 'Paid', 1, '2026-03-14 08:11:01', 11637.00, 0.00, 12.00, 1396.44, 'Cash', 1, '2026-03-14 08:11:13', 'Approved', '', 'DR-20260314-0002');

-- --------------------------------------------------------

--
-- Table structure for table `invoice_items`
--

CREATE TABLE `invoice_items` (
  `item_id` int(11) NOT NULL,
  `invoice_id` int(11) NOT NULL,
  `product_id` int(11) NOT NULL,
  `product_name` varchar(100) NOT NULL,
  `quantity` decimal(10,2) NOT NULL,
  `unit_price` decimal(10,2) NOT NULL,
  `subtotal` decimal(12,2) NOT NULL,
  `created_at` timestamp NOT NULL DEFAULT current_timestamp()
) ENGINE=InnoDB DEFAULT CHARSET=utf8mb4 COLLATE=utf8mb4_general_ci;

--
-- Dumping data for table `invoice_items`
--

INSERT INTO `invoice_items` (`item_id`, `invoice_id`, `product_id`, `product_name`, `quantity`, `unit_price`, `subtotal`, `created_at`) VALUES
(1, 5, 26, 'Filtaste Kaong 12 oz', 100.00, 85.00, 8500.00, '2026-03-09 14:22:43'),
(2, 5, 42, 'Filtaste Kaong 32 oz', 100.00, 163.77, 16377.00, '2026-03-09 14:22:43'),
(3, 6, 41, 'Filtaste Nata de Coco 32 oz', 10.00, 124.53, 1245.30, '2026-03-09 14:32:22'),
(4, 7, 26, 'Filtaste Kaong 12 oz', 10.00, 85.00, 850.00, '2026-03-09 14:43:17'),
(5, 9, 26, 'Filtaste Kaong 12 oz', 12.00, 85.00, 1020.00, '2026-03-14 06:07:19'),
(6, 13, 17, 'Lorenzana Bagoong Isda Original 310 mL', 300.00, 38.79, 11637.00, '2026-03-14 08:11:01');

-- --------------------------------------------------------

--
-- Table structure for table `migrations`
--

CREATE TABLE `migrations` (
  `id` int(11) NOT NULL,
  `filename` varchar(255) NOT NULL,
  `checksum` varchar(64) NOT NULL,
  `applied_at` timestamp NOT NULL DEFAULT current_timestamp(),
  `applied_by` int(11) DEFAULT NULL,
  `success` tinyint(1) DEFAULT 1
) ENGINE=InnoDB DEFAULT CHARSET=utf8mb4 COLLATE=utf8mb4_general_ci;

-- --------------------------------------------------------

--
-- Table structure for table `order_items`
--

CREATE TABLE `order_items` (
  `item_id` int(11) NOT NULL,
  `order_id` int(11) NOT NULL,
  `product_id` int(11) NOT NULL,
  `quantity` decimal(10,2) NOT NULL,
  `unit_price` decimal(10,2) NOT NULL DEFAULT 0.00,
  `subtotal` decimal(12,2) NOT NULL DEFAULT 0.00,
  `reserved` tinyint(1) NOT NULL DEFAULT 1,
  `created_at` timestamp NOT NULL DEFAULT current_timestamp()
) ENGINE=InnoDB DEFAULT CHARSET=utf8mb4 COLLATE=utf8mb4_general_ci;

--
-- Dumping data for table `order_items`
--

INSERT INTO `order_items` (`item_id`, `order_id`, `product_id`, `quantity`, `unit_price`, `subtotal`, `reserved`, `created_at`) VALUES
(2, 2, 11, 40.00, 68.25, 2730.00, 0, '2026-03-09 11:31:17'),
(3, 3, 26, 560.00, 85.00, 47600.00, 0, '2026-03-09 11:56:23'),
(4, 4, 24, 12.00, 60.00, 720.00, 0, '2026-03-09 12:03:54'),
(5, 5, 24, 12.00, 60.00, 720.00, 0, '2026-03-09 12:04:14'),
(6, 6, 17, 300.00, 38.79, 11637.00, 0, '2026-03-09 12:24:20'),
(9, 8, 26, 100.00, 85.00, 8500.00, 0, '2026-03-09 12:48:39'),
(10, 8, 42, 100.00, 163.77, 16377.00, 0, '2026-03-09 12:48:39'),
(11, 9, 24, 778.00, 60.00, 46680.00, 0, '2026-03-09 13:05:55'),
(12, 10, 41, 10.00, 124.53, 1245.30, 0, '2026-03-09 14:30:06'),
(13, 11, 26, 10.00, 85.00, 850.00, 0, '2026-03-09 14:39:48'),
(24, 16, 42, 100.00, 163.77, 16377.00, 0, '2026-03-09 16:01:33'),
(25, 16, 24, 100.00, 60.00, 6000.00, 0, '2026-03-09 16:01:33'),
(26, 17, 26, 12.00, 85.00, 1020.00, 0, '2026-03-09 17:55:23'),
(27, 17, 29, 12.00, 48.83, 585.96, 0, '2026-03-09 17:55:23'),
(28, 18, 26, 12.00, 85.00, 1020.00, 1, '2026-03-11 13:22:01'),
(29, 19, 26, 12.00, 85.00, 1020.00, 1, '2026-03-11 13:23:31'),
(36, 26, 26, 1.00, 85.00, 85.00, 0, '2026-03-11 13:38:06'),
(37, 27, 1, 2.00, 11.27, 22.54, 0, '2026-03-11 13:39:06'),
(38, 28, 26, 1.00, 85.00, 85.00, 0, '2026-03-11 13:40:55'),
(39, 29, 26, 1.00, 85.00, 85.00, 0, '2026-03-11 13:43:34'),
(40, 30, 26, 1.00, 85.00, 85.00, 0, '2026-03-11 13:46:48'),
(41, 31, 26, 12.00, 85.00, 1020.00, 0, '2026-03-11 17:47:08'),
(42, 32, 36, 1000.00, 17.24, 17240.00, 1, '2026-03-11 18:07:02'),
(45, 34, 26, 1200.00, 85.00, 102000.00, 0, '2026-03-11 18:20:12'),
(46, 34, 42, 1200.00, 163.77, 196524.00, 0, '2026-03-11 18:20:12'),
(49, 36, 26, 12.00, 85.00, 1020.00, 0, '2026-03-11 18:45:14'),
(50, 36, 42, 12.00, 163.77, 1965.24, 0, '2026-03-11 18:45:14'),
(54, 38, 38, 1000.00, 151.03, 151030.00, 1, '2026-03-11 18:47:56'),
(55, 38, 26, 1212.00, 85.00, 103020.00, 1, '2026-03-11 18:47:56'),
(56, 38, 24, 1000.00, 60.00, 60000.00, 1, '2026-03-11 18:47:56'),
(60, 40, 37, 1000.00, 40.94, 40940.00, 1, '2026-03-11 18:50:48'),
(61, 40, 36, 1000.00, 17.24, 17240.00, 1, '2026-03-11 18:50:48'),
(64, 42, 16, 100.00, 95.08, 9508.00, 1, '2026-03-11 20:09:11'),
(65, 43, 17, 10.00, 38.79, 387.90, 0, '2026-03-13 05:34:49'),
(66, 44, 26, 12.00, 85.00, 1020.00, 1, '2026-03-14 05:31:27'),
(67, 45, 26, 12.00, 85.00, 1020.00, 1, '2026-03-14 06:06:51'),
(68, 46, 26, 12.00, 85.00, 1020.00, 1, '2026-03-14 07:24:17'),
(69, 47, 26, 12.00, 85.00, 1020.00, 1, '2026-03-14 07:24:26'),
(70, 48, 26, 12.00, 85.00, 1020.00, 0, '2026-03-14 07:24:40');

-- --------------------------------------------------------

--
-- Table structure for table `pagination_settings`
--

CREATE TABLE `pagination_settings` (
  `id` int(11) NOT NULL,
  `setting_key` varchar(50) NOT NULL,
  `setting_value` varchar(50) NOT NULL,
  `description` varchar(255) DEFAULT NULL,
  `updated_at` timestamp NOT NULL DEFAULT current_timestamp() ON UPDATE current_timestamp()
) ENGINE=InnoDB DEFAULT CHARSET=utf8mb4 COLLATE=utf8mb4_general_ci;

--
-- Dumping data for table `pagination_settings`
--

INSERT INTO `pagination_settings` (`id`, `setting_key`, `setting_value`, `description`, `updated_at`) VALUES
(1, 'items_per_page', '10', 'Default rows per page', '2026-03-09 13:48:05'),
(2, 'per_page_options', '10,25,50,100,200', 'Dropdown options', '2026-03-09 11:01:10');

-- --------------------------------------------------------

--
-- Table structure for table `payments`
--

CREATE TABLE `payments` (
  `payment_id` int(11) NOT NULL,
  `invoice_id` int(11) NOT NULL,
  `payment_number` varchar(50) NOT NULL,
  `payment_date` date NOT NULL,
  `payment_method` enum('Cash','Bank Transfer','Check','Credit Card','Other') DEFAULT 'Cash',
  `amount` decimal(12,2) NOT NULL,
  `reference_number` varchar(100) DEFAULT NULL,
  `notes` text DEFAULT NULL,
  `created_by` int(11) DEFAULT NULL,
  `created_at` timestamp NOT NULL DEFAULT current_timestamp()
) ENGINE=InnoDB DEFAULT CHARSET=utf8mb4 COLLATE=utf8mb4_general_ci;

--
-- Dumping data for table `payments`
--

INSERT INTO `payments` (`payment_id`, `invoice_id`, `payment_number`, `payment_date`, `payment_method`, `amount`, `reference_number`, `notes`, `created_by`, `created_at`) VALUES
(1, 4, 'PAY-20260309-0001', '2026-03-09', '', 720.00, '', '', 5, '2026-03-09 12:20:39'),
(2, 3, 'PAY-20260309-0002', '2026-03-09', '', 720.00, '', '', 5, '2026-03-09 12:20:51'),
(3, 2, 'PAY-20260309-0003', '2026-03-09', '', 47600.00, '', '', 5, '2026-03-09 12:20:55'),
(4, 1, 'PAY-20260309-0004', '2026-03-09', '', 2730.00, '', '', 5, '2026-03-09 12:21:00'),
(5, 5, 'PAY-20260309-0005', '2026-03-09', '', 27862.24, '', '', 1, '2026-03-09 14:23:00'),
(6, 6, 'PAY-20260309-0006', '2026-03-09', '', 1394.74, '', '', 1, '2026-03-09 14:44:01'),
(7, 7, 'PAY-20260309-0007', '2026-03-09', '', 952.00, '', '', 1, '2026-03-09 14:44:18'),
(8, 13, 'PAY-20260314-0001', '2026-03-14', '', 13033.44, '', '', 1, '2026-03-14 08:11:34');

-- --------------------------------------------------------

--
-- Table structure for table `payroll`
--

CREATE TABLE `payroll` (
  `payroll_id` int(11) NOT NULL,
  `employee_id` int(11) NOT NULL,
  `payroll_period_start` date NOT NULL,
  `payroll_period_end` date NOT NULL,
  `basic_salary` decimal(10,2) DEFAULT 0.00,
  `overtime_pay` decimal(10,2) DEFAULT 0.00,
  `allowances` decimal(10,2) DEFAULT 0.00,
  `gross_pay` decimal(10,2) DEFAULT 0.00,
  `deductions` decimal(10,2) DEFAULT 0.00,
  `net_pay` decimal(10,2) DEFAULT 0.00,
  `status` enum('Draft','Processed','Paid') DEFAULT 'Draft',
  `processed_by` int(11) DEFAULT NULL,
  `created_at` timestamp NOT NULL DEFAULT current_timestamp(),
  `payroll_ref` varchar(50) DEFAULT NULL
) ENGINE=InnoDB DEFAULT CHARSET=utf8mb4 COLLATE=utf8mb4_general_ci;

--
-- Dumping data for table `payroll`
--

INSERT INTO `payroll` (`payroll_id`, `employee_id`, `payroll_period_start`, `payroll_period_end`, `basic_salary`, `overtime_pay`, `allowances`, `gross_pay`, `deductions`, `net_pay`, `status`, `processed_by`, `created_at`, `payroll_ref`) VALUES
(1, 7, '2026-02-01', '2026-03-15', 684.00, 0.00, 0.00, 1118.08, 185.51, 932.57, 'Processed', 1, '2026-03-09 15:01:20', 'PAY-20260309-0008'),
(2, 6, '2026-03-01', '2026-03-15', 628.00, 0.00, 0.00, 301.92, 166.28, 135.64, 'Processed', 1, '2026-03-11 11:15:51', 'PAY-20260311-0001'),
(3, 9, '2026-03-01', '2026-03-15', 541.00, 0.00, 0.00, 291.31, 161.95, 129.36, 'Processed', 1, '2026-03-11 11:15:51', 'PAY-20260311-0002'),
(4, 8, '2026-03-01', '2026-03-15', 693.00, 0.00, 0.00, 386.48, 169.52, 216.96, 'Processed', 1, '2026-03-11 11:15:51', 'PAY-20260311-0003'),
(5, 1, '2026-03-01', '2026-03-15', 562.00, 0.00, 0.00, 259.38, 165.69, 93.69, 'Processed', 1, '2026-03-11 11:15:51', 'PAY-20260311-0004'),
(6, 5, '2026-03-01', '2026-03-15', 700.00, 0.00, 0.00, 350.00, 176.60, 173.40, 'Processed', 1, '2026-03-11 11:15:51', 'PAY-20260311-0005'),
(7, 7, '2026-03-01', '2026-03-15', 684.00, 0.00, 0.00, 394.62, 169.07, 225.55, 'Processed', 1, '2026-03-11 11:15:51', 'PAY-20260311-0006'),
(8, 4, '2026-03-01', '2026-03-15', 513.00, 0.00, 0.00, 295.96, 170.42, 125.54, 'Processed', 1, '2026-03-11 11:15:51', 'PAY-20260311-0007'),
(9, 6, '2026-02-01', '2026-03-15', 628.00, 0.00, 0.00, 942.00, 181.38, 760.62, 'Processed', 1, '2026-03-11 11:36:34', 'PAY-20260311-0008'),
(10, 9, '2026-02-01', '2026-03-15', 541.00, 0.00, 0.00, 863.52, 174.95, 688.57, 'Processed', 1, '2026-03-11 11:36:34', 'PAY-20260311-0009'),
(11, 8, '2026-02-01', '2026-03-15', 693.00, 0.00, 0.00, 1012.85, 176.18, 836.67, 'Processed', 1, '2026-03-11 11:36:34', 'PAY-20260311-0010'),
(12, 1, '2026-02-01', '2026-03-15', 562.00, 0.00, 0.00, 810.58, 176.50, 634.08, 'Processed', 1, '2026-03-11 11:36:34', 'PAY-20260311-0011'),
(13, 5, '2026-02-01', '2026-03-15', 700.00, 0.00, 0.00, 1036.54, 183.33, 853.21, 'Processed', 1, '2026-03-11 11:36:34', 'PAY-20260311-0012'),
(14, 4, '2026-02-01', '2026-03-15', 513.00, 0.00, 0.00, 799.10, 177.82, 621.28, 'Processed', 1, '2026-03-11 11:36:34', 'PAY-20260311-0013');

-- --------------------------------------------------------

--
-- Table structure for table `payroll_breakdown`
--

CREATE TABLE `payroll_breakdown` (
  `id` int(11) NOT NULL,
  `payroll_id` int(11) NOT NULL,
  `type` enum('earning','deduction') NOT NULL,
  `code` varchar(50) NOT NULL,
  `description` varchar(100) DEFAULT NULL,
  `amount` decimal(10,2) NOT NULL DEFAULT 0.00,
  `created_at` timestamp NOT NULL DEFAULT current_timestamp()
) ENGINE=InnoDB DEFAULT CHARSET=utf8mb4 COLLATE=utf8mb4_general_ci;

--
-- Dumping data for table `payroll_breakdown`
--

INSERT INTO `payroll_breakdown` (`id`, `payroll_id`, `type`, `code`, `description`, `amount`, `created_at`) VALUES
(1, 1, 'deduction', 'SSS', 'SSS Contribution', 135.00, '2026-03-09 15:01:20'),
(2, 1, 'deduction', 'PHILHEALTH', 'PhilHealth Contribution', 17.10, '2026-03-09 15:01:20'),
(3, 1, 'deduction', 'PAGIBIG', 'Pag-IBIG Contribution', 13.68, '2026-03-09 15:01:20'),
(4, 1, 'deduction', 'LATE', 'Late Penalty', 19.73, '2026-03-09 15:01:20'),
(5, 2, 'deduction', 'SSS', 'SSS Contribution', 135.00, '2026-03-11 11:15:51'),
(6, 2, 'deduction', 'PHILHEALTH', 'PhilHealth Contribution', 15.70, '2026-03-11 11:15:51'),
(7, 2, 'deduction', 'PAGIBIG', 'Pag-IBIG Contribution', 12.56, '2026-03-11 11:15:51'),
(8, 2, 'deduction', 'LATE', 'Late Penalty', 3.02, '2026-03-11 11:15:51'),
(9, 3, 'deduction', 'SSS', 'SSS Contribution', 135.00, '2026-03-11 11:15:51'),
(10, 3, 'deduction', 'PHILHEALTH', 'PhilHealth Contribution', 13.53, '2026-03-11 11:15:51'),
(11, 3, 'deduction', 'PAGIBIG', 'Pag-IBIG Contribution', 10.82, '2026-03-11 11:15:51'),
(12, 3, 'deduction', 'LATE', 'Late Penalty', 2.60, '2026-03-11 11:15:51'),
(13, 4, 'deduction', 'SSS', 'SSS Contribution', 135.00, '2026-03-11 11:15:51'),
(14, 4, 'deduction', 'PHILHEALTH', 'PhilHealth Contribution', 17.33, '2026-03-11 11:15:51'),
(15, 4, 'deduction', 'PAGIBIG', 'Pag-IBIG Contribution', 13.86, '2026-03-11 11:15:51'),
(16, 4, 'deduction', 'LATE', 'Late Penalty', 3.33, '2026-03-11 11:15:51'),
(17, 5, 'deduction', 'SSS', 'SSS Contribution', 135.00, '2026-03-11 11:15:51'),
(18, 5, 'deduction', 'PHILHEALTH', 'PhilHealth Contribution', 14.05, '2026-03-11 11:15:51'),
(19, 5, 'deduction', 'PAGIBIG', 'Pag-IBIG Contribution', 11.24, '2026-03-11 11:15:51'),
(20, 5, 'deduction', 'LATE', 'Late Penalty', 5.40, '2026-03-11 11:15:51'),
(21, 6, 'deduction', 'SSS', 'SSS Contribution', 135.00, '2026-03-11 11:15:51'),
(22, 6, 'deduction', 'PHILHEALTH', 'PhilHealth Contribution', 17.50, '2026-03-11 11:15:51'),
(23, 6, 'deduction', 'PAGIBIG', 'Pag-IBIG Contribution', 14.00, '2026-03-11 11:15:51'),
(24, 6, 'deduction', 'LATE', 'Late Penalty', 10.10, '2026-03-11 11:15:51'),
(25, 7, 'deduction', 'SSS', 'SSS Contribution', 135.00, '2026-03-11 11:15:51'),
(26, 7, 'deduction', 'PHILHEALTH', 'PhilHealth Contribution', 17.10, '2026-03-11 11:15:51'),
(27, 7, 'deduction', 'PAGIBIG', 'Pag-IBIG Contribution', 13.68, '2026-03-11 11:15:51'),
(28, 7, 'deduction', 'LATE', 'Late Penalty', 3.29, '2026-03-11 11:15:51'),
(29, 8, 'deduction', 'SSS', 'SSS Contribution', 135.00, '2026-03-11 11:15:51'),
(30, 8, 'deduction', 'PHILHEALTH', 'PhilHealth Contribution', 12.83, '2026-03-11 11:15:51'),
(31, 8, 'deduction', 'PAGIBIG', 'Pag-IBIG Contribution', 10.26, '2026-03-11 11:15:51'),
(32, 8, 'deduction', 'LATE', 'Late Penalty', 12.33, '2026-03-11 11:15:51'),
(33, 9, 'deduction', 'SSS', 'SSS Contribution', 135.00, '2026-03-11 11:36:34'),
(34, 9, 'deduction', 'PHILHEALTH', 'PhilHealth Contribution', 15.70, '2026-03-11 11:36:34'),
(35, 9, 'deduction', 'PAGIBIG', 'Pag-IBIG Contribution', 12.56, '2026-03-11 11:36:34'),
(36, 9, 'deduction', 'LATE', 'Late Penalty', 18.12, '2026-03-11 11:36:34'),
(37, 10, 'deduction', 'SSS', 'SSS Contribution', 135.00, '2026-03-11 11:36:34'),
(38, 10, 'deduction', 'PHILHEALTH', 'PhilHealth Contribution', 13.53, '2026-03-11 11:36:34'),
(39, 10, 'deduction', 'PAGIBIG', 'Pag-IBIG Contribution', 10.82, '2026-03-11 11:36:34'),
(40, 10, 'deduction', 'LATE', 'Late Penalty', 15.61, '2026-03-11 11:36:34'),
(41, 11, 'deduction', 'SSS', 'SSS Contribution', 135.00, '2026-03-11 11:36:34'),
(42, 11, 'deduction', 'PHILHEALTH', 'PhilHealth Contribution', 17.33, '2026-03-11 11:36:34'),
(43, 11, 'deduction', 'PAGIBIG', 'Pag-IBIG Contribution', 13.86, '2026-03-11 11:36:34'),
(44, 11, 'deduction', 'LATE', 'Late Penalty', 10.00, '2026-03-11 11:36:34'),
(45, 12, 'deduction', 'SSS', 'SSS Contribution', 135.00, '2026-03-11 11:36:34'),
(46, 12, 'deduction', 'PHILHEALTH', 'PhilHealth Contribution', 14.05, '2026-03-11 11:36:34'),
(47, 12, 'deduction', 'PAGIBIG', 'Pag-IBIG Contribution', 11.24, '2026-03-11 11:36:34'),
(48, 12, 'deduction', 'LATE', 'Late Penalty', 16.21, '2026-03-11 11:36:34'),
(49, 13, 'deduction', 'SSS', 'SSS Contribution', 135.00, '2026-03-11 11:36:34'),
(50, 13, 'deduction', 'PHILHEALTH', 'PhilHealth Contribution', 17.50, '2026-03-11 11:36:34'),
(51, 13, 'deduction', 'PAGIBIG', 'Pag-IBIG Contribution', 14.00, '2026-03-11 11:36:34'),
(52, 13, 'deduction', 'LATE', 'Late Penalty', 16.83, '2026-03-11 11:36:34'),
(53, 14, 'deduction', 'SSS', 'SSS Contribution', 135.00, '2026-03-11 11:36:34'),
(54, 14, 'deduction', 'PHILHEALTH', 'PhilHealth Contribution', 12.83, '2026-03-11 11:36:34'),
(55, 14, 'deduction', 'PAGIBIG', 'Pag-IBIG Contribution', 10.26, '2026-03-11 11:36:34'),
(56, 14, 'deduction', 'LATE', 'Late Penalty', 19.73, '2026-03-11 11:36:34');

-- --------------------------------------------------------

--
-- Table structure for table `payroll_deductions`
--

CREATE TABLE `payroll_deductions` (
  `deduction_id` int(11) NOT NULL,
  `payroll_id` int(11) NOT NULL,
  `deduction_type` varchar(100) NOT NULL,
  `amount` decimal(10,2) NOT NULL,
  `description` text DEFAULT NULL
) ENGINE=InnoDB DEFAULT CHARSET=utf8mb4 COLLATE=utf8mb4_general_ci;

-- --------------------------------------------------------

--
-- Table structure for table `payroll_settings`
--

CREATE TABLE `payroll_settings` (
  `id` int(11) NOT NULL,
  `setting_key` varchar(50) NOT NULL,
  `setting_value` decimal(10,4) NOT NULL,
  `description` varchar(100) DEFAULT NULL,
  `updated_at` timestamp NOT NULL DEFAULT current_timestamp() ON UPDATE current_timestamp()
) ENGINE=InnoDB DEFAULT CHARSET=utf8mb4 COLLATE=utf8mb4_general_ci;

-- --------------------------------------------------------

--
-- Table structure for table `po_items`
--

CREATE TABLE `po_items` (
  `po_item_id` int(11) NOT NULL,
  `po_id` int(11) NOT NULL,
  `material_id` int(11) DEFAULT NULL,
  `product_id` int(11) DEFAULT NULL,
  `item_name` varchar(200) NOT NULL,
  `item_type` enum('Raw Material','Product','Other') DEFAULT 'Raw Material',
  `quantity_ordered` decimal(10,2) NOT NULL,
  `quantity_received` decimal(10,2) DEFAULT 0.00,
  `unit` varchar(20) DEFAULT 'kg',
  `unit_price` decimal(12,2) NOT NULL,
  `subtotal` decimal(12,2) NOT NULL,
  `notes` text DEFAULT NULL
) ENGINE=InnoDB DEFAULT CHARSET=utf8mb4 COLLATE=utf8mb4_general_ci;

--
-- Dumping data for table `po_items`
--

INSERT INTO `po_items` (`po_item_id`, `po_id`, `material_id`, `product_id`, `item_name`, `item_type`, `quantity_ordered`, `quantity_received`, `unit`, `unit_price`, `subtotal`, `notes`) VALUES
(1, 1, 23, NULL, 'Potassium sorbate (preservative)', 'Raw Material', 12.00, 12.00, 'tons', 122.00, 1.00, ''),
(2, 2, 23, NULL, 'Potassium sorbate (preservative)', 'Raw Material', 1.00, 1.00, 'kg', 123.00, 0.00, '1'),
(3, 2, 23, NULL, 'Potassium sorbate (preservative)', 'Raw Material', 1.00, 1.00, 'kg', 123.00, 1.00, '1'),
(4, 3, 23, NULL, 'Potassium sorbate (preservative)', 'Raw Material', 121.00, 121.00, 'kg', 122.00, 1.00, '1'),
(5, 4, 29, NULL, 'Plastic sachets (PET/AL/PE laminate)', 'Raw Material', 12.00, 12.00, 'kg', 1.00, 1.00, '');

-- --------------------------------------------------------

--
-- Table structure for table `production_batches`
--

CREATE TABLE `production_batches` (
  `batch_id` int(11) NOT NULL,
  `batch_number` varchar(50) NOT NULL,
  `product_id` int(11) DEFAULT NULL,
  `batch_date` date NOT NULL,
  `quantity` decimal(10,2) NOT NULL,
  `expiry_date` date NOT NULL,
  `warehouse_location` varchar(255) DEFAULT NULL,
  `fermentation_status` enum('Not Started','Ongoing','Completed') DEFAULT 'Not Started',
  `packaging_status` enum('Pending','In Progress','Finished') DEFAULT 'Pending',
  `status` varchar(50) DEFAULT 'Processing',
  `created_by` int(11) DEFAULT NULL,
  `request_id` int(11) DEFAULT NULL,
  `created_at` timestamp NOT NULL DEFAULT current_timestamp(),
  `phase` varchar(50) DEFAULT 'Planned'
) ENGINE=InnoDB DEFAULT CHARSET=utf8mb4 COLLATE=utf8mb4_general_ci;

--
-- Dumping data for table `production_batches`
--

INSERT INTO `production_batches` (`batch_id`, `batch_number`, `product_id`, `batch_date`, `quantity`, `expiry_date`, `warehouse_location`, `fermentation_status`, `packaging_status`, `status`, `created_by`, `request_id`, `created_at`, `phase`) VALUES
(1, 'BAT-20260309-0001', 26, '2026-03-09', 100.00, '2027-03-09', 'Lot 6720 Brgy San Joaquin Sto Tomas Batangas', '', 'Pending', 'Completed', 1, 1, '2026-03-09 11:13:48', 'Completed'),
(2, 'BAT-20260309-0002', 26, '2026-03-09', 100.00, '2027-03-09', 'Lot 6720 Brgy San Joaquin Sto Tomas Batangas', '', 'Pending', 'Completed', 1, 0, '2026-03-09 11:14:35', 'Completed'),
(3, 'BAT-20260309-0003', 11, '2026-03-09', 500.00, '2027-03-09', 'Lot 6720 Brgy San Joaquin Sto Tomas Batangas', 'Completed', 'Pending', 'Completed', 1, 0, '2026-03-09 11:38:25', 'Completed'),
(4, 'BAT-20260309-0004', 1, '2026-03-09', 12.00, '2028-03-08', 'Lot 6720 Brgy San Joaquin Sto Tomas Batangas', '', 'Pending', 'Completed', 1, 0, '2026-03-09 11:41:41', 'Completed'),
(5, 'BAT-20260309-0005', 26, '2026-03-09', 100.00, '2027-03-09', 'Lot 6720 Brgy San Joaquin Sto Tomas Batangas', '', 'Pending', 'Completed', 1, 2, '2026-03-09 12:43:15', 'Completed'),
(6, 'BAT-20260309-0006', 42, '2026-03-09', 100.00, '2027-03-09', 'Lot 6720 Brgy San Joaquin Sto Tomas Batangas', '', 'Pending', 'Completed', 1, 2, '2026-03-09 12:43:15', 'Completed'),
(7, 'BAT-20260309-0007', 26, '2026-03-09', 10.00, '2027-03-09', 'Lot 6720 Brgy San Joaquin Sto Tomas Batangas', '', 'Pending', 'Completed', 1, 0, '2026-03-09 14:12:21', 'Completed'),
(8, 'BAT-20260309-0008', 41, '2026-03-09', 10.00, '2027-03-09', 'Lot 6720 Brgy San Joaquin Sto Tomas Batangas', '', 'Pending', 'Completed', 1, 4, '2026-03-09 14:29:24', 'Completed'),
(9, 'BAT-20260309-0009', 42, '2026-03-09', 100.00, '2027-03-09', 'Lot 6720 Brgy San Joaquin Sto Tomas Batangas', '', 'Pending', 'Completed', 1, 5, '2026-03-09 15:46:39', 'Completed'),
(10, 'BAT-20260309-0010', 24, '2026-03-09', 100.00, '2027-03-09', 'Lot 6720 Brgy San Joaquin Sto Tomas Batangas', '', 'Pending', 'Completed', 1, 5, '2026-03-09 15:46:39', 'Completed'),
(11, 'BAT-20260309-0011', 42, '2026-03-09', 100.00, '2027-03-09', 'Lot 6720 Brgy San Joaquin Sto Tomas Batangas', '', 'Pending', 'Completed', 1, 5, '2026-03-09 15:59:31', 'Completed'),
(12, 'BAT-20260309-0012', 24, '2026-03-09', 100.00, '2027-03-09', 'Lot 6720 Brgy San Joaquin Sto Tomas Batangas', '', 'Pending', 'Completed', 1, 5, '2026-03-09 15:59:31', 'Completed'),
(13, 'BAT-20260311-0001', 28, '2026-03-11', 1212.00, '2028-03-10', 'Lot 6720 Brgy San Joaquin Sto Tomas Batangas', 'Completed', 'Pending', 'Completed', 2, 0, '2026-03-11 15:47:37', 'Completed'),
(14, 'BAT-20260311-0002', 36, '2026-03-11', 1000.00, '2029-03-10', 'Lot 6720 Brgy San Joaquin Sto Tomas Batangas', '', 'Pending', 'Completed', 1, 7, '2026-03-11 18:05:12', 'Completed'),
(15, 'BAT-20260311-0003', 26, '2026-03-11', 1200.00, '2027-03-11', 'Lot 6720 Brgy San Joaquin Sto Tomas Batangas', '', 'Pending', 'Completed', 1, 8, '2026-03-11 18:15:03', 'Completed'),
(16, 'BAT-20260311-0004', 42, '2026-03-11', 1200.00, '2027-03-11', 'Lot 6720 Brgy San Joaquin Sto Tomas Batangas', '', 'Pending', 'Completed', 1, 8, '2026-03-11 18:15:03', 'Completed'),
(17, 'BAT-20260311-0005', 26, '2026-03-11', 12.00, '2027-03-11', 'Lot 6720 Brgy San Joaquin Sto Tomas Batangas', '', 'Pending', 'Completed', 1, 10, '2026-03-11 18:44:51', 'Completed'),
(18, 'BAT-20260311-0006', 42, '2026-03-11', 12.00, '2027-03-11', 'Lot 6720 Brgy San Joaquin Sto Tomas Batangas', '', 'Pending', 'Completed', 1, 10, '2026-03-11 18:44:51', 'Completed'),
(19, 'BAT-20260311-0007', 38, '2026-03-11', 1000.00, '2029-03-09', 'Lot 6720 Brgy San Joaquin Sto Tomas Batangas', '', 'Pending', 'Completed', 1, 12, '2026-03-11 18:47:21', 'Completed'),
(20, 'BAT-20260311-0008', 26, '2026-03-11', 1212.00, '2027-03-11', 'Lot 6720 Brgy San Joaquin Sto Tomas Batangas', '', 'Pending', 'Completed', 1, 12, '2026-03-11 18:47:21', 'Completed'),
(21, 'BAT-20260311-0009', 24, '2026-03-11', 1000.00, '2027-03-11', 'Lot 6720 Brgy San Joaquin Sto Tomas Batangas', '', 'Pending', 'Completed', 1, 12, '2026-03-11 18:47:21', 'Completed'),
(22, 'BAT-20260311-0010', 37, '2026-03-11', 1000.00, '2029-03-10', 'Lot 6720 Brgy San Joaquin Sto Tomas Batangas', '', 'Pending', 'Completed', 1, 15, '2026-03-11 18:50:28', 'Completed'),
(23, 'BAT-20260311-0011', 36, '2026-03-11', 1000.00, '2029-03-10', 'Lot 6720 Brgy San Joaquin Sto Tomas Batangas', '', 'Pending', 'Completed', 1, 15, '2026-03-11 18:50:28', 'Completed'),
(24, 'BAT-20260311-0012', 16, '2026-03-11', 100.00, '2027-03-11', 'Lot 6720 Brgy San Joaquin Sto Tomas Batangas', '', 'Pending', 'Completed', 1, 17, '2026-03-11 20:08:56', 'Completed'),
(25, 'BAT-20260312-0001', 6, '2026-03-12', 1000.00, '2028-03-11', 'Lot 6720 Brgy San Joaquin Sto Tomas Batangas', '', 'Pending', 'Completed', 1, 0, '2026-03-12 05:30:23', 'Completed'),
(26, 'BAT-20260312-0002', 4, '2026-03-12', 1.00, '2028-03-11', 'Lot 6720 Brgy San Joaquin Sto Tomas Batangas', '', 'Pending', 'Processing', 1, 0, '2026-03-12 08:13:26', 'In Progress'),
(27, 'BAT-20260312-0003', 26, '2026-03-12', 1000.00, '2027-03-12', 'Lot 6720 Brgy San Joaquin Sto Tomas Batangas', '', 'Pending', 'Processing', 1, 18, '2026-03-12 10:58:33', 'In Progress'),
(28, 'BAT-20260313-0001', 17, '2026-03-13', 10.00, '2028-03-12', 'Lot 6720 Brgy San Joaquin Sto Tomas Batangas', '', 'Pending', 'Completed', 1, 19, '2026-03-13 05:33:48', 'Completed'),
(29, 'BAT-20260314-0001', 5, '2026-03-14', 12.00, '2028-03-13', 'Lot 6720 Brgy San Joaquin Sto Tomas Batangas', '', 'Pending', 'Completed', 1, 0, '2026-03-14 04:03:09', 'Completed'),
(30, 'BAT-20260314-0002', 26, '2026-03-14', 23.00, '2027-03-14', 'Lot 6720 Brgy San Joaquin Sto Tomas Batangas', '', 'Pending', 'Completed', 1, 0, '2026-03-14 04:04:31', 'Completed'),
(31, 'BAT-20260314-0003', 26, '2026-03-14', 122.00, '2027-03-14', 'Lot 6720 Brgy San Joaquin Sto Tomas Batangas', '', 'Pending', 'Completed', 1, 0, '2026-03-14 04:06:58', 'Completed'),
(32, 'BAT-20260314-0004', 35, '2026-03-14', 112.00, '2028-03-13', 'Lot 6720 Brgy San Joaquin Sto Tomas Batangas', '', 'Pending', 'Completed', 1, 0, '2026-03-14 04:09:29', 'Completed'),
(33, 'BAT-20260314-0005', 17, '2026-03-14', 122.00, '2028-03-13', 'Lot 6720 Brgy San Joaquin Sto Tomas Batangas', '', 'Pending', 'Completed', 1, 0, '2026-03-14 04:20:02', 'Completed'),
(34, 'BAT-20260314-0006', 1, '2026-03-15', 12.00, '2028-03-14', 'Lot 6720 Brgy San Joaquin Sto Tomas Batangas', '', 'Finished', 'Completed', 1, 0, '2026-03-14 04:29:54', 'Completed'),
(35, 'PROD-20260314-061328', 1, '2026-03-14', 50.00, '2027-03-14', NULL, 'Not Started', 'Pending', 'Ready', 1, NULL, '2026-03-14 05:13:28', 'Output Pending QC'),
(36, 'BAT-20260314-0007', 32, '2024-03-14', 12.00, '2026-03-14', 'Lot 6720 Brgy San Joaquin Sto Tomas Batangas', '', 'Pending', 'Ready', 1, 0, '2026-03-14 05:15:24', 'Output Pending QC'),
(37, 'BAT-20260314-0008', 1, '2026-03-14', 12.00, '2028-03-13', 'Lot 6720 Brgy San Joaquin Sto Tomas Batangas', 'Completed', 'Pending', 'Ready', 1, 0, '2026-03-14 05:16:28', 'Output Pending QC'),
(38, 'BAT-20260314-0009', 5, '2026-03-14', 12.00, '2028-03-13', 'Lot 6720 Brgy San Joaquin Sto Tomas Batangas', '', 'Pending', 'Ready', 1, 0, '2026-03-14 05:16:49', 'Output Pending QC'),
(39, 'PROD-20260314-061745', 1, '2026-03-14', 50.00, '2027-03-14', NULL, 'Not Started', 'Pending', 'Ready', 1, NULL, '2026-03-14 05:17:45', 'Output Pending QC'),
(40, 'BAT-20260314-0010', 1, '2026-03-14', 12.00, '2028-03-13', 'Lot 6720 Brgy San Joaquin Sto Tomas Batangas', '', 'Pending', 'Ready', 1, 0, '2026-03-14 05:18:21', 'Output Pending QC'),
(41, 'BAT-20260314-0011', 1, '2026-03-14', 12.00, '2028-03-13', 'Lot 6720 Brgy San Joaquin Sto Tomas Batangas', '', 'Pending', 'Ready', 1, 0, '2026-03-14 05:18:43', 'Output Pending QC'),
(42, 'PROD-20260314-062505', 1, '2026-03-14', 50.00, '2027-03-14', NULL, 'Not Started', 'Pending', 'Ready', 1, NULL, '2026-03-14 05:25:05', 'Output Pending QC'),
(43, 'PROD-20260314-062541', 1, '2026-03-14', 50.00, '2027-03-14', NULL, 'Not Started', 'Pending', 'Ready', 1, NULL, '2026-03-14 05:25:41', 'Output Pending QC'),
(44, 'PROD-20260314-062553', 1, '2026-03-14', 50.00, '2027-03-14', NULL, 'Not Started', 'Pending', 'Completed', 1, NULL, '2026-03-14 05:25:53', 'Completed'),
(45, 'BAT-20260314-0012', 5, '2026-03-14', 12.00, '2028-03-13', 'Lot 6720 Brgy San Joaquin Sto Tomas Batangas', '', 'Pending', 'Completed', 1, 0, '2026-03-14 05:26:24', 'Completed'),
(46, 'BAT-20260314-0013', 4, '2026-03-14', 12.00, '2028-03-13', 'Lot 6720 Brgy San Joaquin Sto Tomas Batangas', 'Completed', 'Finished', 'Ready', 1, 0, '2026-03-14 05:53:50', 'Output Pending QC'),
(47, 'BAT-20260314-0014', 5, '2026-03-14', 12.00, '2028-03-13', 'Lot 6720 Brgy San Joaquin Sto Tomas Batangas', 'Completed', 'Finished', 'Ready', 1, 0, '2026-03-14 05:53:50', 'Output Pending QC'),
(48, 'BAT-20260314-0015', 39, '2026-03-14', 12.00, '2028-03-13', 'Lot 6720 Brgy San Joaquin Sto Tomas Batangas', 'Completed', 'Finished', 'Ready', 1, 0, '2026-03-14 05:53:50', 'Output Pending QC'),
(49, 'BAT-20260314-0016', 13, '2026-03-14', 12.00, '2028-03-13', 'Lot 6720 Brgy San Joaquin Sto Tomas Batangas', 'Completed', 'Finished', 'Ready', 1, 0, '2026-03-14 05:53:50', 'Output Pending QC'),
(50, 'BAT-20260314-0017', 11, '2026-03-14', 12.00, '2027-03-14', 'Lot 6720 Brgy San Joaquin Sto Tomas Batangas', 'Completed', 'Finished', 'Ready', 1, 0, '2026-03-14 05:53:50', 'Output Pending QC'),
(51, 'BAT-20260314-0018', 26, '2026-03-14', 12.00, '2027-03-14', 'Lot 6720 Brgy San Joaquin Sto Tomas Batangas', 'Completed', 'Finished', 'Ready', 1, 0, '2026-03-14 05:53:50', 'Output Pending QC'),
(52, 'BAT-20260314-0019', 41, '2026-03-14', 12.00, '2027-03-14', 'Lot 6720 Brgy San Joaquin Sto Tomas Batangas', 'Completed', 'Finished', 'Ready', 1, 0, '2026-03-14 05:53:50', 'Output Pending QC'),
(53, 'BAT-20260314-0020', 26, '2026-03-14', 1000.00, '2027-03-14', 'Lot 6720 Brgy San Joaquin Sto Tomas Batangas', '', 'Pending', 'Processing', 1, 18, '2026-03-14 09:46:39', 'In Progress'),
(54, 'BAT-20260314-0021', 26, '2026-03-14', 12.00, '2027-03-14', 'Lot 6720 Brgy San Joaquin Sto Tomas Batangas', '', 'Pending', 'Processing', 1, 20, '2026-03-14 10:28:20', 'In Progress'),
(55, 'BAT-20260314-0022', 1, '2026-03-14', 23.00, '2028-03-13', 'Lot 6720 Brgy San Joaquin Sto Tomas Batangas', '', 'Pending', 'Ready', 1, 0, '2026-03-14 10:29:37', 'Output Pending QC'),
(56, 'BAT-20260314-0023', 26, '2026-03-14', 23.00, '2027-03-14', 'Lot 6720 Brgy San Joaquin Sto Tomas Batangas', '', 'Pending', 'Processing', 1, 21, '2026-03-14 10:57:41', 'In Progress'),
(57, 'BAT-20260314-0024', 42, '2026-03-14', 12.00, '2027-03-14', 'Lot 6720 Brgy San Joaquin Sto Tomas Batangas', '', 'Pending', 'Processing', 1, 22, '2026-03-14 11:03:48', 'In Progress'),
(58, 'BAT-20260314-0025', 26, '2026-03-14', 1000.00, '2027-03-14', 'Lot 6720 Brgy San Joaquin Sto Tomas Batangas', '', 'Pending', 'Processing', 1, 18, '2026-03-14 11:06:59', 'In Progress');

-- --------------------------------------------------------

--
-- Table structure for table `production_requests`
--

CREATE TABLE `production_requests` (
  `request_id` int(11) NOT NULL,
  `sales_order_id` int(11) DEFAULT NULL,
  `customer_name` varchar(255) NOT NULL,
  `product_id` int(11) NOT NULL,
  `requested_qty` decimal(10,2) NOT NULL,
  `reason` enum('Customer Order','Low Stock','Custom Order') DEFAULT 'Customer Order',
  `status` enum('Pending','In Progress','For Inspection','Completed','Cancelled') DEFAULT 'Pending',
  `requested_by` int(11) NOT NULL,
  `created_at` timestamp NOT NULL DEFAULT current_timestamp(),
  `updated_at` timestamp NOT NULL DEFAULT current_timestamp() ON UPDATE current_timestamp(),
  `priority` enum('Normal','High') NOT NULL DEFAULT 'Normal',
  `due_date` date DEFAULT NULL,
  `request_group_id` varchar(50) DEFAULT NULL
) ENGINE=InnoDB DEFAULT CHARSET=utf8mb4 COLLATE=utf8mb4_general_ci;

--
-- Dumping data for table `production_requests`
--

INSERT INTO `production_requests` (`request_id`, `sales_order_id`, `customer_name`, `product_id`, `requested_qty`, `reason`, `status`, `requested_by`, `created_at`, `updated_at`, `priority`, `due_date`, `request_group_id`) VALUES
(1, 0, 'test', 26, 100.00, '', 'Completed', 1, '2026-03-09 11:13:35', '2026-03-09 11:14:01', 'Normal', NULL, 'PRG-20260309121335-5931'),
(2, 0, 'test', 26, 100.00, '', 'Completed', 1, '2026-03-09 12:41:29', '2026-03-09 12:48:39', 'Normal', NULL, 'PRG-20260309134129-2550'),
(3, 0, 'test', 42, 100.00, '', 'Completed', 1, '2026-03-09 12:41:29', '2026-03-09 12:48:39', 'Normal', NULL, 'PRG-20260309134129-2550'),
(4, 0, 'test', 41, 10.00, '', 'Completed', 1, '2026-03-09 14:27:02', '2026-03-09 14:30:06', 'Normal', NULL, 'PRG-20260309152701-cb6b'),
(5, 0, 'test 2orders', 42, 100.00, '', 'Completed', 1, '2026-03-09 15:46:17', '2026-03-09 16:01:33', 'Normal', NULL, 'PRG-20260309164617-961c'),
(6, 0, 'test 2orders', 24, 100.00, '', 'Completed', 1, '2026-03-09 15:46:17', '2026-03-09 16:01:33', 'Normal', NULL, 'PRG-20260309164617-961c'),
(7, 0, 'test 2orders', 36, 1000.00, '', 'Completed', 1, '2026-03-11 18:04:27', '2026-03-11 18:07:02', 'Normal', NULL, 'PRG-20260311190427-919e'),
(8, 0, 'claire', 26, 1200.00, '', 'Completed', 1, '2026-03-11 18:14:40', '2026-03-11 18:20:12', 'Normal', NULL, 'PRG-20260311191440-c4e3'),
(9, 0, 'claire', 42, 1200.00, '', 'Completed', 1, '2026-03-11 18:14:40', '2026-03-11 18:20:12', 'Normal', NULL, 'PRG-20260311191440-c4e3'),
(10, 0, 'claire', 26, 12.00, '', 'Completed', 1, '2026-03-11 18:44:28', '2026-03-11 18:45:14', 'Normal', NULL, 'PRG-20260311194428-41f6'),
(11, 0, 'claire', 42, 12.00, '', 'Completed', 1, '2026-03-11 18:44:28', '2026-03-11 18:45:14', 'Normal', NULL, 'PRG-20260311194428-41f6'),
(12, 0, 'claire', 38, 1000.00, '', 'Completed', 1, '2026-03-11 18:47:07', '2026-03-11 18:48:04', 'Normal', NULL, 'PRG-20260311194707-267d'),
(13, 0, 'claire', 26, 1212.00, '', 'Completed', 1, '2026-03-11 18:47:07', '2026-03-11 18:48:04', 'Normal', NULL, 'PRG-20260311194707-267d'),
(14, 0, 'claire', 24, 1000.00, '', 'Completed', 1, '2026-03-11 18:47:07', '2026-03-11 18:48:04', 'Normal', NULL, 'PRG-20260311194707-267d'),
(15, 0, 'joaquin', 37, 1000.00, '', 'Completed', 1, '2026-03-11 18:50:01', '2026-03-11 18:50:53', 'Normal', NULL, 'PRG-20260311195001-49df'),
(16, 0, 'joaquin', 36, 1000.00, '', 'Completed', 1, '2026-03-11 18:50:01', '2026-03-11 18:50:53', 'Normal', NULL, 'PRG-20260311195001-49df'),
(17, 0, 'coco', 16, 100.00, '', 'Completed', 1, '2026-03-11 20:08:37', '2026-03-11 20:09:11', 'Normal', NULL, 'PRG-20260311210837-cbf3'),
(18, 0, 'claire', 26, 1000.00, '', 'For Inspection', 1, '2026-03-12 10:24:39', '2026-03-14 11:06:59', 'Normal', NULL, 'PRG-20260312112439-4ce6'),
(19, 0, 'test', 17, 10.00, '', 'Completed', 1, '2026-03-13 05:30:41', '2026-03-13 05:34:49', 'Normal', NULL, 'PRG-20260313063041-d531'),
(20, 0, 'claire', 26, 12.00, '', 'In Progress', 1, '2026-03-14 06:08:31', '2026-03-14 11:12:32', 'Normal', NULL, 'PRG-20260314070831-55ae'),
(21, 0, 'claire', 26, 23.00, '', 'For Inspection', 1, '2026-03-14 09:29:39', '2026-03-14 10:57:41', 'Normal', NULL, 'PRG-20260314102939-df9f'),
(22, 0, 'coco', 42, 12.00, '', 'For Inspection', 1, '2026-03-14 11:03:12', '2026-03-14 11:03:48', 'Normal', NULL, 'PRG-20260314120312-940c');

-- --------------------------------------------------------

--
-- Table structure for table `production_settings`
--

CREATE TABLE `production_settings` (
  `id` int(11) NOT NULL,
  `product_id` int(11) NOT NULL,
  `setting_key` varchar(50) NOT NULL,
  `setting_value` varchar(255) NOT NULL,
  `description` varchar(255) DEFAULT NULL,
  `updated_at` timestamp NOT NULL DEFAULT current_timestamp() ON UPDATE current_timestamp()
) ENGINE=InnoDB DEFAULT CHARSET=utf8mb4 COLLATE=utf8mb4_general_ci;

-- --------------------------------------------------------

--
-- Table structure for table `products`
--

CREATE TABLE `products` (
  `product_id` int(11) NOT NULL,
  `product_name` varchar(100) NOT NULL,
  `description` text DEFAULT NULL,
  `image_path` varchar(255) DEFAULT NULL,
  `unit` varchar(20) DEFAULT 'pcs',
  `category_id` int(11) DEFAULT NULL,
  `created_at` timestamp NOT NULL DEFAULT current_timestamp(),
  `fermentation_eligible` tinyint(1) NOT NULL DEFAULT 1,
  `unit_price` decimal(10,2) NOT NULL DEFAULT 0.00,
  `shelf_life_days` int(11) NOT NULL DEFAULT 365 COMMENT 'Number of days product remains shelf-stable after production. Used for automatic expiry date calculation.'
) ENGINE=InnoDB DEFAULT CHARSET=utf8mb4 COLLATE=utf8mb4_general_ci;

--
-- Dumping data for table `products`
--

INSERT INTO `products` (`product_id`, `product_name`, `description`, `image_path`, `unit`, `category_id`, `created_at`, `fermentation_eligible`, `unit_price`, `shelf_life_days`) VALUES
(1, 'Lorins Patis Flavor 150 mL pouch', 'Lorins Patis Flavor 150 mL pouch', 'patis-POUCH-150ML.webp', 'pcs', 1, '2026-02-01 05:25:06', 1, 11.27, 730),
(2, 'Lorins Patis Flavor 350 mL PET bottle', 'Lorins Patis Flavor 350 mL PET bottle', 'PATIS-350ML-PETbottle.webp', 'pcs', 1, '2026-02-01 05:25:06', 1, 22.67, 730),
(3, 'Lorins Patis Flavor with Chili 350 mL PET bottle', 'Lorins Patis Flavor with Chili 350 mL PET bottle', 'CHILI-PATIS-350ML-PETbottle.webp', 'pcs', 8, '2026-02-01 05:25:06', 1, 28.31, 730),
(4, 'Lorins Patis Flavor 1 L', 'Lorins Patis Flavor 1 Liter', 'PATIS-1LITER.webp', 'pcs', 1, '2026-02-01 05:25:06', 1, 68.91, 730),
(5, 'Lorins Patis Flavor 1893 mL (Half Gallon)', 'Lorins Patis Flavor 1893 mL (Half Gallon)', 'PATIS-HALF-GALLON.webp', 'pcs', 1, '2026-02-01 05:25:06', 1, 126.60, 730),
(6, 'Lorins Patis Flavor 3785 mL (Gallon)', 'Lorins Patis Flavor 3785 mL (Gallon)', 'PATIS-1GALLON.webp', 'pcs', 1, '2026-02-01 05:25:06', 1, 221.60, 730),
(7, 'Lorins Soy Sauce 350 mL PET bottle', 'Lorins Soy Sauce 350 mL PET bottle', 'SOY-SAUCE-350ML.webp', 'pcs', 2, '2026-02-01 05:25:06', 1, 19.89, 1095),
(8, 'Lorins Soy Sauce 1 L', 'Lorins Soy Sauce 1 Liter', 'SOY-SAUCE-1LITER.webp', 'pcs', 2, '2026-02-01 05:25:06', 1, 51.63, 1095),
(9, 'Lorins Soy Sauce 3785 mL (Gallon)', 'Lorins Soy Sauce 3785 mL (Gallon)', 'SOY-SAUCE-1GALLON.webp', 'pcs', 2, '2026-02-01 05:25:06', 1, 176.76, 1095),
(10, 'Lorins Coco Suka 150 mL', 'Lorins Coco Suka 150 mL', 'COCO-SUKA-150ML.webp', 'pcs', 3, '2026-02-01 05:25:06', 1, 44.89, 365),
(11, 'Lorins Coco Suka 310 mL', 'Lorins Coco Suka 310 mL', 'COCO-SUKA-310ML.webp', 'pcs', 3, '2026-02-01 05:25:06', 1, 68.25, 365),
(12, 'Lorins Coco Suka 800 mL', 'Lorins Coco Suka 800 mL', 'COCO-SUKA-800ML.webp', 'pcs', 3, '2026-02-01 05:25:06', 1, 156.80, 365),
(13, 'Lorins Budget / Value Pack', 'Lorins Budget / Value Pack (Vinegar + Fish Sauce + Soy Sauce)', 'BUDGET-PACK(vinegar, fishsauce-and-soysauce).webp', 'pcs', 3, '2026-02-01 05:25:06', 1, 56.20, 730),
(14, 'Lorins Alamang Guisado Original 8 oz / 250 g', 'Lorins Alamang Guisado Original 8 oz / 250 g', 'ALAMANG-GUISADO-ORIGINAL-8oz.webp', 'pcs', 4, '2026-02-01 05:25:06', 1, 95.08, 365),
(15, 'Lorins Alamang Guisado Sweet', 'Lorins Alamang Guisado Sweet', 'ALAMANG-GUISADO-SWEET-8oz.webp', 'pcs', 4, '2026-02-01 05:25:06', 1, 95.08, 365),
(16, 'Lorins Alamang Guisado Spicy', 'Lorins Alamang Guisado Spicy', 'ALAMANG-GUISADO-SPICY-8oz.webp', 'pcs', 4, '2026-02-01 05:25:06', 1, 95.08, 365),
(17, 'Lorenzana Bagoong Isda Original 310 mL', 'Lorenzana Bagoong Isda Original 310 mL', 'BAGOONG-ISDA-original-310ML.webp', 'pcs', 5, '2026-02-01 05:25:06', 1, 38.79, 730),
(18, 'Lorins Crab Paste 8 oz', 'Lorins Crab Paste 8 oz', 'CRAB-PASTE-8oz.webp', 'pcs', 6, '2026-02-01 05:25:06', 1, 169.22, 730),
(19, 'Lorins Coconut Milk 400 mL', 'Lorins Coconut Milk 400 mL tin', 'COCONUT-MILK.webp', 'pcs', 6, '2026-02-01 05:25:06', 1, 67.81, 365),
(20, 'Lorins Premium Extra-Virgin Anchovy Extract 200 mL', 'Lorins Premium Extra-Virgin Anchovy Extract 200 mL', 'PREMIUM-extra-virgin-anchovy-ectract-200ML.webp', 'pcs', 7, '2026-02-01 05:25:06', 1, 57.49, 365),
(21, 'Lorins Fish Sauce 800 mL glass bottle', 'Lorins Fish Sauce 800 mL glass bottle', 'patis-800ML.webp', 'pcs', 8, '2026-02-01 05:25:06', 1, 92.42, 730),
(23, 'Lorins Coco Suka Spicy-Sweet 310 mL', 'Lorins Coco Suka Spicy-Sweet 310 mL', 'COCO-SUKA-310ML.webp', 'pcs', 8, '2026-02-01 05:25:06', 1, 68.25, 365),
(24, 'Filtaste Nata de Coco 12 oz', 'Filtaste Nata de Coco 12 oz', 'NATA-DE-COCO-12OZ.webp', 'pcs', 9, '2026-02-01 06:38:24', 1, 60.00, 365),
(26, 'Filtaste Kaong 12 oz', 'Filtaste Kaong 12 oz', 'KAONG-12OZ.webp', 'pcs', 9, '2026-02-01 06:38:24', 1, 85.00, 365),
(28, 'Lorins Patis Puro 150 mL', 'Lorins Patis Puro 150 mL', 'patis-PURO-150ML.webp', 'pcs', 1, '2026-02-01 06:38:24', 1, 33.60, 730),
(29, 'Lorins Patis Puro 310 mL', 'Lorins Patis Puro 310 mL', 'patis-PURO-310ML.webp', 'pcs', 1, '2026-02-01 06:38:24', 1, 48.83, 730),
(30, 'Lorins Patis Puro Chili Mansi 150 mL', 'Lorins Patis Puro Chili Mansi 150 mL', 'patis-puro-CHILIMANSI-150ML.webp', 'pcs', 8, '2026-02-01 06:38:24', 1, 37.70, 730),
(31, 'Lorins Patis Puro Chili Mansi 310 mL', 'Lorins Patis Puro Chili Mansi 310 mL', 'patis-puro-CHILIMANSI-310ML.webp', 'pcs', 8, '2026-02-01 06:38:24', 1, 57.09, 730),
(32, 'Lorins Patis Puro Mansi 150 mL', 'Lorins Patis Puro Mansi 150 mL', 'patis-PURO-MANSI-150ML.webp', 'pcs', 8, '2026-02-01 06:38:24', 1, 36.33, 730),
(33, 'Lorins Patis Flavor 7+1 Tipid Pouch', 'Lorins Patis Flavor 7+1 Tipid Pouch', 'Lorins-patis-7+1(patis-flavor-tipidpouch).webp', 'pcs', 1, '2026-02-01 06:38:24', 1, 78.79, 730),
(34, 'Lorins Patis Twin Pack 1L x 2', 'Lorins Patis Twin Pack 1 Liter x 2', 'patis-TWINPACK(1litterx2).webp', 'pcs', 1, '2026-02-01 06:38:24', 1, 131.01, 730),
(35, 'Lorins Patis Pouch 350 mL', 'Lorins Patis Pouch 350 mL', 'patis-POUCH-350ML.webp', 'pcs', 1, '2026-02-01 06:38:24', 1, 20.66, 730),
(36, 'Lorins Vinegar 350 mL', 'Lorins Vinegar 350 mL', 'VINEGAR-350ML.webp', 'pcs', 3, '2026-02-01 06:38:24', 1, 17.24, 1095),
(37, 'Lorins Vinegar 1 L', 'Lorins Vinegar 1 Liter', 'VINEGAR-1LITER.webp', 'pcs', 3, '2026-02-01 06:38:24', 1, 40.94, 1095),
(38, 'Lorins Vinegar 3785 mL (Gallon)', 'Lorins Vinegar Gallon', 'VINEGAR-1GALLON.webp', 'pcs', 3, '2026-02-01 06:38:24', 1, 151.03, 1094),
(39, 'Lorins Value Pack (Soy Sauce + Vinegar + Free Patis Pouch)', 'Lorins Value Pack with free patis pouch', 'BUDGET-PACK(vinegar, fishsauce-and-soysauce).webp', 'pcs', 3, '2026-02-01 06:38:24', 1, 91.68, 730),
(40, 'Lorins Patis Puro 800 mL', 'Lorins Patis Puro 800 mL', 'Lorins_Patis_Puro_800_mL_1772103212.webp', 'pcs', 1, '2026-02-26 09:42:57', 1, 92.42, 730),
(41, 'Filtaste Nata de Coco 32 oz', 'Filtaste Nata de Coco 32 oz', 'NATA-DE-COCO-32OZ.webp', 'pcs', 9, '2026-02-26 09:42:57', 1, 124.53, 365),
(42, 'Filtaste Kaong 32 oz', 'Filtaste Kaong 32 oz', 'KAONG-32OZ.webp', 'pcs', 9, '2026-02-26 09:42:57', 1, 163.77, 365);

-- --------------------------------------------------------

--
-- Table structure for table `product_categories`
--

CREATE TABLE `product_categories` (
  `category_id` int(11) NOT NULL,
  `category_name` varchar(100) NOT NULL,
  `description` text DEFAULT NULL,
  `created_at` timestamp NOT NULL DEFAULT current_timestamp()
) ENGINE=InnoDB DEFAULT CHARSET=utf8mb4 COLLATE=utf8mb4_general_ci;

--
-- Dumping data for table `product_categories`
--

INSERT INTO `product_categories` (`category_id`, `category_name`, `description`, `created_at`) VALUES
(1, 'Patis (Fish Sauce)', 'Fish sauce products under Lorins Patis Flavor brand', '2026-03-08 16:00:00'),
(2, 'Soy Sauce', 'Soy sauce products under Lorins brand', '2026-03-08 16:00:00'),
(3, 'Vinegar', 'Vinegar products including Coco Suka and value packs', '2026-03-08 16:00:00'),
(4, 'Alamang (Shrimp Paste)', 'Sauteed shrimp paste products', '2026-03-08 16:00:00'),
(5, 'Bagoong', 'Fermented fish products', '2026-03-08 16:00:00'),
(6, 'Specialty Products', 'Specialty items like crab paste and coconut milk', '2026-03-08 16:00:00'),
(7, 'Premium Products', 'Premium and extra-virgin products', '2026-03-08 16:00:00'),
(8, 'Variants', 'Special variants and limited editions', '2026-03-08 16:00:00'),
(9, 'Nata de Coco & Kaong', 'Nata de coco and kaong products', '2026-03-08 16:00:00');

-- --------------------------------------------------------

--
-- Table structure for table `product_category_materials`
--

CREATE TABLE `product_category_materials` (
  `category_id` int(11) NOT NULL,
  `material_id` int(11) NOT NULL
) ENGINE=InnoDB DEFAULT CHARSET=utf8mb4 COLLATE=utf8mb4_general_ci;

-- --------------------------------------------------------

--
-- Table structure for table `product_recipes`
--

CREATE TABLE `product_recipes` (
  `recipe_id` int(11) NOT NULL,
  `product_id` int(11) NOT NULL,
  `material_id` int(11) NOT NULL,
  `quantity_required` decimal(10,2) NOT NULL,
  `created_at` timestamp NOT NULL DEFAULT current_timestamp()
) ENGINE=InnoDB DEFAULT CHARSET=utf8mb4 COLLATE=utf8mb4_general_ci;

--
-- Dumping data for table `product_recipes`
--

INSERT INTO `product_recipes` (`recipe_id`, `product_id`, `material_id`, `quantity_required`, `created_at`) VALUES
(1, 2, 1, 5.00, '2026-03-12 06:57:49'),
(2, 2, 2, 0.80, '2026-03-12 06:57:49'),
(3, 2, 3, 0.20, '2026-03-12 06:57:49'),
(4, 1, 9, 4.00, '2026-03-12 07:01:06'),
(5, 1, 14, 0.60, '2026-03-12 07:01:06'),
(6, 1, 20, 0.15, '2026-03-12 07:01:06'),
(7, 1, 29, 1.00, '2026-03-12 07:01:06'),
(8, 1, 30, 1.00, '2026-03-12 07:01:06'),
(9, 1, 31, 1.00, '2026-03-12 07:01:06'),
(10, 2, 9, 5.00, '2026-03-12 07:01:06'),
(11, 2, 14, 0.80, '2026-03-12 07:01:06'),
(12, 2, 20, 0.20, '2026-03-12 07:01:06'),
(13, 2, 28, 1.00, '2026-03-12 07:01:06'),
(14, 2, 30, 1.00, '2026-03-12 07:01:06'),
(15, 2, 31, 1.00, '2026-03-12 07:01:06'),
(16, 3, 9, 5.00, '2026-03-12 07:01:06'),
(17, 3, 14, 0.80, '2026-03-12 07:01:06'),
(18, 3, 20, 0.20, '2026-03-12 07:01:06'),
(19, 3, 17, 0.10, '2026-03-12 07:01:06'),
(20, 3, 28, 1.00, '2026-03-12 07:01:06'),
(21, 3, 30, 1.00, '2026-03-12 07:01:06'),
(22, 3, 31, 1.00, '2026-03-12 07:01:06'),
(23, 4, 9, 13.00, '2026-03-12 07:01:06'),
(24, 4, 14, 2.00, '2026-03-12 07:01:06'),
(25, 4, 20, 0.50, '2026-03-12 07:01:06'),
(26, 4, 27, 1.00, '2026-03-12 07:01:06'),
(27, 4, 30, 1.00, '2026-03-12 07:01:06'),
(28, 4, 31, 1.00, '2026-03-12 07:01:06'),
(29, 5, 9, 25.00, '2026-03-12 07:01:06'),
(30, 5, 14, 3.50, '2026-03-12 07:01:06'),
(31, 5, 20, 1.00, '2026-03-12 07:01:06'),
(32, 5, 27, 1.00, '2026-03-12 07:01:06'),
(33, 5, 30, 1.00, '2026-03-12 07:01:06'),
(34, 5, 31, 1.00, '2026-03-12 07:01:06'),
(35, 6, 9, 50.00, '2026-03-12 07:01:06'),
(36, 6, 14, 7.00, '2026-03-12 07:01:06'),
(37, 6, 20, 2.00, '2026-03-12 07:01:06'),
(38, 6, 27, 1.00, '2026-03-12 07:01:06'),
(39, 6, 30, 1.00, '2026-03-12 07:01:06'),
(40, 6, 31, 1.00, '2026-03-12 07:01:06'),
(41, 28, 9, 4.00, '2026-03-12 07:01:06'),
(42, 28, 14, 0.60, '2026-03-12 07:01:06'),
(43, 28, 20, 0.15, '2026-03-12 07:01:06'),
(44, 28, 29, 1.00, '2026-03-12 07:01:06'),
(45, 28, 30, 1.00, '2026-03-12 07:01:06'),
(46, 28, 32, 1.00, '2026-03-12 07:01:06'),
(47, 29, 9, 5.00, '2026-03-12 07:01:06'),
(48, 29, 14, 0.80, '2026-03-12 07:01:06'),
(49, 29, 20, 0.20, '2026-03-12 07:01:06'),
(50, 29, 28, 1.00, '2026-03-12 07:01:06'),
(51, 29, 30, 1.00, '2026-03-12 07:01:06'),
(52, 29, 32, 1.00, '2026-03-12 07:01:06'),
(53, 30, 9, 4.00, '2026-03-12 07:01:06'),
(54, 30, 14, 0.60, '2026-03-12 07:01:06'),
(55, 30, 20, 0.15, '2026-03-12 07:01:06'),
(56, 30, 17, 0.10, '2026-03-12 07:01:06'),
(57, 30, 18, 0.05, '2026-03-12 07:01:06'),
(58, 30, 29, 1.00, '2026-03-12 07:01:06'),
(59, 30, 30, 1.00, '2026-03-12 07:01:06'),
(60, 30, 32, 1.00, '2026-03-12 07:01:06'),
(61, 31, 9, 5.00, '2026-03-12 07:01:06'),
(62, 31, 14, 0.80, '2026-03-12 07:01:06'),
(63, 31, 20, 0.20, '2026-03-12 07:01:06'),
(64, 31, 17, 0.10, '2026-03-12 07:01:06'),
(65, 31, 18, 0.05, '2026-03-12 07:01:06'),
(66, 31, 28, 1.00, '2026-03-12 07:01:06'),
(67, 31, 30, 1.00, '2026-03-12 07:01:06'),
(68, 31, 32, 1.00, '2026-03-12 07:01:06'),
(69, 32, 9, 4.00, '2026-03-12 07:01:06'),
(70, 32, 14, 0.60, '2026-03-12 07:01:06'),
(71, 32, 20, 0.15, '2026-03-12 07:01:06'),
(72, 32, 18, 0.08, '2026-03-12 07:01:06'),
(73, 32, 29, 1.00, '2026-03-12 07:01:06'),
(74, 32, 30, 1.00, '2026-03-12 07:01:06'),
(75, 32, 32, 1.00, '2026-03-12 07:01:06'),
(76, 33, 9, 4.00, '2026-03-12 07:01:06'),
(77, 33, 14, 0.60, '2026-03-12 07:01:06'),
(78, 33, 20, 0.15, '2026-03-12 07:01:06'),
(79, 33, 29, 1.00, '2026-03-12 07:01:06'),
(80, 33, 30, 1.00, '2026-03-12 07:01:06'),
(81, 33, 32, 1.00, '2026-03-12 07:01:06'),
(82, 34, 9, 13.00, '2026-03-12 07:01:06'),
(83, 34, 14, 2.00, '2026-03-12 07:01:06'),
(84, 34, 20, 0.50, '2026-03-12 07:01:06'),
(85, 34, 27, 2.00, '2026-03-12 07:01:06'),
(86, 34, 30, 2.00, '2026-03-12 07:01:06'),
(87, 34, 31, 2.00, '2026-03-12 07:01:06'),
(88, 35, 9, 5.00, '2026-03-12 07:01:06'),
(89, 35, 14, 0.80, '2026-03-12 07:01:06'),
(90, 35, 20, 0.20, '2026-03-12 07:01:06'),
(91, 35, 29, 1.00, '2026-03-12 07:01:06'),
(92, 35, 30, 1.00, '2026-03-12 07:01:06'),
(93, 35, 32, 1.00, '2026-03-12 07:01:06'),
(94, 7, 16, 4.00, '2026-03-12 07:01:06'),
(95, 7, 15, 0.70, '2026-03-12 07:01:06'),
(96, 7, 20, 2.00, '2026-03-12 07:01:06'),
(97, 7, 19, 0.05, '2026-03-12 07:01:06'),
(98, 7, 23, 0.02, '2026-03-12 07:01:06'),
(99, 7, 28, 1.00, '2026-03-12 07:01:06'),
(100, 7, 30, 1.00, '2026-03-12 07:01:06'),
(101, 7, 31, 1.00, '2026-03-12 07:01:06'),
(102, 8, 16, 10.00, '2026-03-12 07:01:06'),
(103, 8, 15, 2.00, '2026-03-12 07:01:06'),
(104, 8, 20, 5.00, '2026-03-12 07:01:06'),
(105, 8, 19, 0.10, '2026-03-12 07:01:06'),
(106, 8, 23, 0.05, '2026-03-12 07:01:06'),
(107, 8, 28, 1.00, '2026-03-12 07:01:06'),
(108, 8, 30, 1.00, '2026-03-12 07:01:06'),
(109, 8, 31, 1.00, '2026-03-12 07:01:06'),
(110, 9, 16, 40.00, '2026-03-12 07:01:06'),
(111, 9, 15, 8.00, '2026-03-12 07:01:06'),
(112, 9, 20, 20.00, '2026-03-12 07:01:06'),
(113, 9, 19, 0.40, '2026-03-12 07:01:06'),
(114, 9, 23, 0.12, '2026-03-12 07:01:06'),
(115, 9, 28, 1.00, '2026-03-12 07:01:06'),
(116, 9, 30, 1.00, '2026-03-12 07:01:06'),
(117, 9, 31, 1.00, '2026-03-12 07:01:06'),
(118, 10, 20, 0.10, '2026-03-12 07:01:06'),
(119, 10, 3, 0.05, '2026-03-12 07:01:06'),
(120, 10, 14, 0.05, '2026-03-12 07:01:06'),
(121, 10, 23, 0.01, '2026-03-12 07:01:06'),
(122, 10, 28, 1.00, '2026-03-12 07:01:06'),
(123, 10, 30, 1.00, '2026-03-12 07:01:06'),
(124, 10, 31, 1.00, '2026-03-12 07:01:06'),
(125, 11, 20, 0.20, '2026-03-12 07:01:06'),
(126, 11, 3, 0.10, '2026-03-12 07:01:06'),
(127, 11, 14, 0.08, '2026-03-12 07:01:06'),
(128, 11, 23, 0.02, '2026-03-12 07:01:06'),
(129, 11, 28, 1.00, '2026-03-12 07:01:06'),
(130, 11, 30, 1.00, '2026-03-12 07:01:06'),
(131, 11, 31, 1.00, '2026-03-12 07:01:06'),
(132, 12, 20, 0.50, '2026-03-12 07:01:06'),
(133, 12, 3, 0.20, '2026-03-12 07:01:06'),
(134, 12, 14, 0.20, '2026-03-12 07:01:06'),
(135, 12, 23, 0.04, '2026-03-12 07:01:06'),
(136, 12, 28, 1.00, '2026-03-12 07:01:06'),
(137, 12, 30, 1.00, '2026-03-12 07:01:06'),
(138, 12, 31, 1.00, '2026-03-12 07:01:06'),
(139, 36, 20, 0.10, '2026-03-12 07:01:06'),
(140, 36, 3, 0.05, '2026-03-12 07:01:06'),
(141, 36, 14, 0.05, '2026-03-12 07:01:06'),
(142, 36, 23, 0.01, '2026-03-12 07:01:06'),
(143, 36, 28, 1.00, '2026-03-12 07:01:06'),
(144, 36, 30, 1.00, '2026-03-12 07:01:06'),
(145, 36, 31, 1.00, '2026-03-12 07:01:06'),
(146, 37, 20, 0.20, '2026-03-12 07:01:06'),
(147, 37, 3, 0.10, '2026-03-12 07:01:06'),
(148, 37, 14, 0.08, '2026-03-12 07:01:06'),
(149, 37, 23, 0.02, '2026-03-12 07:01:06'),
(150, 37, 28, 1.00, '2026-03-12 07:01:06'),
(151, 37, 30, 1.00, '2026-03-12 07:01:06'),
(152, 37, 31, 1.00, '2026-03-12 07:01:06'),
(153, 38, 20, 0.50, '2026-03-12 07:01:06'),
(154, 38, 3, 0.20, '2026-03-12 07:01:06'),
(155, 38, 14, 0.20, '2026-03-12 07:01:06'),
(156, 38, 23, 0.04, '2026-03-12 07:01:06'),
(157, 38, 28, 1.00, '2026-03-12 07:01:06'),
(158, 38, 30, 1.00, '2026-03-12 07:01:06'),
(159, 38, 31, 1.00, '2026-03-12 07:01:06'),
(160, 13, 9, 2.00, '2026-03-12 07:01:06'),
(161, 13, 16, 2.00, '2026-03-12 07:01:06'),
(162, 13, 20, 3.00, '2026-03-12 07:01:06'),
(163, 13, 14, 1.00, '2026-03-12 07:01:06'),
(164, 13, 31, 1.00, '2026-03-12 07:01:06'),
(165, 39, 9, 2.00, '2026-03-12 07:01:06'),
(166, 39, 16, 2.00, '2026-03-12 07:01:06'),
(167, 39, 20, 3.00, '2026-03-12 07:01:06'),
(168, 39, 14, 1.00, '2026-03-12 07:01:06'),
(169, 39, 31, 1.00, '2026-03-12 07:01:06'),
(170, 14, 12, 2.00, '2026-03-12 07:01:06'),
(171, 14, 21, 0.10, '2026-03-12 07:01:06'),
(172, 14, 22, 0.10, '2026-03-12 07:01:06'),
(173, 14, 14, 0.20, '2026-03-12 07:01:06'),
(174, 14, 20, 0.50, '2026-03-12 07:01:06'),
(175, 14, 27, 1.00, '2026-03-12 07:01:06'),
(176, 14, 30, 1.00, '2026-03-12 07:01:06'),
(177, 14, 31, 1.00, '2026-03-12 07:01:06'),
(178, 15, 12, 2.00, '2026-03-12 07:01:06'),
(179, 15, 21, 0.10, '2026-03-12 07:01:06'),
(180, 15, 22, 0.10, '2026-03-12 07:01:06'),
(181, 15, 3, 0.20, '2026-03-12 07:01:06'),
(182, 15, 14, 0.20, '2026-03-12 07:01:06'),
(183, 15, 20, 0.50, '2026-03-12 07:01:06'),
(184, 15, 27, 1.00, '2026-03-12 07:01:06'),
(185, 15, 30, 1.00, '2026-03-12 07:01:06'),
(186, 15, 31, 1.00, '2026-03-12 07:01:06'),
(187, 16, 12, 2.00, '2026-03-12 07:01:06'),
(188, 16, 21, 0.10, '2026-03-12 07:01:06'),
(189, 16, 22, 0.10, '2026-03-12 07:01:06'),
(190, 16, 17, 0.20, '2026-03-12 07:01:06'),
(191, 16, 14, 0.20, '2026-03-12 07:01:06'),
(192, 16, 20, 0.50, '2026-03-12 07:01:06'),
(193, 16, 27, 1.00, '2026-03-12 07:01:06'),
(194, 16, 30, 1.00, '2026-03-12 07:01:06'),
(195, 16, 31, 1.00, '2026-03-12 07:01:06'),
(196, 17, 9, 3.00, '2026-03-12 07:01:06'),
(197, 17, 14, 0.30, '2026-03-12 07:01:06'),
(198, 17, 20, 0.50, '2026-03-12 07:01:06'),
(199, 17, 27, 1.00, '2026-03-12 07:01:06'),
(200, 17, 30, 1.00, '2026-03-12 07:01:06'),
(201, 17, 31, 1.00, '2026-03-12 07:01:06'),
(202, 18, 10, 2.00, '2026-03-12 07:01:06'),
(203, 18, 14, 0.20, '2026-03-12 07:01:06'),
(204, 18, 20, 0.30, '2026-03-12 07:01:06'),
(205, 18, 17, 0.05, '2026-03-12 07:01:06'),
(206, 18, 27, 1.00, '2026-03-12 07:01:06'),
(207, 18, 30, 1.00, '2026-03-12 07:01:06'),
(208, 18, 31, 1.00, '2026-03-12 07:01:06'),
(209, 19, 20, 0.40, '2026-03-12 07:01:06'),
(210, 19, 3, 0.05, '2026-03-12 07:01:06'),
(211, 19, 27, 1.00, '2026-03-12 07:01:06'),
(212, 19, 30, 1.00, '2026-03-12 07:01:06'),
(213, 19, 31, 1.00, '2026-03-12 07:01:06'),
(214, 20, 10, 3.00, '2026-03-12 07:01:06'),
(215, 20, 14, 0.20, '2026-03-12 07:01:06'),
(216, 20, 20, 0.10, '2026-03-12 07:01:06'),
(217, 20, 27, 1.00, '2026-03-12 07:01:06'),
(218, 20, 30, 1.00, '2026-03-12 07:01:06'),
(219, 20, 31, 1.00, '2026-03-12 07:01:06'),
(220, 24, 20, 0.20, '2026-03-12 07:01:06'),
(221, 24, 3, 0.20, '2026-03-12 07:01:06'),
(222, 24, 14, 0.02, '2026-03-12 07:01:06'),
(223, 24, 23, 0.01, '2026-03-12 07:01:06'),
(224, 24, 27, 1.00, '2026-03-12 07:01:06'),
(225, 24, 30, 1.00, '2026-03-12 07:01:06'),
(226, 24, 31, 1.00, '2026-03-12 07:01:06'),
(227, 41, 20, 0.40, '2026-03-12 07:01:06'),
(228, 41, 3, 0.40, '2026-03-12 07:01:06'),
(229, 41, 14, 0.04, '2026-03-12 07:01:06'),
(230, 41, 23, 0.02, '2026-03-12 07:01:06'),
(231, 41, 27, 1.00, '2026-03-12 07:01:06'),
(232, 41, 30, 1.00, '2026-03-12 07:01:06'),
(233, 41, 31, 1.00, '2026-03-12 07:01:06'),
(234, 26, 20, 0.20, '2026-03-12 07:01:06'),
(235, 26, 3, 0.20, '2026-03-12 07:01:06'),
(236, 26, 14, 0.02, '2026-03-12 07:01:06'),
(237, 26, 23, 0.01, '2026-03-12 07:01:06'),
(238, 26, 27, 1.00, '2026-03-12 07:01:06'),
(239, 26, 30, 1.00, '2026-03-12 07:01:06'),
(240, 26, 31, 1.00, '2026-03-12 07:01:06'),
(241, 42, 20, 0.40, '2026-03-12 07:01:06'),
(242, 42, 3, 0.40, '2026-03-12 07:01:06'),
(243, 42, 14, 0.04, '2026-03-12 07:01:06'),
(244, 42, 23, 0.02, '2026-03-12 07:01:06'),
(245, 42, 27, 1.00, '2026-03-12 07:01:06'),
(246, 42, 30, 1.00, '2026-03-12 07:01:06'),
(247, 42, 31, 1.00, '2026-03-12 07:01:06'),
(248, 21, 28, 1.00, '2026-03-12 11:08:32');

-- --------------------------------------------------------

--
-- Table structure for table `pr_items`
--

CREATE TABLE `pr_items` (
  `pr_item_id` int(11) NOT NULL,
  `pr_id` int(11) NOT NULL,
  `material_id` int(11) DEFAULT NULL,
  `product_id` int(11) DEFAULT NULL,
  `item_name` varchar(200) NOT NULL,
  `item_type` enum('Raw Material','Product','Other') DEFAULT 'Raw Material',
  `quantity` decimal(10,2) NOT NULL,
  `unit` varchar(20) DEFAULT 'kg',
  `estimated_unit_price` decimal(12,2) DEFAULT NULL,
  `estimated_total` decimal(12,2) DEFAULT NULL,
  `notes` text DEFAULT NULL
) ENGINE=InnoDB DEFAULT CHARSET=utf8mb4 COLLATE=utf8mb4_general_ci;

--
-- Dumping data for table `pr_items`
--

INSERT INTO `pr_items` (`pr_item_id`, `pr_id`, `material_id`, `product_id`, `item_name`, `item_type`, `quantity`, `unit`, `estimated_unit_price`, `estimated_total`, `notes`) VALUES
(1, 1, NULL, NULL, 'x', 'Raw Material', 1.00, 'kg', 123.00, 123.00, NULL),
(2, 2, 23, NULL, 'Potassium sorbate (preservative)', 'Raw Material', 21.00, 'tons', 123.00, 2583.00, NULL),
(3, 3, 23, NULL, 'Potassium sorbate (preservative)', 'Raw Material', 12.00, 'sheets', 12.00, 144.00, NULL),
(4, 4, 23, NULL, 'Potassium sorbate (preservative)', 'Raw Material', 1.00, 'kg', 123.00, 123.00, NULL),
(5, 5, 29, NULL, 'Plastic sachets (PET/AL/PE laminate)', 'Raw Material', 12.00, 'kg', 12.00, 144.00, NULL);

-- --------------------------------------------------------

--
-- Table structure for table `purchase_orders`
--

CREATE TABLE `purchase_orders` (
  `po_id` int(11) NOT NULL,
  `po_number` varchar(50) NOT NULL,
  `pr_id` int(11) DEFAULT NULL,
  `supplier_id` int(11) NOT NULL,
  `order_date` date NOT NULL,
  `expected_delivery_date` date DEFAULT NULL,
  `delivery_address` text DEFAULT NULL,
  `contact_number` varchar(50) DEFAULT NULL,
  `payment_terms` varchar(100) DEFAULT NULL,
  `status` enum('Open','Partially Received','Received','Closed','Cancelled') DEFAULT 'Open',
  `subtotal` decimal(12,2) DEFAULT 0.00,
  `tax_amount` decimal(12,2) DEFAULT 0.00,
  `total_amount` decimal(12,2) DEFAULT 0.00,
  `notes` text DEFAULT NULL,
  `created_by` int(11) NOT NULL,
  `created_at` timestamp NOT NULL DEFAULT current_timestamp(),
  `updated_at` timestamp NOT NULL DEFAULT current_timestamp() ON UPDATE current_timestamp()
) ENGINE=InnoDB DEFAULT CHARSET=utf8mb4 COLLATE=utf8mb4_general_ci;

--
-- Dumping data for table `purchase_orders`
--

INSERT INTO `purchase_orders` (`po_id`, `po_number`, `pr_id`, `supplier_id`, `order_date`, `expected_delivery_date`, `delivery_address`, `contact_number`, `payment_terms`, `status`, `subtotal`, `tax_amount`, `total_amount`, `notes`, `created_by`, `created_at`, `updated_at`) VALUES
(1, 'PO-20260313-0007', NULL, 5, '2026-03-13', NULL, 'Lot 6720 Brgy San Joaquin Sto Tomas Batangas', '', 'Cash', 'Received', 1464.00, 0.00, 1464.00, '', 1, '2026-03-13 18:34:47', '2026-03-14 08:37:28'),
(2, 'PO-20260314-0001', 4, 4, '2026-03-14', '2026-03-13', 'Lot 6720 Brgy San Joaquin Sto Tomas Batangas', '', '', 'Received', 123.00, 0.00, 123.00, '123', 1, '2026-03-14 06:47:51', '2026-03-14 06:48:26'),
(3, 'PO-20260314-0002', NULL, 4, '2026-03-14', '2026-03-26', 'Lot 6720 Brgy San Joaquin Sto Tomas Batangas', '', 'Cash', 'Received', 14762.00, 0.00, 14762.00, '12', 1, '2026-03-14 08:24:43', '2026-03-14 08:24:48'),
(4, 'PO-20260314-0003', 5, 4, '2026-03-14', '2026-03-20', 'Lot 6720 Brgy San Joaquin Sto Tomas Batangas', '', 'Bank Transfer', 'Received', 12.00, 0.00, 12.00, '', 1, '2026-03-14 08:39:39', '2026-03-14 08:39:49');

-- --------------------------------------------------------

--
-- Table structure for table `purchase_requests`
--

CREATE TABLE `purchase_requests` (
  `pr_id` int(11) NOT NULL,
  `pr_number` varchar(50) NOT NULL,
  `supplier_id` int(11) DEFAULT NULL,
  `item_name` varchar(100) NOT NULL,
  `quantity` decimal(10,2) NOT NULL,
  `unit` varchar(20) DEFAULT 'kg',
  `expected_delivery_date` date DEFAULT NULL,
  `status` enum('Pending','Approved','Ordered','Delivered','Cancelled') DEFAULT 'Pending',
  `requested_by` int(11) DEFAULT NULL,
  `created_at` timestamp NOT NULL DEFAULT current_timestamp()
) ENGINE=InnoDB DEFAULT CHARSET=utf8mb4 COLLATE=utf8mb4_general_ci;

-- --------------------------------------------------------

--
-- Table structure for table `purchase_requisitions`
--

CREATE TABLE `purchase_requisitions` (
  `pr_id` int(11) NOT NULL,
  `pr_number` varchar(50) NOT NULL,
  `department` varchar(100) DEFAULT NULL,
  `requested_by` int(11) NOT NULL,
  `request_date` date NOT NULL,
  `required_date` date DEFAULT NULL,
  `justification` text DEFAULT NULL,
  `status` enum('Draft','Submitted','Approved','Rejected','Cancelled') DEFAULT 'Draft',
  `approved_by` int(11) DEFAULT NULL,
  `approved_at` timestamp NULL DEFAULT NULL,
  `rejection_reason` text DEFAULT NULL,
  `total_estimated_cost` decimal(12,2) DEFAULT 0.00,
  `created_at` timestamp NOT NULL DEFAULT current_timestamp(),
  `updated_at` timestamp NOT NULL DEFAULT current_timestamp() ON UPDATE current_timestamp()
) ENGINE=InnoDB DEFAULT CHARSET=utf8mb4 COLLATE=utf8mb4_general_ci;

--
-- Dumping data for table `purchase_requisitions`
--

INSERT INTO `purchase_requisitions` (`pr_id`, `pr_number`, `department`, `requested_by`, `request_date`, `required_date`, `justification`, `status`, `approved_by`, `approved_at`, `rejection_reason`, `total_estimated_cost`, `created_at`, `updated_at`) VALUES
(1, 'PR-20260313-0001', 'Inventory / Warehouse', 1, '2026-03-13', '2026-03-13', 'AS', 'Approved', 1, '2026-03-13 14:27:47', NULL, 123.00, '2026-03-13 14:27:44', '2026-03-13 14:27:47'),
(2, 'PR-20260313-0002', 'Production / Operations', 1, '2026-03-13', NULL, 'uh', 'Approved', 1, '2026-03-13 18:36:44', NULL, 2583.00, '2026-03-13 18:36:42', '2026-03-13 18:36:44'),
(3, 'PR-20260314-0001', 'Production / Operations', 1, '2026-03-14', '2026-03-07', '23', 'Approved', 1, '2026-03-14 06:38:30', NULL, 144.00, '2026-03-14 06:38:29', '2026-03-14 06:38:30'),
(4, 'PR-20260314-0002', 'Production / Operations', 1, '2026-03-14', '2026-03-13', '123', 'Approved', 1, '2026-03-14 06:47:36', NULL, 123.00, '2026-03-14 06:47:35', '2026-03-14 06:47:36'),
(5, 'PR-20260314-0003', 'Inventory / Warehouse', 1, '2026-03-14', '2026-03-20', '12', 'Approved', 1, '2026-03-14 08:39:14', NULL, 144.00, '2026-03-14 08:39:13', '2026-03-14 08:39:14');

-- --------------------------------------------------------

--
-- Table structure for table `qc_records`
--

CREATE TABLE `qc_records` (
  `qc_id` int(11) NOT NULL,
  `qc_number` varchar(50) NOT NULL,
  `batch_number` varchar(50) NOT NULL,
  `inspector_name` varchar(100) NOT NULL,
  `inspection_date` date NOT NULL,
  `test_result` enum('Pending','Passed','Failed') DEFAULT 'Pending',
  `remarks` text DEFAULT NULL,
  `non_conformance_details` text DEFAULT NULL,
  `corrective_action` text DEFAULT NULL,
  `approval_status` enum('For Re-inspection','Approved','Rejected') DEFAULT 'For Re-inspection',
  `inspected_by` int(11) NOT NULL,
  `created_at` timestamp NOT NULL DEFAULT current_timestamp()
) ENGINE=InnoDB DEFAULT CHARSET=utf8mb4 COLLATE=utf8mb4_general_ci;

--
-- Dumping data for table `qc_records`
--

INSERT INTO `qc_records` (`qc_id`, `qc_number`, `batch_number`, `inspector_name`, `inspection_date`, `test_result`, `remarks`, `non_conformance_details`, `corrective_action`, `approval_status`, `inspected_by`, `created_at`) VALUES
(1, 'QC-20260309-0001', 'BAT-20260309-0001', 'System Administrator', '2026-03-09', 'Passed', NULL, 'None', 'None', 'Approved', 1, '2026-03-09 11:14:01'),
(2, 'QC-20260309-0002', 'BAT-20260309-0002', 'System Administrator', '2026-03-09', 'Passed', NULL, 'None', 'None', 'Approved', 1, '2026-03-09 11:14:48'),
(3, 'QC-20260309-0003', 'BAT-20260309-0003', 'System Administrator', '2026-03-09', 'Passed', NULL, 'None', 'None', 'Approved', 1, '2026-03-09 11:38:38'),
(4, 'QC-20260309-0004', 'BAT-20260309-0004', 'System Administrator', '2026-03-09', 'Failed', NULL, 'Contamination', 'Reprocess', 'Rejected', 1, '2026-03-09 11:41:58'),
(5, 'QC-20260309-0005', 'BAT-20260309-0004', 'System Administrator', '2026-03-09', 'Passed', NULL, 'None', 'None', 'Approved', 1, '2026-03-09 12:24:45'),
(6, 'QC-20260309-0006', 'BAT-20260309-0005', 'System Administrator', '2026-03-09', 'Passed', NULL, 'None', 'None', 'Approved', 1, '2026-03-09 12:45:08'),
(7, 'QC-20260309-0007', 'BAT-20260309-0006', 'System Administrator', '2026-03-09', 'Passed', NULL, 'None', 'None', 'Approved', 1, '2026-03-09 12:48:39'),
(8, 'QC-20260309-0008', 'BAT-20260309-0007', 'System Administrator', '2026-03-09', 'Passed', NULL, 'None', 'None', 'Approved', 1, '2026-03-09 14:13:02'),
(9, 'QC-20260309-0009', 'BAT-20260309-0008', 'System Administrator', '2026-03-09', 'Passed', NULL, 'None', 'None', 'Approved', 1, '2026-03-09 14:30:05'),
(10, 'QC-20260309-0010', 'BAT-20260309-0009', 'System Administrator', '2026-03-09', 'Passed', NULL, 'None', 'None', 'Approved', 1, '2026-03-09 15:47:04'),
(11, 'QC-20260309-0011', 'BAT-20260309-0010', 'System Administrator', '2026-03-09', 'Passed', NULL, 'None', 'None', 'Approved', 1, '2026-03-09 16:00:01'),
(12, 'QC-20260309-0012', 'BAT-20260309-0011', 'System Administrator', '2026-03-09', 'Passed', NULL, 'None', 'None', 'Approved', 1, '2026-03-09 16:01:27'),
(13, 'QC-20260309-0013', 'BAT-20260309-0012', 'System Administrator', '2026-03-09', 'Passed', NULL, 'None', 'None', 'Approved', 1, '2026-03-09 16:01:33'),
(14, 'QC-20260311-0001', 'BAT-20260311-0001', 'System Administrator', '2026-03-11', 'Passed', NULL, 'None', 'None', 'Approved', 1, '2026-03-11 18:05:50'),
(15, 'QC-20260311-0002', 'BAT-20260311-0002', 'System Administrator', '2026-03-11', 'Passed', NULL, 'None', 'None', 'Approved', 1, '2026-03-11 18:07:02'),
(16, 'QC-20260311-0003', 'BAT-20260311-0003', 'System Administrator', '2026-03-11', 'Passed', NULL, 'None', 'None', 'Approved', 1, '2026-03-11 18:15:34'),
(17, 'QC-20260311-0004', 'BAT-20260311-0004', 'System Administrator', '2026-03-11', 'Passed', NULL, 'None', 'None', 'Approved', 1, '2026-03-11 18:20:12'),
(18, 'QC-20260311-0005', 'BAT-20260311-0005', 'System Administrator', '2026-03-11', 'Passed', NULL, 'None', 'None', 'Approved', 1, '2026-03-11 18:45:07'),
(19, 'QC-20260311-0006', 'BAT-20260311-0006', 'System Administrator', '2026-03-11', 'Passed', NULL, 'None', 'None', 'Approved', 1, '2026-03-11 18:45:14'),
(20, 'QC-20260311-0007', 'BAT-20260311-0007', 'System Administrator', '2026-03-11', 'Passed', NULL, 'None', 'None', 'Approved', 1, '2026-03-11 18:47:41'),
(21, 'QC-20260311-0008', 'BAT-20260311-0009', 'System Administrator', '2026-03-11', 'Passed', NULL, 'None', 'None', 'Approved', 1, '2026-03-11 18:47:56'),
(22, 'QC-20260311-0009', 'BAT-20260311-0008', 'System Administrator', '2026-03-11', 'Passed', NULL, 'None', 'None', 'Approved', 1, '2026-03-11 18:48:04'),
(23, 'QC-20260311-0010', 'BAT-20260311-0010', 'System Administrator', '2026-03-11', 'Passed', NULL, 'None', 'None', 'Approved', 1, '2026-03-11 18:50:48'),
(24, 'QC-20260311-0011', 'BAT-20260311-0011', 'System Administrator', '2026-03-11', 'Passed', NULL, 'None', 'None', 'Approved', 1, '2026-03-11 18:50:53'),
(25, 'QC-20260311-0012', 'BAT-20260311-0012', 'System Administrator', '2026-03-11', 'Passed', NULL, 'None', 'None', 'Approved', 1, '2026-03-11 20:09:11'),
(26, 'QC-20260312-0001', 'BAT-20260312-0001', 'System Administrator', '2026-03-12', 'Passed', NULL, 'None', 'None', 'Approved', 1, '2026-03-12 05:30:37'),
(27, 'QC-20260313-0001', 'BAT-20260313-0001', 'System Administrator', '2026-03-13', 'Passed', NULL, 'None', 'None', 'Approved', 1, '2026-03-13 05:34:49'),
(28, 'QC-20260314-0001', 'BAT-20260314-0001', 'System Administrator', '2026-03-14', 'Passed', NULL, 'None', 'None', 'Approved', 1, '2026-03-14 04:03:22'),
(29, 'QC-20260314-0002', 'BAT-20260314-0002', 'System Administrator', '2026-03-14', 'Passed', NULL, 'None', 'None', 'Approved', 1, '2026-03-14 04:04:54'),
(30, 'QC-20260314-0003', 'BAT-20260314-0003', 'System Administrator', '2026-03-14', 'Passed', NULL, 'None', 'None', 'Approved', 1, '2026-03-14 04:07:08'),
(31, 'QC-20260314-0004', 'BAT-20260314-0004', 'System Administrator', '2026-03-14', 'Pending', NULL, '-', '-', 'For Re-inspection', 1, '2026-03-14 04:09:35'),
(32, 'QC-20260314-0005', 'BAT-20260314-0004', 'System Administrator', '2026-03-14', 'Passed', NULL, 'None', 'None', 'Approved', 1, '2026-03-14 04:09:45'),
(33, 'QC-20260314-0006', 'BAT-20260314-0005', 'System Administrator', '2026-03-14', 'Passed', NULL, 'None', 'None', 'Approved', 1, '2026-03-14 04:20:22'),
(34, 'QC-20260314-0007', 'BAT-20260314-0006', 'System Administrator', '2026-03-14', 'Passed', NULL, 'None', 'None', 'Approved', 1, '2026-03-14 04:30:03'),
(35, 'QC-20260314-0008', 'BAT-20260314-0012', 'System Administrator', '2026-03-14', 'Passed', NULL, 'None', 'None', 'Approved', 1, '2026-03-14 05:27:04'),
(36, 'QC-20260314-0014', 'PROD-20260314-062553', 'System Administrator', '2026-03-14', 'Passed', NULL, 'None', 'None', 'Approved', 1, '2026-03-14 10:59:16');

-- --------------------------------------------------------

--
-- Table structure for table `qc_rules`
--

CREATE TABLE `qc_rules` (
  `rule_id` int(11) NOT NULL,
  `rule_name` varchar(100) NOT NULL,
  `category` varchar(50) DEFAULT NULL,
  `rule_type` enum('Quantity','Expiry','Custom') DEFAULT 'Quantity',
  `condition_field` varchar(50) DEFAULT NULL,
  `operator` enum('>','<','>=','<=','==','!=') DEFAULT '>=',
  `threshold_value` decimal(10,2) DEFAULT NULL,
  `action` enum('Auto Pass','Auto Fail','Flag Conditional') DEFAULT 'Flag Conditional',
  `is_active` tinyint(1) DEFAULT 1,
  `created_at` timestamp NOT NULL DEFAULT current_timestamp()
) ENGINE=InnoDB DEFAULT CHARSET=utf8mb4 COLLATE=utf8mb4_general_ci;

-- --------------------------------------------------------

--
-- Table structure for table `qc_settings`
--

CREATE TABLE `qc_settings` (
  `id` int(11) NOT NULL,
  `setting_key` varchar(50) NOT NULL,
  `setting_value` varchar(255) NOT NULL,
  `description` varchar(255) DEFAULT NULL,
  `updated_at` timestamp NOT NULL DEFAULT current_timestamp() ON UPDATE current_timestamp()
) ENGINE=InnoDB DEFAULT CHARSET=utf8mb4 COLLATE=utf8mb4_general_ci;

-- --------------------------------------------------------

--
-- Table structure for table `raw_materials`
--

CREATE TABLE `raw_materials` (
  `material_id` int(11) NOT NULL,
  `batch_id` int(11) DEFAULT NULL,
  `production_date` date DEFAULT NULL,
  `received_date` date DEFAULT NULL,
  `material_name` varchar(100) NOT NULL,
  `category` varchar(50) DEFAULT NULL,
  `quantity` decimal(10,2) DEFAULT 0.00,
  `unit` varchar(20) DEFAULT 'kg',
  `expiry_date` date DEFAULT NULL,
  `warehouse_location` varchar(100) DEFAULT NULL,
  `min_stock_level` decimal(10,2) DEFAULT 0.00,
  `created_at` timestamp NOT NULL DEFAULT current_timestamp(),
  `updated_at` timestamp NOT NULL DEFAULT current_timestamp() ON UPDATE current_timestamp(),
  `material_code` varchar(50) DEFAULT NULL,
  `preferred_supplier_id` int(11) DEFAULT NULL
) ENGINE=InnoDB DEFAULT CHARSET=utf8mb4 COLLATE=utf8mb4_general_ci;

--
-- Dumping data for table `raw_materials`
--

INSERT INTO `raw_materials` (`material_id`, `batch_id`, `production_date`, `received_date`, `material_name`, `category`, `quantity`, `unit`, `expiry_date`, `warehouse_location`, `min_stock_level`, `created_at`, `updated_at`, `material_code`, `preferred_supplier_id`) VALUES
(1, 1, NULL, NULL, 'Soybeans', 'Raw Material', 10000.00, 'kg', '2026-04-02', '', 100.00, '2026-02-01 05:25:06', '2026-03-14 03:59:12', NULL, NULL),
(2, 2, NULL, NULL, 'Salt', 'Label Materials', 10000.00, 'kg', '2026-03-19', '', 500.00, '2026-02-01 05:25:06', '2026-03-14 03:59:12', NULL, NULL),
(3, 3, NULL, NULL, 'Sugar', 'Raw Material', 9753.20, 'kg', NULL, '', 50.00, '2026-02-01 05:25:06', '2026-03-14 11:06:59', NULL, NULL),
(6, 4, NULL, NULL, 'Tape', 'Packaging', 9988.00, 'pcs', NULL, 'Lot 6720 Brgy San Joaquin Sto Tomas Batangas', 100.00, '2026-02-26 10:01:55', '2026-03-14 10:28:21', 'MAT-20260226-0001', NULL),
(9, 5, NULL, NULL, 'Fermented fish', 'Seafood & Protein Sources', 7892.00, 'kg', NULL, 'Lot 6720 Brgy San Joaquin Sto Tomas Batangas', 10.00, '2026-03-02 05:10:13', '2026-03-14 05:53:50', NULL, NULL),
(10, 6, NULL, NULL, 'Fish extract', 'Seafood & Protein Sources', 10000.00, 'liters', '2026-03-16', 'Lot 6720 Brgy San Joaquin Sto Tomas Batangas', 5.00, '2026-03-02 05:10:13', '2026-03-14 03:59:12', NULL, NULL),
(11, 7, NULL, NULL, 'Whole fish (Mackerel)', 'Seafood & Protein Sources', 10000.00, 'kg', '2026-03-19', 'Lot 6720 Brgy San Joaquin Sto Tomas Batangas', 8.00, '2026-03-02 05:10:13', '2026-03-14 03:59:12', NULL, NULL),
(12, 8, NULL, NULL, 'Shrimp paste (alam??ng)', 'Seafood & Protein Sources', 10000.00, 'kg', NULL, 'Lot 6720 Brgy San Joaquin Sto Tomas Batangas', 5.00, '2026-03-02 05:10:13', '2026-03-14 03:59:12', NULL, NULL),
(13, 9, NULL, NULL, 'Dried shrimp', 'Seafood & Protein Sources', 10000.00, 'kg', NULL, 'Lot 6720 Brgy San Joaquin Sto Tomas Batangas', 5.00, '2026-03-02 05:10:13', '2026-03-14 03:59:12', NULL, NULL),
(14, 10, NULL, NULL, 'Iodized salt', 'Minerals & Salts', 9664.08, 'kg', NULL, 'Lot 6720 Brgy San Joaquin Sto Tomas Batangas', 20.00, '2026-03-02 05:10:13', '2026-03-14 11:06:59', NULL, NULL),
(15, 11, NULL, NULL, 'Salt (sea salt)', 'Minerals & Salts', 10000.00, 'kg', NULL, 'Lot 6720 Brgy San Joaquin Sto Tomas Batangas', 20.00, '2026-03-02 05:10:13', '2026-03-14 03:59:12', NULL, NULL),
(16, 12, NULL, NULL, 'Soya beans', 'Plant-Derived Ingredients', 9952.00, 'kg', NULL, 'Lot 6720 Brgy San Joaquin Sto Tomas Batangas', 15.00, '2026-03-02 05:10:13', '2026-03-14 05:53:50', NULL, NULL),
(17, 13, NULL, NULL, 'Red hot chili / chili slices', 'Plant-Derived Ingredients', 10000.00, 'kg', NULL, 'Lot 6720 Brgy San Joaquin Sto Tomas Batangas', 5.00, '2026-03-02 05:10:13', '2026-03-14 03:59:12', NULL, NULL),
(18, 14, NULL, NULL, 'Calamansi flavor / blend', 'Plant-Derived Ingredients', 10000.00, 'liters', NULL, 'Lot 6720 Brgy San Joaquin Sto Tomas Batangas', 3.00, '2026-03-02 05:10:13', '2026-03-14 03:59:12', NULL, NULL),
(19, 15, NULL, NULL, 'Caramel (coloring/flavor)', 'Plant-Derived Ingredients', 10000.00, 'liters', NULL, 'Lot 6720 Brgy San Joaquin Sto Tomas Batangas', 5.00, '2026-03-02 05:10:13', '2026-03-14 03:59:12', NULL, NULL),
(20, 16, NULL, NULL, 'Water', 'Plant-Derived Ingredients', 9547.80, 'liters', NULL, 'Lot 6720 Brgy San Joaquin Sto Tomas Batangas', 50.00, '2026-03-02 05:10:13', '2026-03-14 11:06:59', NULL, NULL),
(21, 17, NULL, NULL, 'Garlic', 'Plant-Derived Ingredients', 10000.00, 'kg', NULL, 'Lot 6720 Brgy San Joaquin Sto Tomas Batangas', 10.00, '2026-03-02 05:10:13', '2026-03-14 03:59:12', NULL, NULL),
(22, 18, NULL, NULL, 'Onion', 'Plant-Derived Ingredients', 10000.00, 'kg', NULL, 'Lot 6720 Brgy San Joaquin Sto Tomas Batangas', 10.00, '2026-03-02 05:10:13', '2026-03-14 03:59:12', NULL, NULL),
(23, 19, NULL, NULL, 'Potassium sorbate (preservative)', 'Additives & Preservatives', 10120.48, 'kg', '2026-03-14', '', 2.00, '2026-03-02 05:10:13', '2026-03-14 11:06:59', NULL, NULL),
(24, 20, NULL, NULL, 'Sodium benzoate (preservative)', 'Additives & Preservatives', 10000.00, 'kg', NULL, 'Lot 6720 Brgy San Joaquin Sto Tomas Batangas', 2.00, '2026-03-02 05:10:13', '2026-03-14 03:59:12', NULL, NULL),
(25, 21, NULL, NULL, 'Monosodium glutamate (MSG)', 'Additives & Preservatives', 10000.00, 'kg', NULL, 'Lot 6720 Brgy San Joaquin Sto Tomas Batangas', 3.00, '2026-03-02 05:10:13', '2026-03-14 03:59:12', NULL, NULL),
(26, 22, NULL, NULL, 'Disodium inosinate (flavor enhancer)', 'Additives & Preservatives', 10000.00, 'kg', NULL, 'Lot 6720 Brgy San Joaquin Sto Tomas Batangas', 1.00, '2026-03-02 05:10:13', '2026-03-14 03:59:12', NULL, NULL),
(27, 23, NULL, NULL, 'Glass bottles', 'Packaging Materials', 8593.00, 'pcs', NULL, 'Lot 6720 Brgy San Joaquin Sto Tomas Batangas', 100.00, '2026-03-02 05:10:13', '2026-03-14 11:06:59', NULL, NULL),
(28, 24, NULL, NULL, 'PET plastic bottles', 'Packaging Materials', 9988.00, 'pcs', NULL, 'Lot 6720 Brgy San Joaquin Sto Tomas Batangas', 150.00, '2026-03-02 05:10:13', '2026-03-14 05:53:50', NULL, NULL),
(29, 25, NULL, NULL, 'Plastic sachets (PET/AL/PE laminate)', 'Packaging Materials', 9888.00, 'pcs', '2028-07-14', '', 500.00, '2026-03-02 05:10:13', '2026-03-14 08:41:03', NULL, NULL),
(30, 26, NULL, NULL, 'Bottle caps / Lids', 'Packaging Materials', 8449.00, 'pcs', NULL, 'Lot 6720 Brgy San Joaquin Sto Tomas Batangas', 200.00, '2026-03-02 05:10:13', '2026-03-14 11:06:59', NULL, NULL),
(31, 27, NULL, NULL, 'Coated paper label stock', 'Label Materials', 8568.00, 'pcs', NULL, 'Lot 6720 Brgy San Joaquin Sto Tomas Batangas', 100.00, '2026-03-02 05:10:13', '2026-03-14 11:06:59', NULL, NULL),
(32, 28, NULL, NULL, 'Uncoated paper label', 'Label Materials', 9888.00, 'pcs', '2026-03-21', 'Lot 6720 Brgy San Joaquin Sto Tomas Batangas', 100.00, '2026-03-02 05:10:13', '2026-03-14 04:09:29', NULL, NULL),
(33, 29, NULL, NULL, 'BOPP film labels', 'Label Materials', 10000.00, 'pcs', NULL, 'Lot 6720 Brgy San Joaquin Sto Tomas Batangas', 150.00, '2026-03-02 05:10:13', '2026-03-14 03:59:12', NULL, NULL),
(34, 30, NULL, NULL, 'Vinyl film labels', 'Label Materials', 10000.00, 'pcs', NULL, 'Lot 6720 Brgy San Joaquin Sto Tomas Batangas', 100.00, '2026-03-02 05:10:13', '2026-03-14 03:59:12', NULL, NULL),
(35, 31, NULL, NULL, 'Polyester (PET) film labels', 'Label Materials', 10000.00, 'pcs', NULL, 'Lot 6720 Brgy San Joaquin Sto Tomas Batangas', 100.00, '2026-03-02 05:10:13', '2026-03-14 03:59:12', NULL, NULL),
(36, 32, NULL, NULL, 'sugar', 'Raw Material', 10000.00, 'g', '2030-11-09', 'Lot 6720 Brgy San Joaquin Sto Tomas Batangas', 200.00, '2026-03-04 12:00:21', '2026-03-14 03:59:12', 'MAT-20260304-0001', NULL),
(37, NULL, NULL, NULL, 'Test Material', 'Procurement', 175.00, 'kg', NULL, NULL, 0.00, '2026-03-14 05:13:12', '2026-03-14 05:25:53', 'TEST-MAT-001', NULL);

-- --------------------------------------------------------

--
-- Table structure for table `raw_material_batches`
--

CREATE TABLE `raw_material_batches` (
  `batch_id` int(11) NOT NULL,
  `batch_number` varchar(50) NOT NULL,
  `material_id` int(11) NOT NULL,
  `supplier_id` int(11) DEFAULT NULL,
  `quantity_received` decimal(10,2) NOT NULL,
  `quantity_remaining` decimal(10,2) NOT NULL,
  `unit` varchar(20) DEFAULT 'kg',
  `production_date` date DEFAULT NULL,
  `expiry_date` date DEFAULT NULL,
  `received_date` date NOT NULL,
  `warehouse_location` varchar(100) DEFAULT NULL,
  `qc_approved` tinyint(1) NOT NULL DEFAULT 0,
  `created_by` int(11) DEFAULT NULL,
  `created_at` timestamp NOT NULL DEFAULT current_timestamp(),
  `updated_at` timestamp NOT NULL DEFAULT current_timestamp() ON UPDATE current_timestamp()
) ENGINE=InnoDB DEFAULT CHARSET=utf8mb4 COLLATE=utf8mb4_general_ci;

--
-- Dumping data for table `raw_material_batches`
--

INSERT INTO `raw_material_batches` (`batch_id`, `batch_number`, `material_id`, `supplier_id`, `quantity_received`, `quantity_remaining`, `unit`, `production_date`, `expiry_date`, `received_date`, `warehouse_location`, `qc_approved`, `created_by`, `created_at`, `updated_at`) VALUES
(1, 'RM-1-20260314', 1, NULL, 10000.00, 10000.00, 'kg', NULL, '2026-04-02', '2026-03-14', '', 1, 1, '2026-03-14 03:59:12', '2026-03-14 03:59:12'),
(2, 'RM-2-20260314', 2, NULL, 10000.00, 10000.00, 'kg', NULL, '2026-03-19', '2026-03-14', '', 1, 1, '2026-03-14 03:59:12', '2026-03-14 03:59:12'),
(3, 'RM-3-20260314', 3, NULL, 10000.00, 9991.60, 'kg', NULL, NULL, '2026-03-14', '', 1, 1, '2026-03-14 03:59:12', '2026-03-14 05:53:50'),
(4, 'RM-6-20260314', 6, NULL, 10000.00, 10000.00, 'pcs', NULL, NULL, '2026-03-14', 'Lot 6720 Brgy San Joaquin Sto Tomas Batangas', 1, 1, '2026-03-14 03:59:12', '2026-03-14 03:59:12'),
(5, 'RM-9-20260314', 9, NULL, 9970.00, 9166.00, 'kg', NULL, NULL, '2026-03-14', 'Lot 6720 Brgy San Joaquin Sto Tomas Batangas', 1, 1, '2026-03-14 03:59:12', '2026-03-14 05:53:50'),
(6, 'RM-10-20260314', 10, NULL, 10000.00, 10000.00, 'liters', NULL, '2026-03-16', '2026-03-14', 'Lot 6720 Brgy San Joaquin Sto Tomas Batangas', 1, 1, '2026-03-14 03:59:12', '2026-03-14 03:59:12'),
(7, 'RM-11-20260314', 11, NULL, 10000.00, 10000.00, 'kg', NULL, '2026-03-19', '2026-03-14', 'Lot 6720 Brgy San Joaquin Sto Tomas Batangas', 1, 1, '2026-03-14 03:59:12', '2026-03-14 03:59:12'),
(8, 'RM-12-20260314', 12, NULL, 10000.00, 10000.00, 'kg', NULL, NULL, '2026-03-14', 'Lot 6720 Brgy San Joaquin Sto Tomas Batangas', 1, 1, '2026-03-14 03:59:12', '2026-03-14 03:59:12'),
(9, 'RM-13-20260314', 13, NULL, 10000.00, 10000.00, 'kg', NULL, NULL, '2026-03-14', 'Lot 6720 Brgy San Joaquin Sto Tomas Batangas', 1, 1, '2026-03-14 03:59:12', '2026-03-14 03:59:12'),
(10, 'RM-14-20260314', 14, NULL, 9997.00, 9863.32, 'kg', NULL, NULL, '2026-03-14', 'Lot 6720 Brgy San Joaquin Sto Tomas Batangas', 1, 1, '2026-03-14 03:59:12', '2026-03-14 05:53:50'),
(11, 'RM-15-20260314', 15, NULL, 10000.00, 10000.00, 'kg', NULL, NULL, '2026-03-14', 'Lot 6720 Brgy San Joaquin Sto Tomas Batangas', 1, 1, '2026-03-14 03:59:12', '2026-03-14 03:59:12'),
(12, 'RM-16-20260314', 16, NULL, 10000.00, 9952.00, 'kg', NULL, NULL, '2026-03-14', 'Lot 6720 Brgy San Joaquin Sto Tomas Batangas', 1, 1, '2026-03-14 03:59:12', '2026-03-14 05:53:50'),
(13, 'RM-17-20260314', 17, NULL, 10000.00, 10000.00, 'kg', NULL, NULL, '2026-03-14', 'Lot 6720 Brgy San Joaquin Sto Tomas Batangas', 1, 1, '2026-03-14 03:59:12', '2026-03-14 03:59:12'),
(14, 'RM-18-20260314', 18, NULL, 10000.00, 10000.00, 'liters', NULL, NULL, '2026-03-14', 'Lot 6720 Brgy San Joaquin Sto Tomas Batangas', 1, 1, '2026-03-14 03:59:12', '2026-03-14 03:59:12'),
(15, 'RM-19-20260314', 19, NULL, 10000.00, 10000.00, 'liters', NULL, NULL, '2026-03-14', 'Lot 6720 Brgy San Joaquin Sto Tomas Batangas', 1, 1, '2026-03-14 03:59:12', '2026-03-14 03:59:12'),
(16, 'RM-20-20260314', 20, NULL, 9995.00, 9883.40, 'liters', NULL, NULL, '2026-03-14', 'Lot 6720 Brgy San Joaquin Sto Tomas Batangas', 1, 1, '2026-03-14 03:59:12', '2026-03-14 05:53:50'),
(17, 'RM-21-20260314', 21, NULL, 10000.00, 10000.00, 'kg', NULL, NULL, '2026-03-14', 'Lot 6720 Brgy San Joaquin Sto Tomas Batangas', 1, 1, '2026-03-14 03:59:12', '2026-03-14 03:59:12'),
(18, 'RM-22-20260314', 22, NULL, 10000.00, 10000.00, 'kg', NULL, NULL, '2026-03-14', 'Lot 6720 Brgy San Joaquin Sto Tomas Batangas', 1, 1, '2026-03-14 03:59:12', '2026-03-14 03:59:12'),
(19, 'RM-23-20260314', 23, NULL, 10000.00, 9999.40, 'kg', NULL, NULL, '2026-03-14', 'Lot 6720 Brgy San Joaquin Sto Tomas Batangas', 1, 1, '2026-03-14 03:59:12', '2026-03-14 05:53:50'),
(20, 'RM-24-20260314', 24, NULL, 10000.00, 10000.00, 'kg', NULL, NULL, '2026-03-14', 'Lot 6720 Brgy San Joaquin Sto Tomas Batangas', 1, 1, '2026-03-14 03:59:12', '2026-03-14 03:59:12'),
(21, 'RM-25-20260314', 25, NULL, 10000.00, 10000.00, 'kg', NULL, NULL, '2026-03-14', 'Lot 6720 Brgy San Joaquin Sto Tomas Batangas', 1, 1, '2026-03-14 03:59:12', '2026-03-14 03:59:12'),
(22, 'RM-26-20260314', 26, NULL, 10000.00, 10000.00, 'kg', NULL, NULL, '2026-03-14', 'Lot 6720 Brgy San Joaquin Sto Tomas Batangas', 1, 1, '2026-03-14 03:59:12', '2026-03-14 03:59:12'),
(23, 'RM-27-20260314', 27, NULL, 9990.00, 9930.00, 'pcs', NULL, NULL, '2026-03-14', 'Lot 6720 Brgy San Joaquin Sto Tomas Batangas', 1, 1, '2026-03-14 03:59:12', '2026-03-14 05:53:50'),
(24, 'RM-28-20260314', 28, NULL, 10000.00, 9988.00, 'pcs', NULL, NULL, '2026-03-14', 'Lot 6720 Brgy San Joaquin Sto Tomas Batangas', 1, 1, '2026-03-14 03:59:12', '2026-03-14 05:53:50'),
(25, 'RM-29-20260314', 29, NULL, 10000.00, 10000.00, 'pcs', NULL, NULL, '2026-03-14', 'Lot 6720 Brgy San Joaquin Sto Tomas Batangas', 1, 1, '2026-03-14 03:59:12', '2026-03-14 03:59:12'),
(26, 'RM-30-20260314', 30, NULL, 9990.00, 9918.00, 'pcs', NULL, NULL, '2026-03-14', 'Lot 6720 Brgy San Joaquin Sto Tomas Batangas', 1, 1, '2026-03-14 03:59:12', '2026-03-14 05:53:50'),
(27, 'RM-31-20260314', 31, NULL, 9990.00, 9894.00, 'pcs', NULL, NULL, '2026-03-14', 'Lot 6720 Brgy San Joaquin Sto Tomas Batangas', 1, 1, '2026-03-14 03:59:12', '2026-03-14 05:53:50'),
(28, 'RM-32-20260314', 32, NULL, 10000.00, 10000.00, 'pcs', NULL, '2026-03-21', '2026-03-14', 'Lot 6720 Brgy San Joaquin Sto Tomas Batangas', 1, 1, '2026-03-14 03:59:12', '2026-03-14 03:59:12'),
(29, 'RM-33-20260314', 33, NULL, 10000.00, 10000.00, 'pcs', NULL, NULL, '2026-03-14', 'Lot 6720 Brgy San Joaquin Sto Tomas Batangas', 1, 1, '2026-03-14 03:59:12', '2026-03-14 03:59:12'),
(30, 'RM-34-20260314', 34, NULL, 10000.00, 10000.00, 'pcs', NULL, NULL, '2026-03-14', 'Lot 6720 Brgy San Joaquin Sto Tomas Batangas', 1, 1, '2026-03-14 03:59:12', '2026-03-14 03:59:12'),
(31, 'RM-35-20260314', 35, NULL, 10000.00, 10000.00, 'pcs', NULL, NULL, '2026-03-14', 'Lot 6720 Brgy San Joaquin Sto Tomas Batangas', 1, 1, '2026-03-14 03:59:12', '2026-03-14 03:59:12'),
(32, 'RM-36-20260314', 36, NULL, 10000.00, 10000.00, 'g', NULL, '2030-11-09', '2026-03-14', 'Lot 6720 Brgy San Joaquin Sto Tomas Batangas', 1, 1, '2026-03-14 03:59:12', '2026-03-14 03:59:12'),
(73, 'TEST-BATCH-001', 37, NULL, 100.00, 100.00, 'kg', NULL, '2024-12-31', '2026-03-14', NULL, 1, NULL, '2026-03-14 05:25:53', '2026-03-14 05:25:53'),
(74, 'TEST-BATCH-002', 37, NULL, 50.00, 10.00, 'kg', NULL, '2024-06-30', '2026-03-14', NULL, 1, NULL, '2026-03-14 05:25:53', '2026-03-14 05:25:53'),
(75, 'TEST-BATCH-003', 37, NULL, 75.00, 65.00, 'kg', NULL, '2025-01-15', '2026-03-14', NULL, 1, NULL, '2026-03-14 05:25:53', '2026-03-14 05:25:53');

-- --------------------------------------------------------

--
-- Table structure for table `raw_material_qc`
--

CREATE TABLE `raw_material_qc` (
  `qc_id` int(11) NOT NULL,
  `qc_number` varchar(50) NOT NULL,
  `grn_id` int(11) NOT NULL,
  `grn_item_id` int(11) NOT NULL,
  `material_id` int(11) DEFAULT NULL,
  `item_name` varchar(200) NOT NULL,
  `lot_number` varchar(100) DEFAULT NULL,
  `quantity_received` decimal(10,2) NOT NULL,
  `quantity_accepted` decimal(10,2) DEFAULT 0.00,
  `quantity_rejected` decimal(10,2) DEFAULT 0.00,
  `packaging_status` enum('Intact','Damaged','Partial') DEFAULT 'Intact',
  `label_accuracy` enum('Correct','Incorrect','Missing') DEFAULT 'Correct',
  `quantity_check` enum('Pass','Fail','Conditional') DEFAULT 'Pass',
  `expiry_check` enum('Pass','Fail','Conditional') DEFAULT 'Pass',
  `expiry_date` date DEFAULT NULL,
  `ph_level` decimal(5,2) DEFAULT NULL,
  `salt_percentage` decimal(5,2) DEFAULT NULL,
  `odor_test` enum('Pass','Fail','Conditional') DEFAULT 'Pass',
  `color_check` enum('Pass','Fail','Conditional') DEFAULT 'Pass',
  `texture_check` enum('Pass','Fail','Conditional') DEFAULT 'Pass',
  `qc_status` enum('Pending','Passed','Failed','Conditional') DEFAULT 'Pending',
  `qc_remarks` text DEFAULT NULL,
  `approval_status` enum('Pending','Approved','Rejected') DEFAULT 'Pending',
  `approved_by` int(11) DEFAULT NULL,
  `approved_at` timestamp NULL DEFAULT NULL,
  `supervisor_remarks` text DEFAULT NULL,
  `inspected_by` int(11) NOT NULL,
  `inspection_date` date NOT NULL,
  `created_at` timestamp NOT NULL DEFAULT current_timestamp(),
  `updated_at` timestamp NOT NULL DEFAULT current_timestamp() ON UPDATE current_timestamp()
) ENGINE=InnoDB DEFAULT CHARSET=utf8mb4 COLLATE=utf8mb4_general_ci;

--
-- Dumping data for table `raw_material_qc`
--

INSERT INTO `raw_material_qc` (`qc_id`, `qc_number`, `grn_id`, `grn_item_id`, `material_id`, `item_name`, `lot_number`, `quantity_received`, `quantity_accepted`, `quantity_rejected`, `packaging_status`, `label_accuracy`, `quantity_check`, `expiry_check`, `expiry_date`, `ph_level`, `salt_percentage`, `odor_test`, `color_check`, `texture_check`, `qc_status`, `qc_remarks`, `approval_status`, `approved_by`, `approved_at`, `supervisor_remarks`, `inspected_by`, `inspection_date`, `created_at`, `updated_at`) VALUES
(1, 'QC-20260314-0009', 1, 1, 23, 'Potassium sorbate (preservative)', '0', 1.00, 1.00, 0.00, 'Intact', 'Correct', 'Pass', 'Pass', NULL, NULL, NULL, '', 'Fail', 'Fail', 'Failed', '', 'Rejected', NULL, NULL, NULL, 1, '2026-03-14', '2026-03-14 06:48:26', '2026-03-14 06:49:39'),
(2, 'QC-20260314-0010', 1, 2, 23, 'Potassium sorbate (preservative)', '0', 1.00, 0.00, 0.00, 'Intact', 'Correct', 'Pass', 'Pass', NULL, NULL, NULL, '', 'Pass', 'Pass', 'Passed', '', 'Approved', NULL, NULL, NULL, 1, '2026-03-14', '2026-03-14 06:48:26', '2026-03-14 08:23:48'),
(3, 'QC-20260314-0011', 2, 3, 23, 'Potassium sorbate (preservative)', '0', 121.00, 121.00, 0.00, 'Intact', 'Correct', 'Pass', 'Pass', NULL, NULL, NULL, '', 'Pass', 'Pass', 'Failed', '', 'Rejected', NULL, NULL, NULL, 1, '2026-03-14', '2026-03-14 08:24:48', '2026-03-14 08:30:39'),
(4, 'QC-20260314-0012', 3, 4, 23, 'Potassium sorbate (preservative)', '0', 12.00, 12.00, 0.00, 'Intact', 'Correct', 'Pass', 'Pass', NULL, NULL, NULL, '', 'Pass', 'Pass', 'Passed', '', 'Approved', NULL, NULL, NULL, 1, '2026-03-14', '2026-03-14 08:37:28', '2026-03-14 08:37:51'),
(5, 'QC-20260314-0013', 4, 5, 29, 'Plastic sachets (PET/AL/PE laminate)', '0', 12.00, 12.00, 0.00, 'Intact', 'Correct', 'Pass', 'Pass', '0000-00-00', NULL, NULL, '', 'Pass', 'Pass', 'Passed', '', 'Approved', NULL, NULL, NULL, 1, '2026-03-14', '2026-03-14 08:39:49', '2026-03-14 08:40:18');

-- --------------------------------------------------------

--
-- Table structure for table `return_items`
--

CREATE TABLE `return_items` (
  `return_item_id` int(11) NOT NULL,
  `return_id` int(11) NOT NULL,
  `material_id` int(11) DEFAULT NULL,
  `product_id` int(11) DEFAULT NULL,
  `item_name` varchar(200) NOT NULL,
  `quantity` decimal(10,2) NOT NULL,
  `unit` varchar(20) DEFAULT 'kg',
  `unit_price` decimal(12,2) DEFAULT NULL,
  `subtotal` decimal(12,2) DEFAULT NULL,
  `reason` text DEFAULT NULL
) ENGINE=InnoDB DEFAULT CHARSET=utf8mb4 COLLATE=utf8mb4_general_ci;

-- --------------------------------------------------------

--
-- Table structure for table `sales_orders`
--

CREATE TABLE `sales_orders` (
  `order_id` int(11) NOT NULL,
  `order_number` varchar(50) NOT NULL,
  `customer_id` int(11) DEFAULT NULL,
  `product_id` int(11) DEFAULT NULL,
  `quantity` decimal(10,2) DEFAULT NULL,
  `order_date` date NOT NULL,
  `delivery_address` text DEFAULT NULL,
  `delivery_date` date DEFAULT NULL,
  `fulfillment_type` enum('Delivery','Pickup') DEFAULT 'Delivery',
  `delivery_person_id` int(11) DEFAULT NULL,
  `status` enum('Pending','Confirmed','Dispatched','Delivered','Cancelled','Ready for Pickup','Picked Up') DEFAULT 'Pending',
  `created_by` int(11) DEFAULT NULL,
  `created_at` timestamp NOT NULL DEFAULT current_timestamp(),
  `total_amount` decimal(12,2) NOT NULL DEFAULT 0.00,
  `invoice_id` int(11) DEFAULT NULL,
  `invoice_generated` tinyint(1) DEFAULT 0,
  `from_production_request` tinyint(1) NOT NULL DEFAULT 0,
  `request_group_id` varchar(50) DEFAULT NULL,
  `reservation_expires_at` datetime DEFAULT NULL,
  `delivery_lat` decimal(10,8) DEFAULT NULL,
  `delivery_lng` decimal(11,8) DEFAULT NULL
) ENGINE=InnoDB DEFAULT CHARSET=utf8mb4 COLLATE=utf8mb4_general_ci;

--
-- Dumping data for table `sales_orders`
--

INSERT INTO `sales_orders` (`order_id`, `order_number`, `customer_id`, `product_id`, `quantity`, `order_date`, `delivery_address`, `delivery_date`, `fulfillment_type`, `delivery_person_id`, `status`, `created_by`, `created_at`, `total_amount`, `invoice_id`, `invoice_generated`, `from_production_request`, `request_group_id`, `reservation_expires_at`, `delivery_lat`, `delivery_lng`) VALUES
(2, 'PUP-20260309-0001', 1, NULL, NULL, '2026-03-09', 'Warehouse Pickup', NULL, '', NULL, 'Picked Up', 1, '2026-03-09 11:31:17', 2730.00, 1, 1, 0, NULL, '2026-03-11 12:31:17', NULL, NULL),
(3, 'PUP-20260309-0002', 1, NULL, NULL, '2026-03-09', 'Warehouse Pickup', NULL, '', NULL, 'Picked Up', 1, '2026-03-09 11:56:23', 47600.00, 2, 1, 0, NULL, '2026-03-11 12:56:23', NULL, NULL),
(4, 'PUP-20260309-0003', 1, NULL, NULL, '2026-03-09', 'Warehouse Pickup', NULL, '', NULL, 'Picked Up', 1, '2026-03-09 12:03:54', 720.00, 3, 1, 0, NULL, '2026-03-11 13:03:54', NULL, NULL),
(5, 'PUP-20260309-0004', 1, NULL, NULL, '2026-03-09', 'Warehouse Pickup', NULL, '', NULL, 'Picked Up', 1, '2026-03-09 12:04:14', 720.00, 4, 1, 0, NULL, '2026-03-11 13:04:14', NULL, NULL),
(6, 'ORD-20260309-0002', 1, NULL, NULL, '2026-03-09', 'test', '2026-03-10', 'Delivery', NULL, 'Delivered', 1, '2026-03-09 12:24:20', 11637.00, 13, 1, 0, NULL, '2026-03-11 13:24:20', 14.10640200, 121.14418000),
(8, 'ORD-20260309-0004', 1, NULL, NULL, '2026-03-09', 'test', NULL, 'Delivery', NULL, '', 1, '2026-03-09 12:48:39', 24877.00, 5, 1, 1, 'PRG-20260309134129-2550', NULL, 14.10640200, 121.14418000),
(9, 'ORD-20260309-0005', 1, NULL, NULL, '2026-03-09', 'test', '2026-03-09', 'Delivery', NULL, 'Delivered', 1, '2026-03-09 13:05:55', 46680.00, NULL, 0, 0, NULL, '2026-03-11 14:05:55', 14.10681500, 121.14787100),
(10, 'ORD-20260309-0006', 1, NULL, NULL, '2026-03-09', 'test', NULL, 'Delivery', NULL, 'Delivered', 1, '2026-03-09 14:30:06', 1245.30, 6, 1, 1, 'PRG-20260309152701-cb6b', NULL, 14.10640200, 121.14418000),
(11, 'ORD-20260309-0007', 1, NULL, NULL, '2026-03-09', 'test', '2026-03-09', 'Delivery', NULL, '', 1, '2026-03-09 14:39:48', 850.00, 7, 1, 0, NULL, '2026-03-11 15:39:48', 14.08311900, 121.15173300),
(16, 'ORD-20260309-0012', 2, NULL, NULL, '2026-03-10', 'test order', NULL, 'Delivery', NULL, '', 1, '2026-03-09 16:01:33', 22377.00, NULL, 0, 1, 'PRG-20260309164617-961c', NULL, 14.10640200, 121.14418000),
(17, 'ORD-20260309-0013', 2, NULL, NULL, '2026-03-09', 'test order', '2026-03-10', 'Delivery', NULL, '', 1, '2026-03-09 17:55:23', 1605.96, NULL, 0, 0, NULL, '2026-03-11 18:55:23', 14.20185100, 121.15379300),
(18, 'ORD-20260311-0001', 3, NULL, NULL, '2026-03-11', 'Tanauan City, batangas', '2026-03-11', 'Delivery', NULL, 'Pending', 1, '2026-03-11 13:22:01', 1020.00, NULL, 0, 0, NULL, '2026-03-13 14:22:00', NULL, NULL),
(19, 'ORD-20260311-0002', 4, NULL, NULL, '2026-03-11', 'San Miguel, sto tomas city, batangas', '2026-03-11', 'Delivery', NULL, 'Pending', 1, '2026-03-11 13:23:31', 1020.00, NULL, 0, 0, NULL, '2026-03-13 14:23:31', NULL, NULL),
(26, 'ORD-20260311-0009', 6, NULL, NULL, '2026-03-11', 'mariveles, bataan', '2026-03-11', 'Delivery', NULL, 'Confirmed', 1, '2026-03-11 13:38:06', 85.00, NULL, 0, 0, NULL, '2026-03-13 14:38:06', 14.43560000, 120.49033600),
(27, 'ORD-20260311-0010', 6, NULL, NULL, '2026-03-11', 'lucanin mariveles bataan', '2026-03-11', 'Delivery', NULL, 'Delivered', 1, '2026-03-11 13:39:06', 22.54, NULL, 0, 0, NULL, '2026-03-13 14:39:05', NULL, NULL),
(28, 'ORD-20260311-0011', 8, NULL, NULL, '2026-03-11', 'San joaquin Santo tomas batangas', '2026-03-11', 'Delivery', NULL, '', 1, '2026-03-11 13:40:55', 85.00, NULL, 0, 0, NULL, '2026-03-13 14:40:55', NULL, NULL),
(29, 'ORD-20260311-0012', 9, NULL, NULL, '2026-03-11', 'Santa clara santo tomas batangas', '2026-03-11', 'Delivery', NULL, '', 1, '2026-03-11 13:43:34', 85.00, NULL, 0, 0, NULL, '2026-03-13 14:43:33', 14.02523900, 121.20410200),
(30, 'ORD-20260311-0013', 6, NULL, NULL, '2026-03-11', 'lucanin mariveles bataan', NULL, 'Delivery', NULL, 'Confirmed', 1, '2026-03-11 13:46:48', 85.00, NULL, 0, 0, NULL, '2026-03-13 14:46:47', 14.47419300, 120.60296200),
(31, 'ORD-20260311-0014', 4, NULL, NULL, '2026-03-11', 'San Miguel sto tomas city batangas', '2026-03-28', 'Delivery', NULL, '', 1, '2026-03-11 17:47:08', 1020.00, NULL, 0, 0, NULL, '2026-03-13 18:47:08', 14.09700900, 121.16212600),
(32, 'ORD-20260311-0015', 2, NULL, NULL, '2026-03-12', '', NULL, 'Delivery', NULL, 'Confirmed', 1, '2026-03-11 18:07:02', 17240.00, NULL, 0, 1, 'PRG-20260311190427-919e', NULL, NULL, NULL),
(34, 'ORD-20260311-0017', 9, NULL, NULL, '2026-03-12', 'Santa clara santo tomas batangas', NULL, 'Delivery', NULL, 'Confirmed', 1, '2026-03-11 18:20:12', 298524.00, NULL, 0, 1, 'PRG-20260311191440-c4e3', NULL, 14.02523900, 121.20410200),
(36, 'ORD-20260311-0019', 9, NULL, NULL, '2026-03-12', 'Santa clara santo tomas batangas', NULL, 'Delivery', 7, 'Confirmed', 1, '2026-03-11 18:45:14', 2985.24, NULL, 0, 1, 'PRG-20260311194428-41f6', NULL, 14.02523900, 121.20410200),
(38, 'ORD-20260311-0021', 9, NULL, NULL, '2026-03-12', '', NULL, 'Delivery', NULL, 'Confirmed', 1, '2026-03-11 18:47:56', 314050.00, 12, 1, 1, 'PRG-20260311194707-267d', NULL, NULL, NULL),
(40, 'ORD-20260311-0023', 8, NULL, NULL, '2026-03-12', '', NULL, 'Delivery', NULL, 'Confirmed', 1, '2026-03-11 18:50:48', 58180.00, NULL, 0, 1, 'PRG-20260311195001-49df', NULL, NULL, NULL),
(42, 'ORD-20260311-0025', 7, NULL, NULL, '2026-03-12', '', NULL, 'Delivery', NULL, 'Confirmed', 1, '2026-03-11 20:09:11', 9508.00, 11, 1, 1, 'PRG-20260311210837-cbf3', NULL, NULL, NULL),
(43, 'ORD-20260313-0001', 1, NULL, NULL, '2026-03-13', 'test', NULL, 'Delivery', 7, 'Delivered', 1, '2026-03-13 05:34:49', 387.90, 10, 1, 1, 'PRG-20260313063041-d531', NULL, 34.03052300, 50.67080600),
(44, 'ORD-20260314-0001', 3, NULL, NULL, '2026-03-14', 'Tanauan City, batangas', NULL, 'Delivery', NULL, 'Pending', 1, '2026-03-14 05:31:27', 1020.00, 9, 1, 0, NULL, '2026-03-16 06:31:27', NULL, NULL),
(45, 'ORD-20260314-0002', 1, NULL, NULL, '2026-03-14', 'test', '2026-03-14', 'Delivery', NULL, 'Pending', 1, '2026-03-14 06:06:51', 1020.00, 8, 1, 0, NULL, '2026-03-16 07:06:51', NULL, NULL),
(46, 'ORD-20260314-0003', 1, NULL, NULL, '2026-03-14', 'test', '2026-03-14', 'Delivery', NULL, 'Pending', 1, '2026-03-14 07:24:17', 1020.00, NULL, 0, 0, NULL, '2026-03-16 08:24:17', NULL, NULL),
(47, 'PUP-20260314-0001', 4, NULL, NULL, '2026-03-14', 'Warehouse Pickup', NULL, '', NULL, 'Picked Up', 1, '2026-03-14 07:24:26', 1020.00, NULL, 0, 0, NULL, '2026-03-16 08:24:26', NULL, NULL),
(48, 'PUP-20260314-0002', 1, NULL, NULL, '2026-03-14', 'Warehouse Pickup', NULL, '', NULL, 'Picked Up', 1, '2026-03-14 07:24:40', 1020.00, NULL, 0, 0, NULL, '2026-03-16 08:24:40', NULL, NULL);

-- --------------------------------------------------------

--
-- Table structure for table `sales_settings`
--

CREATE TABLE `sales_settings` (
  `id` int(11) NOT NULL,
  `setting_key` varchar(50) NOT NULL,
  `setting_value` varchar(255) NOT NULL,
  `description` varchar(255) DEFAULT NULL,
  `updated_at` timestamp NOT NULL DEFAULT current_timestamp() ON UPDATE current_timestamp()
) ENGINE=InnoDB DEFAULT CHARSET=utf8mb4 COLLATE=utf8mb4_general_ci;

-- --------------------------------------------------------

--
-- Table structure for table `suppliers`
--

CREATE TABLE `suppliers` (
  `supplier_id` int(11) NOT NULL,
  `supplier_name` varchar(100) NOT NULL,
  `payment_terms` varchar(100) DEFAULT NULL,
  `contact_person` varchar(100) DEFAULT NULL,
  `contact_number` varchar(20) DEFAULT NULL,
  `email` varchar(100) DEFAULT NULL,
  `address` text DEFAULT NULL,
  `created_at` timestamp NOT NULL DEFAULT current_timestamp(),
  `updated_at` timestamp NOT NULL DEFAULT current_timestamp() ON UPDATE current_timestamp(),
  `supplier_code` varchar(50) DEFAULT NULL,
  `status` enum('active','inactive') DEFAULT 'active'
) ENGINE=InnoDB DEFAULT CHARSET=utf8mb4 COLLATE=utf8mb4_general_ci;

--
-- Dumping data for table `suppliers`
--

INSERT INTO `suppliers` (`supplier_id`, `supplier_name`, `payment_terms`, `contact_person`, `contact_number`, `email`, `address`, `created_at`, `updated_at`, `supplier_code`, `status`) VALUES
(1, 'Greenfield Agro Supplies', 'Net 30', 'Maria Santos', '0917-123-4567', 'maria.santos@greenfield.com.ph', '123 Rizal St., Brgy. San Isidro, Laguna', '2026-03-09 12:28:02', '2026-03-09 12:28:02', 'SUP-001', 'active'),
(2, 'Pacific Ingredients Co.', 'Net 45', 'Jorge Reyes', '0918-234-5678', 'jorge.reyes@pacificingredients.ph', '45 Avenida Street, Brgy. San Rafael, Quezon City', '2026-03-09 12:28:02', '2026-03-09 12:28:02', 'SUP-002', 'active'),
(3, 'Metro Packaging Solutions', 'Cash on Delivery', 'Elaine Cruz', '0920-345-6789', 'elaine.cruz@metropack.ph', 'Unit 5, 8th Avenue, Brgy. San Antonio, Pasig City', '2026-03-09 12:28:02', '2026-03-09 12:28:02', 'SUP-003', 'active'),
(4, 'Eastwood Logistics & Trading', 'Net 30', 'Ralph Delgado', '0917-987-6543', 'ralph.delgado@eastwoodlogistics.ph', 'Suite 201, Eastwood Business Center, Libis, Quezon City', '2026-03-09 12:28:02', '2026-03-09 12:28:02', 'SUP-004', 'active'),
(5, 'Bayshore Food Ingredients', 'Net 60', 'Kristine Velasco', '0919-876-5432', 'kristine.velasco@bayshorefoods.ph', 'Lot 12, Bayshore Industrial Park, Cavite', '2026-03-09 12:28:02', '2026-03-13 18:04:28', 'SUP-005', 'active'),
(6, 'supplier test', 'Net 30', 'test contactperson', '09123456769', 'testS@example.com', 'brgy 1 sto tomas batangas', '2026-03-13 16:03:10', '2026-03-13 16:03:10', 'SUP-20260313-0001', 'active');

-- --------------------------------------------------------

--
-- Table structure for table `supplier_deliveries`
--

CREATE TABLE `supplier_deliveries` (
  `delivery_id` int(11) NOT NULL,
  `supplier_id` int(11) NOT NULL,
  `delivery_date` date NOT NULL,
  `reference` varchar(100) DEFAULT NULL,
  `notes` text DEFAULT NULL,
  `received_by` int(11) DEFAULT NULL,
  `created_at` timestamp NOT NULL DEFAULT current_timestamp()
) ENGINE=InnoDB DEFAULT CHARSET=utf8mb4 COLLATE=utf8mb4_general_ci;

-- --------------------------------------------------------

--
-- Table structure for table `supplier_delivery_items`
--

CREATE TABLE `supplier_delivery_items` (
  `id` int(11) NOT NULL,
  `delivery_id` int(11) NOT NULL,
  `raw_material_id` int(11) DEFAULT NULL,
  `product_id` int(11) DEFAULT NULL,
  `item_name` varchar(200) NOT NULL,
  `quantity` decimal(10,2) NOT NULL,
  `unit` varchar(20) DEFAULT 'kg',
  `created_at` timestamp NOT NULL DEFAULT current_timestamp()
) ENGINE=InnoDB DEFAULT CHARSET=utf8mb4 COLLATE=utf8mb4_general_ci;

-- --------------------------------------------------------

--
-- Table structure for table `supplier_invoices`
--

CREATE TABLE `supplier_invoices` (
  `invoice_id` int(11) NOT NULL,
  `invoice_number` varchar(100) NOT NULL,
  `supplier_id` int(11) NOT NULL,
  `po_id` int(11) DEFAULT NULL,
  `invoice_date` date NOT NULL,
  `due_date` date DEFAULT NULL,
  `subtotal` decimal(12,2) DEFAULT 0.00,
  `tax_amount` decimal(12,2) DEFAULT 0.00,
  `total_amount` decimal(12,2) NOT NULL,
  `payment_status` enum('Unpaid','Partially Paid','Paid') DEFAULT 'Unpaid',
  `paid_amount` decimal(12,2) DEFAULT 0.00,
  `notes` text DEFAULT NULL,
  `created_by` int(11) NOT NULL,
  `created_at` timestamp NOT NULL DEFAULT current_timestamp(),
  `updated_at` timestamp NOT NULL DEFAULT current_timestamp() ON UPDATE current_timestamp()
) ENGINE=InnoDB DEFAULT CHARSET=utf8mb4 COLLATE=utf8mb4_general_ci;

-- --------------------------------------------------------

--
-- Table structure for table `supplier_payments`
--

CREATE TABLE `supplier_payments` (
  `id` int(11) NOT NULL,
  `invoice_id` int(11) NOT NULL,
  `payment_date` date NOT NULL,
  `payment_method` varchar(64) DEFAULT NULL,
  `amount` decimal(18,2) NOT NULL,
  `reference_number` varchar(128) DEFAULT NULL,
  `notes` text DEFAULT NULL,
  `created_by` int(11) DEFAULT NULL,
  `created_at` timestamp NOT NULL DEFAULT current_timestamp()
) ENGINE=InnoDB DEFAULT CHARSET=utf8mb4 COLLATE=utf8mb4_general_ci;

-- --------------------------------------------------------

--
-- Table structure for table `supplier_products`
--

CREATE TABLE `supplier_products` (
  `sp_id` int(11) NOT NULL,
  `supplier_id` int(11) NOT NULL,
  `material_id` int(11) DEFAULT NULL,
  `product_id` int(11) DEFAULT NULL,
  `item_name` varchar(200) NOT NULL,
  `item_type` enum('Raw Material','Product','Other') DEFAULT 'Raw Material',
  `unit_price` decimal(12,2) DEFAULT NULL,
  `unit` varchar(20) DEFAULT 'kg',
  `notes` text DEFAULT NULL,
  `created_at` timestamp NOT NULL DEFAULT current_timestamp()
) ENGINE=InnoDB DEFAULT CHARSET=utf8mb4 COLLATE=utf8mb4_general_ci;

-- --------------------------------------------------------

--
-- Table structure for table `supplier_returns`
--

CREATE TABLE `supplier_returns` (
  `return_id` int(11) NOT NULL,
  `return_number` varchar(50) NOT NULL,
  `po_id` int(11) DEFAULT NULL,
  `grn_id` int(11) DEFAULT NULL,
  `supplier_id` int(11) NOT NULL,
  `return_date` date NOT NULL,
  `reason` text NOT NULL,
  `status` enum('Pending','Approved','Returned','Cancelled') DEFAULT 'Pending',
  `total_amount` decimal(12,2) DEFAULT 0.00,
  `approved_by` int(11) DEFAULT NULL,
  `approved_at` timestamp NULL DEFAULT NULL,
  `notes` text DEFAULT NULL,
  `created_by` int(11) NOT NULL,
  `created_at` timestamp NOT NULL DEFAULT current_timestamp(),
  `updated_at` timestamp NOT NULL DEFAULT current_timestamp() ON UPDATE current_timestamp()
) ENGINE=InnoDB DEFAULT CHARSET=utf8mb4 COLLATE=utf8mb4_general_ci;

--
-- Dumping data for table `supplier_returns`
--

INSERT INTO `supplier_returns` (`return_id`, `return_number`, `po_id`, `grn_id`, `supplier_id`, `return_date`, `reason`, `status`, `total_amount`, `approved_by`, `approved_at`, `notes`, `created_by`, `created_at`, `updated_at`) VALUES
(1, 'RET-20260314-0001', NULL, 1, 4, '2026-03-14', '0', 'Pending', 0.00, NULL, NULL, '0', 1, '2026-03-14 06:50:18', '2026-03-14 06:50:18');

-- --------------------------------------------------------

--
-- Table structure for table `system_events`
--

CREATE TABLE `system_events` (
  `id` int(11) NOT NULL,
  `entity_type` varchar(50) NOT NULL,
  `entity_id` int(11) NOT NULL,
  `event_type` varchar(50) NOT NULL,
  `payload` longtext CHARACTER SET utf8mb4 COLLATE utf8mb4_bin DEFAULT NULL CHECK (json_valid(`payload`)),
  `processed` tinyint(1) NOT NULL DEFAULT 0,
  `processed_at` datetime DEFAULT NULL,
  `created_at` timestamp NOT NULL DEFAULT current_timestamp()
) ENGINE=InnoDB DEFAULT CHARSET=utf8mb4 COLLATE=utf8mb4_general_ci;

--
-- Dumping data for table `system_events`
--

INSERT INTO `system_events` (`id`, `entity_type`, `entity_id`, `event_type`, `payload`, `processed`, `processed_at`, `created_at`) VALUES
(1, 'production_batch', 1, 'PRODUCTION_CONSUME', '{\"batch_id\":1,\"materials\":[{\"material_id\":30,\"quantity\":2}],\"created_by\":1}', 1, '2026-03-09 19:13:48', '2026-03-09 11:13:48'),
(2, 'qc_record', 1, 'QC_APPROVED_FG', '{\"product_id\":26,\"quantity\":\"100.00\",\"batch_id\":1,\"expiry_date\":\"2027-03-09\",\"warehouse_location\":\"Lot 6720 Brgy San Joaquin Sto Tomas Batangas\",\"created_by\":\"1\"}', 1, '2026-03-09 19:14:01', '2026-03-09 11:14:01'),
(3, 'production_batch', 2, 'PRODUCTION_CONSUME', '{\"batch_id\":2,\"materials\":[{\"material_id\":30,\"quantity\":11}],\"created_by\":1}', 1, '2026-03-09 19:14:35', '2026-03-09 11:14:35'),
(4, 'qc_record', 2, 'QC_APPROVED_FG', '{\"product_id\":26,\"quantity\":\"100.00\",\"batch_id\":2,\"expiry_date\":\"2027-03-09\",\"warehouse_location\":\"Lot 6720 Brgy San Joaquin Sto Tomas Batangas\",\"created_by\":\"1\"}', 1, '2026-03-09 19:14:48', '2026-03-09 11:14:48'),
(5, 'production_batch', 3, 'PRODUCTION_CONSUME', '{\"batch_id\":3,\"materials\":[{\"material_id\":30,\"quantity\":1}],\"created_by\":1}', 1, '2026-03-09 19:38:25', '2026-03-09 11:38:25'),
(6, 'qc_record', 3, 'QC_APPROVED_FG', '{\"product_id\":11,\"quantity\":\"500.00\",\"batch_id\":3,\"expiry_date\":\"2027-03-09\",\"warehouse_location\":\"Lot 6720 Brgy San Joaquin Sto Tomas Batangas\",\"created_by\":\"1\"}', 1, '2026-03-09 19:38:38', '2026-03-09 11:38:38'),
(7, 'production_batch', 4, 'PRODUCTION_CONSUME', '{\"batch_id\":4,\"materials\":[{\"material_id\":27,\"quantity\":1}],\"created_by\":1}', 1, '2026-03-09 19:41:41', '2026-03-09 11:41:41'),
(8, 'qc_record', 5, 'QC_APPROVED_FG', '{\"product_id\":1,\"quantity\":\"12.00\",\"batch_id\":4,\"expiry_date\":\"2028-03-08\",\"warehouse_location\":\"Lot 6720 Brgy San Joaquin Sto Tomas Batangas\",\"created_by\":\"1\"}', 1, '2026-03-09 20:24:45', '2026-03-09 12:24:45'),
(9, 'production_batch', 5, 'PRODUCTION_CONSUME', '{\"batch_id\":5,\"materials\":[{\"material_id\":30,\"quantity\":1}],\"created_by\":1}', 1, '2026-03-09 20:43:15', '2026-03-09 12:43:15'),
(10, 'qc_record', 6, 'QC_APPROVED_FG', '{\"product_id\":26,\"quantity\":\"100.00\",\"batch_id\":5,\"expiry_date\":\"2027-03-09\",\"warehouse_location\":\"Lot 6720 Brgy San Joaquin Sto Tomas Batangas\",\"created_by\":\"1\"}', 1, '2026-03-09 20:45:08', '2026-03-09 12:45:08'),
(11, 'qc_record', 7, 'QC_APPROVED_FG', '{\"product_id\":42,\"quantity\":\"100.00\",\"batch_id\":6,\"expiry_date\":\"2027-03-09\",\"warehouse_location\":\"Lot 6720 Brgy San Joaquin Sto Tomas Batangas\",\"created_by\":\"1\"}', 1, '2026-03-09 20:48:39', '2026-03-09 12:48:39'),
(12, 'production_batch', 7, 'PRODUCTION_CONSUME', '{\"batch_id\":7,\"materials\":[{\"material_id\":26,\"quantity\":1}],\"created_by\":1}', 1, '2026-03-09 22:12:21', '2026-03-09 14:12:21'),
(13, 'qc_record', 8, 'QC_APPROVED_FG', '{\"product_id\":26,\"quantity\":\"10.00\",\"batch_id\":7,\"expiry_date\":\"2027-03-09\",\"warehouse_location\":\"Lot 6720 Brgy San Joaquin Sto Tomas Batangas\",\"created_by\":\"1\"}', 1, '2026-03-09 22:13:02', '2026-03-09 14:13:02'),
(14, 'sales_order', 8, 'SALES_ORDER_DELIVERED', '{\"order_id\":8,\"assignment_id\":4,\"order_items\":[{\"product_id\":26,\"quantity\":100},{\"product_id\":42,\"quantity\":100}]}', 0, NULL, '2026-03-09 14:21:33'),
(15, 'production_batch', 8, 'PRODUCTION_CONSUME', '{\"batch_id\":8,\"materials\":[{\"material_id\":26,\"quantity\":1}],\"created_by\":1}', 1, '2026-03-09 22:29:24', '2026-03-09 14:29:24'),
(16, 'qc_record', 9, 'QC_APPROVED_FG', '{\"product_id\":41,\"quantity\":\"10.00\",\"batch_id\":8,\"expiry_date\":\"2027-03-09\",\"warehouse_location\":\"Lot 6720 Brgy San Joaquin Sto Tomas Batangas\",\"created_by\":\"1\"}', 1, '2026-03-09 22:30:05', '2026-03-09 14:30:05'),
(17, 'sales_order', 10, 'SALES_ORDER_DELIVERED', '{\"order_id\":10,\"assignment_id\":5,\"order_items\":[{\"product_id\":41,\"quantity\":10}]}', 0, NULL, '2026-03-09 14:31:29'),
(18, 'sales_order', 11, 'SALES_ORDER_DELIVERED', '{\"order_id\":11,\"assignment_id\":6,\"order_items\":[{\"product_id\":26,\"quantity\":10}]}', 0, NULL, '2026-03-09 14:41:21'),
(19, 'production_batch', 9, 'PRODUCTION_CONSUME', '{\"batch_id\":9,\"materials\":[{\"material_id\":6,\"quantity\":1}],\"created_by\":1}', 1, '2026-03-09 23:46:39', '2026-03-09 15:46:39'),
(20, 'qc_record', 10, 'QC_APPROVED_FG', '{\"product_id\":42,\"quantity\":\"100.00\",\"batch_id\":9,\"expiry_date\":\"2027-03-09\",\"warehouse_location\":\"Lot 6720 Brgy San Joaquin Sto Tomas Batangas\",\"created_by\":\"1\"}', 1, '2026-03-09 23:47:04', '2026-03-09 15:47:04'),
(21, 'production_batch', 11, 'PRODUCTION_CONSUME', '{\"batch_id\":11,\"materials\":[{\"material_id\":30,\"quantity\":1}],\"created_by\":1}', 1, '2026-03-09 23:59:31', '2026-03-09 15:59:31'),
(22, 'qc_record', 11, 'QC_APPROVED_FG', '{\"product_id\":24,\"quantity\":\"100.00\",\"batch_id\":10,\"expiry_date\":\"2027-03-09\",\"warehouse_location\":\"Lot 6720 Brgy San Joaquin Sto Tomas Batangas\",\"created_by\":\"1\"}', 1, '2026-03-10 00:00:01', '2026-03-09 16:00:01'),
(23, 'qc_record', 12, 'QC_APPROVED_FG', '{\"product_id\":42,\"quantity\":\"100.00\",\"batch_id\":11,\"expiry_date\":\"2027-03-09\",\"warehouse_location\":\"Lot 6720 Brgy San Joaquin Sto Tomas Batangas\",\"created_by\":\"1\"}', 1, '2026-03-10 00:01:27', '2026-03-09 16:01:27'),
(24, 'qc_record', 13, 'QC_APPROVED_FG', '{\"product_id\":24,\"quantity\":\"100.00\",\"batch_id\":12,\"expiry_date\":\"2027-03-09\",\"warehouse_location\":\"Lot 6720 Brgy San Joaquin Sto Tomas Batangas\",\"created_by\":\"1\"}', 1, '2026-03-10 00:01:33', '2026-03-09 16:01:33'),
(25, 'production_batch', 13, 'PRODUCTION_CONSUME', '{\"batch_id\":13,\"materials\":[{\"material_id\":30,\"quantity\":2}],\"created_by\":2}', 1, '2026-03-11 23:47:37', '2026-03-11 15:47:37'),
(26, 'sales_order', 16, 'SALES_ORDER_DELIVERED', '{\"order_id\":16,\"assignment_id\":7,\"order_items\":[{\"product_id\":42,\"quantity\":100},{\"product_id\":24,\"quantity\":100}]}', 0, NULL, '2026-03-11 15:52:10'),
(27, 'sales_order', 6, 'SALES_ORDER_DELIVERED', '{\"order_id\":6,\"assignment_id\":3,\"order_items\":[{\"product_id\":17,\"quantity\":300}]}', 0, NULL, '2026-03-11 15:52:25'),
(29, 'sales_order', 9, 'SALES_ORDER_DELIVERED', '{\"order_id\":9,\"assignment_id\":2,\"order_items\":[{\"product_id\":24,\"quantity\":778}]}', 0, NULL, '2026-03-11 15:52:39'),
(37, 'sales_order', 29, 'SALES_ORDER_DELIVERED', '{\"order_id\":29,\"assignment_id\":9,\"order_items\":[{\"product_id\":26,\"quantity\":1}]}', 0, NULL, '2026-03-11 17:45:10'),
(40, 'sales_order', 31, 'SALES_ORDER_DELIVERED', '{\"order_id\":31,\"assignment_id\":11,\"order_items\":[{\"product_id\":26,\"quantity\":12}]}', 0, NULL, '2026-03-11 17:48:16'),
(41, 'sales_order', 27, 'SALES_ORDER_DELIVERED', '{\"order_id\":27,\"assignment_id\":12,\"order_items\":[{\"product_id\":1,\"quantity\":2}]}', 0, NULL, '2026-03-11 17:55:12'),
(42, 'production_batch', 14, 'PRODUCTION_CONSUME', '{\"batch_id\":14,\"materials\":[{\"material_id\":26,\"quantity\":23}],\"created_by\":1}', 1, '2026-03-12 02:05:13', '2026-03-11 18:05:13'),
(43, 'qc_record', 14, 'QC_APPROVED_FG', '{\"product_id\":28,\"quantity\":\"1212.00\",\"batch_id\":13,\"expiry_date\":\"2028-03-10\",\"warehouse_location\":\"Lot 6720 Brgy San Joaquin Sto Tomas Batangas\",\"created_by\":\"1\"}', 1, '2026-03-12 02:05:50', '2026-03-11 18:05:50'),
(44, 'qc_record', 15, 'QC_APPROVED_FG', '{\"product_id\":36,\"quantity\":\"1000.00\",\"batch_id\":14,\"expiry_date\":\"2029-03-10\",\"warehouse_location\":\"Lot 6720 Brgy San Joaquin Sto Tomas Batangas\",\"created_by\":\"1\"}', 1, '2026-03-12 02:07:02', '2026-03-11 18:07:02'),
(45, 'production_batch', 15, 'PRODUCTION_CONSUME', '{\"batch_id\":15,\"materials\":[{\"material_id\":6,\"quantity\":12}],\"created_by\":1}', 1, '2026-03-12 02:15:03', '2026-03-11 18:15:03'),
(46, 'qc_record', 16, 'QC_APPROVED_FG', '{\"product_id\":26,\"quantity\":\"1200.00\",\"batch_id\":15,\"expiry_date\":\"2027-03-11\",\"warehouse_location\":\"Lot 6720 Brgy San Joaquin Sto Tomas Batangas\",\"created_by\":\"1\"}', 1, '2026-03-12 02:15:34', '2026-03-11 18:15:34'),
(47, 'qc_record', 17, 'QC_APPROVED_FG', '{\"product_id\":42,\"quantity\":\"1200.00\",\"batch_id\":16,\"expiry_date\":\"2027-03-11\",\"warehouse_location\":\"Lot 6720 Brgy San Joaquin Sto Tomas Batangas\",\"created_by\":\"1\"}', 1, '2026-03-12 02:20:12', '2026-03-11 18:20:12'),
(48, 'production_batch', 17, 'PRODUCTION_CONSUME', '{\"batch_id\":17,\"materials\":[{\"material_id\":27,\"quantity\":12}],\"created_by\":1}', 1, '2026-03-12 02:44:51', '2026-03-11 18:44:51'),
(49, 'qc_record', 18, 'QC_APPROVED_FG', '{\"product_id\":26,\"quantity\":\"12.00\",\"batch_id\":17,\"expiry_date\":\"2027-03-11\",\"warehouse_location\":\"Lot 6720 Brgy San Joaquin Sto Tomas Batangas\",\"created_by\":\"1\"}', 1, '2026-03-12 02:45:07', '2026-03-11 18:45:07'),
(50, 'qc_record', 19, 'QC_APPROVED_FG', '{\"product_id\":42,\"quantity\":\"12.00\",\"batch_id\":18,\"expiry_date\":\"2027-03-11\",\"warehouse_location\":\"Lot 6720 Brgy San Joaquin Sto Tomas Batangas\",\"created_by\":\"1\"}', 1, '2026-03-12 02:45:14', '2026-03-11 18:45:14'),
(51, 'production_batch', 19, 'PRODUCTION_CONSUME', '{\"batch_id\":19,\"materials\":[{\"material_id\":27,\"quantity\":12}],\"created_by\":1}', 1, '2026-03-12 02:47:21', '2026-03-11 18:47:21'),
(52, 'qc_record', 20, 'QC_APPROVED_FG', '{\"product_id\":38,\"quantity\":\"1000.00\",\"batch_id\":19,\"expiry_date\":\"2029-03-09\",\"warehouse_location\":\"Lot 6720 Brgy San Joaquin Sto Tomas Batangas\",\"created_by\":\"1\"}', 1, '2026-03-12 02:47:41', '2026-03-11 18:47:41'),
(53, 'qc_record', 21, 'QC_APPROVED_FG', '{\"product_id\":24,\"quantity\":\"1000.00\",\"batch_id\":21,\"expiry_date\":\"2027-03-11\",\"warehouse_location\":\"Lot 6720 Brgy San Joaquin Sto Tomas Batangas\",\"created_by\":\"1\"}', 1, '2026-03-12 02:47:56', '2026-03-11 18:47:56'),
(54, 'qc_record', 22, 'QC_APPROVED_FG', '{\"product_id\":26,\"quantity\":\"1212.00\",\"batch_id\":20,\"expiry_date\":\"2027-03-11\",\"warehouse_location\":\"Lot 6720 Brgy San Joaquin Sto Tomas Batangas\",\"created_by\":\"1\"}', 1, '2026-03-12 02:48:04', '2026-03-11 18:48:04'),
(55, 'production_batch', 22, 'PRODUCTION_CONSUME', '{\"batch_id\":22,\"materials\":[{\"material_id\":14,\"quantity\":23}],\"created_by\":1}', 1, '2026-03-12 02:50:28', '2026-03-11 18:50:28'),
(56, 'qc_record', 23, 'QC_APPROVED_FG', '{\"product_id\":37,\"quantity\":\"1000.00\",\"batch_id\":22,\"expiry_date\":\"2029-03-10\",\"warehouse_location\":\"Lot 6720 Brgy San Joaquin Sto Tomas Batangas\",\"created_by\":\"1\"}', 1, '2026-03-12 02:50:48', '2026-03-11 18:50:48'),
(57, 'qc_record', 24, 'QC_APPROVED_FG', '{\"product_id\":36,\"quantity\":\"1000.00\",\"batch_id\":23,\"expiry_date\":\"2029-03-10\",\"warehouse_location\":\"Lot 6720 Brgy San Joaquin Sto Tomas Batangas\",\"created_by\":\"1\"}', 1, '2026-03-12 02:50:53', '2026-03-11 18:50:53'),
(58, 'production_batch', 24, 'PRODUCTION_CONSUME', '{\"batch_id\":24,\"materials\":[{\"material_id\":27,\"quantity\":23}],\"created_by\":1}', 1, '2026-03-12 04:08:56', '2026-03-11 20:08:56'),
(59, 'qc_record', 25, 'QC_APPROVED_FG', '{\"product_id\":16,\"quantity\":\"100.00\",\"batch_id\":24,\"expiry_date\":\"2027-03-11\",\"warehouse_location\":\"Lot 6720 Brgy San Joaquin Sto Tomas Batangas\",\"created_by\":\"1\"}', 1, '2026-03-12 04:09:11', '2026-03-11 20:09:11'),
(60, 'production_batch', 25, 'PRODUCTION_CONSUME', '{\"batch_id\":25,\"materials\":[{\"material_id\":6,\"quantity\":1}],\"created_by\":1}', 1, '2026-03-12 13:30:23', '2026-03-12 05:30:23'),
(61, 'qc_record', 26, 'QC_APPROVED_FG', '{\"product_id\":6,\"quantity\":\"1000.00\",\"batch_id\":25,\"expiry_date\":\"2028-03-11\",\"warehouse_location\":\"Lot 6720 Brgy San Joaquin Sto Tomas Batangas\",\"created_by\":\"1\"}', 1, '2026-03-12 13:30:37', '2026-03-12 05:30:37'),
(62, 'production_batch', 26, 'PRODUCTION_CONSUME', '{\"batch_id\":26,\"materials\":[{\"material_id\":9,\"quantity\":13},{\"material_id\":14,\"quantity\":2},{\"material_id\":20,\"quantity\":0.5},{\"material_id\":27,\"quantity\":1},{\"material_id\":30,\"quantity\":1},{\"material_id\":31,\"quantity\":1}],\"created_by\":1}', 1, '2026-03-12 16:13:26', '2026-03-12 08:13:26'),
(63, 'production_batch', 28, 'PRODUCTION_CONSUME', '{\"batch_id\":28,\"materials\":[{\"material_id\":9,\"quantity\":30},{\"material_id\":14,\"quantity\":3},{\"material_id\":20,\"quantity\":5},{\"material_id\":27,\"quantity\":10},{\"material_id\":30,\"quantity\":10},{\"material_id\":31,\"quantity\":10}],\"created_by\":1}', 1, '2026-03-13 13:33:48', '2026-03-13 05:33:48'),
(64, 'qc_record', 27, 'QC_APPROVED_FG', '{\"product_id\":17,\"quantity\":\"10.00\",\"batch_id\":28,\"expiry_date\":\"2028-03-12\",\"warehouse_location\":\"Lot 6720 Brgy San Joaquin Sto Tomas Batangas\",\"created_by\":\"1\"}', 1, '2026-03-13 13:34:49', '2026-03-13 05:34:49'),
(65, 'sales_order', 43, 'SALES_ORDER_DELIVERED', '{\"order_id\":43,\"assignment_id\":17,\"order_items\":[{\"product_id\":17,\"quantity\":10}]}', 0, NULL, '2026-03-13 05:38:28'),
(66, 'production_batch', 29, 'PRODUCTION_CONSUME', '{\"batch_id\":29,\"materials\":[{\"material_id\":9,\"quantity\":300},{\"material_id\":14,\"quantity\":42},{\"material_id\":20,\"quantity\":12},{\"material_id\":27,\"quantity\":12},{\"material_id\":30,\"quantity\":12},{\"material_id\":31,\"quantity\":12}],\"created_by\":1}', 1, '2026-03-14 12:03:09', '2026-03-14 04:03:09'),
(67, 'qc_record', 28, 'QC_APPROVED_FG', '{\"product_id\":5,\"quantity\":\"12.00\",\"batch_id\":29,\"expiry_date\":\"2028-03-13\",\"warehouse_location\":\"Lot 6720 Brgy San Joaquin Sto Tomas Batangas\",\"created_by\":\"1\"}', 1, '2026-03-14 12:03:22', '2026-03-14 04:03:22'),
(68, 'production_batch', 30, 'PRODUCTION_CONSUME', '{\"batch_id\":30,\"materials\":[{\"material_id\":3,\"quantity\":4.6000000000000005},{\"material_id\":14,\"quantity\":0.46},{\"material_id\":20,\"quantity\":4.6000000000000005},{\"material_id\":23,\"quantity\":0.23},{\"material_id\":27,\"quantity\":23},{\"material_id\":30,\"quantity\":23},{\"material_id\":31,\"quantity\":23}],\"created_by\":1}', 1, '2026-03-14 12:04:31', '2026-03-14 04:04:31'),
(69, 'qc_record', 29, 'QC_APPROVED_FG', '{\"product_id\":26,\"quantity\":\"23.00\",\"batch_id\":30,\"expiry_date\":\"2027-03-14\",\"warehouse_location\":\"Lot 6720 Brgy San Joaquin Sto Tomas Batangas\",\"created_by\":\"1\"}', 1, '2026-03-14 12:04:54', '2026-03-14 04:04:54'),
(70, 'production_batch', 31, 'PRODUCTION_CONSUME', '{\"batch_id\":31,\"materials\":[{\"material_id\":3,\"quantity\":24.400000000000002},{\"material_id\":14,\"quantity\":2.44},{\"material_id\":20,\"quantity\":24.400000000000002},{\"material_id\":23,\"quantity\":1.22},{\"material_id\":27,\"quantity\":122},{\"material_id\":30,\"quantity\":122},{\"material_id\":31,\"quantity\":122}],\"created_by\":1}', 1, '2026-03-14 12:06:59', '2026-03-14 04:06:58'),
(71, 'qc_record', 30, 'QC_APPROVED_FG', '{\"product_id\":26,\"quantity\":\"122.00\",\"batch_id\":31,\"expiry_date\":\"2027-03-14\",\"warehouse_location\":\"Lot 6720 Brgy San Joaquin Sto Tomas Batangas\",\"created_by\":\"1\"}', 1, '2026-03-14 12:07:08', '2026-03-14 04:07:08'),
(72, 'production_batch', 32, 'PRODUCTION_CONSUME', '{\"batch_id\":32,\"materials\":[{\"material_id\":9,\"quantity\":560},{\"material_id\":14,\"quantity\":89.60000000000001},{\"material_id\":20,\"quantity\":22.400000000000002},{\"material_id\":29,\"quantity\":112},{\"material_id\":30,\"quantity\":112},{\"material_id\":32,\"quantity\":112}],\"created_by\":1}', 1, '2026-03-14 12:09:29', '2026-03-14 04:09:29'),
(73, 'qc_record', 32, 'QC_APPROVED_FG', '{\"product_id\":35,\"quantity\":\"112.00\",\"batch_id\":32,\"expiry_date\":\"2028-03-13\",\"warehouse_location\":\"Lot 6720 Brgy San Joaquin Sto Tomas Batangas\",\"created_by\":\"1\"}', 1, '2026-03-14 12:09:45', '2026-03-14 04:09:45'),
(74, 'production_batch', 33, 'PRODUCTION_CONSUME', '{\"batch_id\":33,\"materials\":[{\"material_id\":9,\"quantity\":366},{\"material_id\":14,\"quantity\":36.6},{\"material_id\":20,\"quantity\":61},{\"material_id\":27,\"quantity\":122},{\"material_id\":30,\"quantity\":122},{\"material_id\":31,\"quantity\":122}],\"created_by\":1}', 1, '2026-03-14 12:20:02', '2026-03-14 04:20:02'),
(75, 'qc_record', 33, 'QC_APPROVED_FG', '{\"product_id\":17,\"quantity\":\"122.00\",\"batch_id\":33,\"expiry_date\":\"2028-03-13\",\"warehouse_location\":\"Lot 6720 Brgy San Joaquin Sto Tomas Batangas\",\"created_by\":\"1\"}', 1, '2026-03-14 12:20:22', '2026-03-14 04:20:22'),
(76, 'production_batch', 34, 'PRODUCTION_CONSUME', '{\"batch_id\":34,\"materials\":[{\"material_id\":9,\"quantity\":48},{\"material_id\":14,\"quantity\":7.199999999999999},{\"material_id\":20,\"quantity\":1.7999999999999998},{\"material_id\":29,\"quantity\":12},{\"material_id\":30,\"quantity\":12},{\"material_id\":31,\"quantity\":12}],\"created_by\":1}', 1, '2026-03-14 12:29:54', '2026-03-14 04:29:54'),
(77, 'qc_record', 34, 'QC_APPROVED_FG', '{\"product_id\":1,\"quantity\":\"12.00\",\"batch_id\":34,\"expiry_date\":\"2028-03-14\",\"warehouse_location\":\"Lot 6720 Brgy San Joaquin Sto Tomas Batangas\",\"created_by\":\"1\"}', 1, '2026-03-14 12:30:03', '2026-03-14 04:30:03'),
(78, 'production_batch', 45, 'PRODUCTION_CONSUME', '{\"batch_id\":45,\"materials\":[{\"material_id\":9,\"quantity\":300},{\"material_id\":14,\"quantity\":42},{\"material_id\":20,\"quantity\":12},{\"material_id\":27,\"quantity\":12},{\"material_id\":30,\"quantity\":12},{\"material_id\":31,\"quantity\":12}],\"created_by\":1}', 1, '2026-03-14 13:26:24', '2026-03-14 05:26:24'),
(79, 'qc_record', 35, 'QC_APPROVED_FG', '{\"product_id\":5,\"quantity\":\"12.00\",\"batch_id\":45,\"expiry_date\":\"2028-03-13\",\"warehouse_location\":\"Lot 6720 Brgy San Joaquin Sto Tomas Batangas\",\"created_by\":\"1\"}', 1, '2026-03-14 13:27:04', '2026-03-14 05:27:04'),
(80, 'production_batch', 46, 'PRODUCTION_CONSUME', '{\"batch_id\":46,\"materials\":[{\"material_id\":3,\"quantity\":8.400000000000002},{\"material_id\":9,\"quantity\":504},{\"material_id\":14,\"quantity\":91.67999999999999},{\"material_id\":16,\"quantity\":48},{\"material_id\":20,\"quantity\":99.60000000000001},{\"material_id\":23,\"quantity\":0.6},{\"material_id\":27,\"quantity\":48},{\"material_id\":28,\"quantity\":12},{\"material_id\":30,\"quantity\":60},{\"material_id\":31,\"quantity\":84}],\"created_by\":1}', 1, '2026-03-14 13:53:50', '2026-03-14 05:53:50'),
(81, 'raw_material_qc', 3, 'QC_APPROVED_RAW', '{\"items\":[{\"material_id\":23,\"quantity\":121,\"expiry_date\":\"2026-03-14\",\"warehouse_location\":\"\",\"grn_item_id\":3,\"qc_id\":3,\"item_name\":\"Potassium sorbate (preservative)\",\"unit\":\"0\",\"created_by\":\"1\"}]}', 1, '2026-03-14 16:26:34', '2026-03-14 08:26:34'),
(82, 'raw_material_qc', 4, 'QC_APPROVED_RAW', '{\"items\":[{\"material_id\":23,\"quantity\":12,\"expiry_date\":null,\"warehouse_location\":\"\",\"grn_item_id\":4,\"qc_id\":4,\"item_name\":\"Potassium sorbate (preservative)\",\"unit\":\"0\",\"created_by\":\"1\"}]}', 1, '2026-03-14 16:37:51', '2026-03-14 08:37:51'),
(83, 'raw_material_qc', 5, 'QC_APPROVED_RAW', '{\"items\":[{\"material_id\":29,\"quantity\":12,\"expiry_date\":\"2026-03-14\",\"warehouse_location\":\"\",\"grn_item_id\":5,\"qc_id\":5,\"item_name\":\"Plastic sachets (PET\\/AL\\/PE laminate)\",\"unit\":\"0\",\"created_by\":\"1\"}]}', 1, '2026-03-14 16:40:18', '2026-03-14 08:40:18'),
(84, 'production_batch', 53, 'PRODUCTION_CONSUME', '{\"batch_id\":53,\"materials\":[{\"material_id\":30,\"quantity\":8}],\"created_by\":1}', 1, '2026-03-14 17:46:39', '2026-03-14 09:46:39'),
(85, 'production_batch', 54, 'PRODUCTION_CONSUME', '{\"batch_id\":54,\"materials\":[{\"material_id\":6,\"quantity\":12}],\"created_by\":1}', 1, '2026-03-14 18:28:21', '2026-03-14 10:28:21'),
(86, 'production_batch', 55, 'PRODUCTION_CONSUME', '{\"batch_id\":55,\"materials\":[{\"material_id\":30,\"quantity\":23},{\"material_id\":27,\"quantity\":23}],\"created_by\":1}', 1, '2026-03-14 18:29:37', '2026-03-14 10:29:37'),
(87, 'production_batch', 56, 'PRODUCTION_CONSUME', '{\"batch_id\":56,\"materials\":[{\"material_id\":3,\"quantity\":4.6000000000000005},{\"material_id\":14,\"quantity\":0.46},{\"material_id\":20,\"quantity\":4.6000000000000005},{\"material_id\":23,\"quantity\":0.23},{\"material_id\":27,\"quantity\":23},{\"material_id\":30,\"quantity\":23},{\"material_id\":31,\"quantity\":23}],\"created_by\":1}', 1, '2026-03-14 18:57:41', '2026-03-14 10:57:41'),
(88, 'qc_record', 36, 'QC_APPROVED_FG', '{\"product_id\":1,\"quantity\":\"50.00\",\"batch_id\":44,\"expiry_date\":\"2027-03-14\",\"warehouse_location\":null,\"created_by\":\"1\"}', 1, '2026-03-14 18:59:16', '2026-03-14 10:59:16'),
(89, 'production_batch', 57, 'PRODUCTION_CONSUME', '{\"batch_id\":57,\"materials\":[{\"material_id\":3,\"quantity\":4.800000000000001},{\"material_id\":14,\"quantity\":0.48},{\"material_id\":20,\"quantity\":4.800000000000001},{\"material_id\":23,\"quantity\":0.24},{\"material_id\":27,\"quantity\":12},{\"material_id\":30,\"quantity\":12},{\"material_id\":31,\"quantity\":12}],\"created_by\":1}', 1, '2026-03-14 19:03:48', '2026-03-14 11:03:48'),
(90, 'production_batch', 58, 'PRODUCTION_CONSUME', '{\"batch_id\":58,\"materials\":[{\"material_id\":3,\"quantity\":200},{\"material_id\":14,\"quantity\":20},{\"material_id\":20,\"quantity\":200},{\"material_id\":23,\"quantity\":10},{\"material_id\":27,\"quantity\":1000},{\"material_id\":30,\"quantity\":1000},{\"material_id\":31,\"quantity\":1000}],\"created_by\":1}', 1, '2026-03-14 19:06:59', '2026-03-14 11:06:59');

-- --------------------------------------------------------

--
-- Table structure for table `thirteenth_month`
--

CREATE TABLE `thirteenth_month` (
  `id` int(11) NOT NULL,
  `employee_id` int(11) NOT NULL,
  `year` int(11) NOT NULL,
  `total_basic` decimal(10,2) DEFAULT 0.00,
  `computed_amount` decimal(10,2) DEFAULT 0.00,
  `released` tinyint(1) DEFAULT 0,
  `created_at` timestamp NOT NULL DEFAULT current_timestamp()
) ENGINE=InnoDB DEFAULT CHARSET=utf8mb4 COLLATE=utf8mb4_general_ci;

-- --------------------------------------------------------

--
-- Table structure for table `users`
--

CREATE TABLE `users` (
  `id` int(11) NOT NULL,
  `username` varchar(50) NOT NULL,
  `password` varchar(255) NOT NULL,
  `role` enum('admin','production','warehouse','qc','accounting','sales','delivery','procurement') NOT NULL,
  `full_name` varchar(100) DEFAULT NULL,
  `email` varchar(100) DEFAULT NULL,
  `phone_number` varchar(20) DEFAULT NULL,
  `address` text DEFAULT NULL,
  `birth_date` date DEFAULT NULL,
  `profile_picture` varchar(255) DEFAULT NULL,
  `last_login` timestamp NULL DEFAULT NULL,
  `created_at` timestamp NOT NULL DEFAULT current_timestamp(),
  `updated_at` timestamp NOT NULL DEFAULT current_timestamp() ON UPDATE current_timestamp(),
  `user_code` varchar(50) DEFAULT NULL,
  `vehicle_type` varchar(50) DEFAULT NULL
) ENGINE=InnoDB DEFAULT CHARSET=utf8mb4 COLLATE=utf8mb4_general_ci;

--
-- Dumping data for table `users`
--

INSERT INTO `users` (`id`, `username`, `password`, `role`, `full_name`, `email`, `phone_number`, `address`, `birth_date`, `profile_picture`, `last_login`, `created_at`, `updated_at`, `user_code`, `vehicle_type`) VALUES
(1, 'admin', 'admin123', 'admin', 'System Administrator', NULL, NULL, NULL, NULL, NULL, '2026-03-14 10:38:33', '2026-02-01 05:25:06', '2026-03-14 10:38:33', NULL, NULL),
(2, 'production', 'prod123', 'production', 'Production Manager', NULL, NULL, NULL, NULL, NULL, '2026-03-14 06:51:00', '2026-02-01 05:25:06', '2026-03-14 06:51:00', NULL, NULL),
(3, 'warehouse', 'ware123', 'warehouse', 'Warehouse Staff', NULL, NULL, NULL, NULL, NULL, '2026-03-14 06:52:08', '2026-02-01 05:25:06', '2026-03-14 06:52:08', NULL, NULL),
(4, 'qc', 'qc123', 'qc', 'Quality Control Inspector', NULL, NULL, NULL, NULL, NULL, '2026-03-11 15:46:39', '2026-02-01 05:25:06', '2026-03-11 15:46:39', NULL, NULL),
(5, 'accounting', 'acc123', 'accounting', 'Accountant', NULL, NULL, NULL, NULL, NULL, '2026-03-14 06:56:49', '2026-02-01 05:25:06', '2026-03-14 06:56:49', NULL, NULL),
(6, 'sales', 'sales123', 'sales', 'Sales Representative', NULL, NULL, NULL, NULL, NULL, '2026-03-14 06:57:29', '2026-02-01 05:25:06', '2026-03-14 06:57:29', NULL, NULL),
(7, 'delivery', 'del123', 'delivery', 'Delivery Driver', '', NULL, NULL, NULL, NULL, '2026-03-14 07:00:12', '2026-02-01 05:25:06', '2026-03-14 07:00:12', NULL, 'Car'),
(8, 'f', 'francis', 'admin', 'fnm', 'fasfdd@gmail.com', NULL, NULL, NULL, NULL, NULL, '2026-02-01 05:52:55', '2026-02-06 15:12:59', NULL, NULL),
(9, 'delivery2', '123', 'delivery', 'deliver', 'fsfg@fajsfs.cofg', NULL, NULL, NULL, NULL, '2026-03-14 07:23:36', '2026-02-05 06:25:57', '2026-03-14 07:23:36', 'USR-20260205-0001', NULL),
(10, 'procurement', 'proc123', 'procurement', 'procurement manager', 'procurement@example.com', NULL, NULL, NULL, NULL, '2026-03-14 06:54:39', '2026-03-04 11:32:39', '2026-03-14 06:54:39', 'USR-20260304-0001', NULL),
(11, 'testDelivery', '123', 'delivery', 'Delivery Testing', 'del@example.com', NULL, NULL, NULL, NULL, '2026-03-14 07:21:50', '2026-03-14 07:01:19', '2026-03-14 07:21:50', 'USR-20260314-0001', NULL);

-- --------------------------------------------------------

--
-- Table structure for table `warehouse_settings`
--

CREATE TABLE `warehouse_settings` (
  `id` int(11) NOT NULL,
  `setting_key` varchar(50) NOT NULL,
  `setting_value` varchar(255) NOT NULL,
  `description` varchar(255) DEFAULT NULL,
  `updated_at` timestamp NOT NULL DEFAULT current_timestamp() ON UPDATE current_timestamp()
) ENGINE=InnoDB DEFAULT CHARSET=utf8mb4 COLLATE=utf8mb4_general_ci;

--
-- Dumping data for table `warehouse_settings`
--

INSERT INTO `warehouse_settings` (`id`, `setting_key`, `setting_value`, `description`, `updated_at`) VALUES
(1, 'enable_batch_tracking', '1', NULL, '2026-03-14 03:59:12'),
(2, 'default_batch_number_prefix', 'BATCH-', NULL, '2026-03-14 03:59:12'),
(3, 'auto_generate_batch_numbers', '1', NULL, '2026-03-14 03:59:12');

--
-- Indexes for dumped tables
--

--
-- Indexes for table `accounting_settings`
--
ALTER TABLE `accounting_settings`
  ADD PRIMARY KEY (`id`),
  ADD UNIQUE KEY `setting_key` (`setting_key`);

--
-- Indexes for table `activity_log`
--
ALTER TABLE `activity_log`
  ADD PRIMARY KEY (`id`),
  ADD KEY `idx_activity_user` (`user_id`),
  ADD KEY `idx_activity_created` (`created_at`);

--
-- Indexes for table `attendance`
--
ALTER TABLE `attendance`
  ADD PRIMARY KEY (`attendance_id`),
  ADD UNIQUE KEY `unique_attendance` (`employee_id`,`attendance_date`),
  ADD UNIQUE KEY `attendance_ref` (`attendance_ref`);

--
-- Indexes for table `batch_details`
--
ALTER TABLE `batch_details`
  ADD PRIMARY KEY (`detail_id`),
  ADD KEY `batch_id` (`batch_id`),
  ADD KEY `material_id` (`material_id`),
  ADD KEY `idx_batch_details_raw_batch` (`raw_batch_id`);

--
-- Indexes for table `customers`
--
ALTER TABLE `customers`
  ADD PRIMARY KEY (`customer_id`),
  ADD UNIQUE KEY `customer_code` (`customer_code`);

--
-- Indexes for table `delivery_assignments`
--
ALTER TABLE `delivery_assignments`
  ADD PRIMARY KEY (`assignment_id`),
  ADD UNIQUE KEY `assignment_number` (`assignment_number`),
  ADD KEY `order_id` (`order_id`),
  ADD KEY `driver_id` (`driver_id`);

--
-- Indexes for table `delivery_receipts`
--
ALTER TABLE `delivery_receipts`
  ADD PRIMARY KEY (`dr_id`),
  ADD UNIQUE KEY `dr_number` (`dr_number`),
  ADD KEY `driver_id` (`driver_id`),
  ADD KEY `created_by` (`created_by`),
  ADD KEY `idx_dr_order` (`order_id`),
  ADD KEY `idx_dr_invoice` (`invoice_id`);

--
-- Indexes for table `employees`
--
ALTER TABLE `employees`
  ADD PRIMARY KEY (`employee_id`),
  ADD UNIQUE KEY `employee_number` (`employee_number`),
  ADD UNIQUE KEY `user_id` (`user_id`);

--
-- Indexes for table `expenses`
--
ALTER TABLE `expenses`
  ADD PRIMARY KEY (`expense_id`),
  ADD UNIQUE KEY `expense_ref` (`expense_ref`),
  ADD KEY `created_by` (`created_by`);

--
-- Indexes for table `finished_goods`
--
ALTER TABLE `finished_goods`
  ADD PRIMARY KEY (`fg_id`),
  ADD KEY `product_id` (`product_id`),
  ADD KEY `idx_fg_batch` (`batch_id`);

--
-- Indexes for table `finished_goods_batches`
--
ALTER TABLE `finished_goods_batches`
  ADD PRIMARY KEY (`batch_id`),
  ADD UNIQUE KEY `batch_number` (`batch_number`),
  ADD KEY `production_batch_id` (`production_batch_id`),
  ADD KEY `qc_record_id` (`qc_record_id`),
  ADD KEY `created_by` (`created_by`),
  ADD KEY `idx_fgb_product` (`product_id`),
  ADD KEY `idx_fgb_expiry` (`expiry_date`);

--
-- Indexes for table `goods_receiving_notes`
--
ALTER TABLE `goods_receiving_notes`
  ADD PRIMARY KEY (`grn_id`),
  ADD UNIQUE KEY `grn_number` (`grn_number`),
  ADD KEY `received_by` (`received_by`),
  ADD KEY `qc_checked_by` (`qc_checked_by`),
  ADD KEY `idx_grn_po` (`po_id`),
  ADD KEY `idx_grn_status` (`status`),
  ADD KEY `fk_grn_invoice` (`invoice_id`);

--
-- Indexes for table `gps_tracking`
--
ALTER TABLE `gps_tracking`
  ADD PRIMARY KEY (`tracking_id`),
  ADD KEY `assignment_id` (`assignment_id`);

--
-- Indexes for table `grn_items`
--
ALTER TABLE `grn_items`
  ADD PRIMARY KEY (`grn_item_id`),
  ADD KEY `grn_id` (`grn_id`),
  ADD KEY `po_item_id` (`po_item_id`),
  ADD KEY `material_id` (`material_id`),
  ADD KEY `product_id` (`product_id`),
  ADD KEY `qc_record_id` (`qc_record_id`);

--
-- Indexes for table `id_sequences`
--
ALTER TABLE `id_sequences`
  ADD PRIMARY KEY (`prefix`,`seq_date`);

--
-- Indexes for table `inventory_transactions`
--
ALTER TABLE `inventory_transactions`
  ADD PRIMARY KEY (`transaction_id`),
  ADD KEY `created_by` (`created_by`),
  ADD KEY `grn_id` (`grn_id`),
  ADD KEY `return_id` (`return_id`);

--
-- Indexes for table `invoices`
--
ALTER TABLE `invoices`
  ADD PRIMARY KEY (`invoice_id`),
  ADD UNIQUE KEY `invoice_number` (`invoice_number`),
  ADD KEY `customer_id` (`customer_id`),
  ADD KEY `order_id` (`order_id`),
  ADD KEY `created_by` (`created_by`);

--
-- Indexes for table `invoice_items`
--
ALTER TABLE `invoice_items`
  ADD PRIMARY KEY (`item_id`),
  ADD KEY `product_id` (`product_id`),
  ADD KEY `idx_invoice_items_invoice` (`invoice_id`);

--
-- Indexes for table `migrations`
--
ALTER TABLE `migrations`
  ADD PRIMARY KEY (`id`);

--
-- Indexes for table `order_items`
--
ALTER TABLE `order_items`
  ADD PRIMARY KEY (`item_id`),
  ADD KEY `idx_order_items_order` (`order_id`),
  ADD KEY `idx_order_items_product` (`product_id`);

--
-- Indexes for table `pagination_settings`
--
ALTER TABLE `pagination_settings`
  ADD PRIMARY KEY (`id`),
  ADD UNIQUE KEY `setting_key` (`setting_key`);

--
-- Indexes for table `payments`
--
ALTER TABLE `payments`
  ADD PRIMARY KEY (`payment_id`),
  ADD UNIQUE KEY `payment_number` (`payment_number`),
  ADD KEY `created_by` (`created_by`),
  ADD KEY `idx_payments_invoice` (`invoice_id`);

--
-- Indexes for table `payroll`
--
ALTER TABLE `payroll`
  ADD PRIMARY KEY (`payroll_id`),
  ADD UNIQUE KEY `payroll_ref` (`payroll_ref`),
  ADD KEY `employee_id` (`employee_id`),
  ADD KEY `processed_by` (`processed_by`);

--
-- Indexes for table `payroll_breakdown`
--
ALTER TABLE `payroll_breakdown`
  ADD PRIMARY KEY (`id`),
  ADD KEY `payroll_id` (`payroll_id`);

--
-- Indexes for table `payroll_deductions`
--
ALTER TABLE `payroll_deductions`
  ADD PRIMARY KEY (`deduction_id`),
  ADD KEY `payroll_id` (`payroll_id`);

--
-- Indexes for table `payroll_settings`
--
ALTER TABLE `payroll_settings`
  ADD PRIMARY KEY (`id`),
  ADD UNIQUE KEY `setting_key` (`setting_key`);

--
-- Indexes for table `po_items`
--
ALTER TABLE `po_items`
  ADD PRIMARY KEY (`po_item_id`),
  ADD KEY `po_id` (`po_id`),
  ADD KEY `material_id` (`material_id`),
  ADD KEY `product_id` (`product_id`);

--
-- Indexes for table `production_batches`
--
ALTER TABLE `production_batches`
  ADD PRIMARY KEY (`batch_id`),
  ADD UNIQUE KEY `batch_number` (`batch_number`),
  ADD KEY `product_id` (`product_id`),
  ADD KEY `created_by` (`created_by`),
  ADD KEY `request_id` (`request_id`);

--
-- Indexes for table `production_requests`
--
ALTER TABLE `production_requests`
  ADD PRIMARY KEY (`request_id`),
  ADD KEY `request_group_id` (`request_group_id`);

--
-- Indexes for table `production_settings`
--
ALTER TABLE `production_settings`
  ADD PRIMARY KEY (`id`),
  ADD UNIQUE KEY `unique_product_setting` (`product_id`,`setting_key`);

--
-- Indexes for table `products`
--
ALTER TABLE `products`
  ADD PRIMARY KEY (`product_id`),
  ADD KEY `category_id` (`category_id`);

--
-- Indexes for table `product_categories`
--
ALTER TABLE `product_categories`
  ADD PRIMARY KEY (`category_id`),
  ADD UNIQUE KEY `category_name` (`category_name`);

--
-- Indexes for table `product_category_materials`
--
ALTER TABLE `product_category_materials`
  ADD PRIMARY KEY (`category_id`,`material_id`),
  ADD KEY `material_id` (`material_id`);

--
-- Indexes for table `product_recipes`
--
ALTER TABLE `product_recipes`
  ADD PRIMARY KEY (`recipe_id`),
  ADD KEY `product_id` (`product_id`),
  ADD KEY `material_id` (`material_id`);

--
-- Indexes for table `pr_items`
--
ALTER TABLE `pr_items`
  ADD PRIMARY KEY (`pr_item_id`),
  ADD KEY `pr_id` (`pr_id`),
  ADD KEY `material_id` (`material_id`),
  ADD KEY `product_id` (`product_id`);

--
-- Indexes for table `purchase_orders`
--
ALTER TABLE `purchase_orders`
  ADD PRIMARY KEY (`po_id`),
  ADD UNIQUE KEY `po_number` (`po_number`),
  ADD KEY `pr_id` (`pr_id`),
  ADD KEY `created_by` (`created_by`),
  ADD KEY `idx_po_status` (`status`),
  ADD KEY `idx_po_supplier` (`supplier_id`);

--
-- Indexes for table `purchase_requests`
--
ALTER TABLE `purchase_requests`
  ADD PRIMARY KEY (`pr_id`),
  ADD UNIQUE KEY `pr_number` (`pr_number`),
  ADD KEY `supplier_id` (`supplier_id`),
  ADD KEY `requested_by` (`requested_by`);

--
-- Indexes for table `purchase_requisitions`
--
ALTER TABLE `purchase_requisitions`
  ADD PRIMARY KEY (`pr_id`),
  ADD UNIQUE KEY `pr_number` (`pr_number`),
  ADD KEY `requested_by` (`requested_by`),
  ADD KEY `approved_by` (`approved_by`),
  ADD KEY `idx_pr_status` (`status`);

--
-- Indexes for table `qc_records`
--
ALTER TABLE `qc_records`
  ADD PRIMARY KEY (`qc_id`);

--
-- Indexes for table `qc_rules`
--
ALTER TABLE `qc_rules`
  ADD PRIMARY KEY (`rule_id`);

--
-- Indexes for table `qc_settings`
--
ALTER TABLE `qc_settings`
  ADD PRIMARY KEY (`id`),
  ADD UNIQUE KEY `setting_key` (`setting_key`);

--
-- Indexes for table `raw_materials`
--
ALTER TABLE `raw_materials`
  ADD PRIMARY KEY (`material_id`),
  ADD UNIQUE KEY `material_code` (`material_code`),
  ADD KEY `preferred_supplier_id` (`preferred_supplier_id`),
  ADD KEY `idx_raw_batch` (`batch_id`);

--
-- Indexes for table `raw_material_batches`
--
ALTER TABLE `raw_material_batches`
  ADD PRIMARY KEY (`batch_id`),
  ADD UNIQUE KEY `batch_number` (`batch_number`),
  ADD KEY `supplier_id` (`supplier_id`),
  ADD KEY `created_by` (`created_by`),
  ADD KEY `idx_rmb_material` (`material_id`),
  ADD KEY `idx_rmb_expiry` (`expiry_date`),
  ADD KEY `idx_raw_batches_material_expiry` (`material_id`,`expiry_date`),
  ADD KEY `idx_raw_batches_quantity_remaining` (`quantity_remaining`);

--
-- Indexes for table `raw_material_qc`
--
ALTER TABLE `raw_material_qc`
  ADD PRIMARY KEY (`qc_id`),
  ADD UNIQUE KEY `qc_number` (`qc_number`),
  ADD KEY `grn_item_id` (`grn_item_id`),
  ADD KEY `material_id` (`material_id`),
  ADD KEY `inspected_by` (`inspected_by`),
  ADD KEY `approved_by` (`approved_by`),
  ADD KEY `idx_qc_status` (`qc_status`),
  ADD KEY `idx_qc_approval` (`approval_status`),
  ADD KEY `idx_qc_grn` (`grn_id`),
  ADD KEY `idx_qc_pending` (`qc_status`,`approval_status`);

--
-- Indexes for table `return_items`
--
ALTER TABLE `return_items`
  ADD PRIMARY KEY (`return_item_id`),
  ADD KEY `return_id` (`return_id`),
  ADD KEY `material_id` (`material_id`),
  ADD KEY `product_id` (`product_id`);

--
-- Indexes for table `sales_orders`
--
ALTER TABLE `sales_orders`
  ADD PRIMARY KEY (`order_id`),
  ADD UNIQUE KEY `order_number` (`order_number`),
  ADD KEY `customer_id` (`customer_id`),
  ADD KEY `product_id` (`product_id`),
  ADD KEY `created_by` (`created_by`),
  ADD KEY `idx_sales_invoice` (`invoice_id`),
  ADD KEY `idx_sales_invoice_generated` (`invoice_generated`,`status`),
  ADD KEY `fk_sales_orders_delivery_person` (`delivery_person_id`),
  ADD KEY `idx_fulfillment_type_status` (`fulfillment_type`,`status`);

--
-- Indexes for table `sales_settings`
--
ALTER TABLE `sales_settings`
  ADD PRIMARY KEY (`id`),
  ADD UNIQUE KEY `setting_key` (`setting_key`);

--
-- Indexes for table `suppliers`
--
ALTER TABLE `suppliers`
  ADD PRIMARY KEY (`supplier_id`),
  ADD UNIQUE KEY `supplier_code` (`supplier_code`),
  ADD KEY `idx_suppliers_status` (`status`);

--
-- Indexes for table `supplier_deliveries`
--
ALTER TABLE `supplier_deliveries`
  ADD PRIMARY KEY (`delivery_id`),
  ADD KEY `received_by` (`received_by`),
  ADD KEY `idx_supplier_delivery_date` (`supplier_id`,`delivery_date`);

--
-- Indexes for table `supplier_delivery_items`
--
ALTER TABLE `supplier_delivery_items`
  ADD PRIMARY KEY (`id`),
  ADD KEY `raw_material_id` (`raw_material_id`),
  ADD KEY `product_id` (`product_id`),
  ADD KEY `idx_delivery_items` (`delivery_id`);

--
-- Indexes for table `supplier_invoices`
--
ALTER TABLE `supplier_invoices`
  ADD PRIMARY KEY (`invoice_id`),
  ADD KEY `supplier_id` (`supplier_id`),
  ADD KEY `po_id` (`po_id`),
  ADD KEY `created_by` (`created_by`),
  ADD KEY `idx_supplier_invoice_status` (`payment_status`);

--
-- Indexes for table `supplier_payments`
--
ALTER TABLE `supplier_payments`
  ADD PRIMARY KEY (`id`),
  ADD KEY `invoice_id` (`invoice_id`);

--
-- Indexes for table `supplier_products`
--
ALTER TABLE `supplier_products`
  ADD PRIMARY KEY (`sp_id`),
  ADD KEY `supplier_id` (`supplier_id`),
  ADD KEY `material_id` (`material_id`),
  ADD KEY `product_id` (`product_id`);

--
-- Indexes for table `supplier_returns`
--
ALTER TABLE `supplier_returns`
  ADD PRIMARY KEY (`return_id`),
  ADD UNIQUE KEY `return_number` (`return_number`),
  ADD KEY `po_id` (`po_id`),
  ADD KEY `grn_id` (`grn_id`),
  ADD KEY `supplier_id` (`supplier_id`),
  ADD KEY `approved_by` (`approved_by`),
  ADD KEY `created_by` (`created_by`),
  ADD KEY `idx_returns_status` (`status`);

--
-- Indexes for table `system_events`
--
ALTER TABLE `system_events`
  ADD PRIMARY KEY (`id`),
  ADD UNIQUE KEY `uq_entity_event` (`entity_type`,`entity_id`,`event_type`),
  ADD KEY `idx_processed` (`processed`),
  ADD KEY `idx_created` (`created_at`);

--
-- Indexes for table `thirteenth_month`
--
ALTER TABLE `thirteenth_month`
  ADD PRIMARY KEY (`id`);

--
-- Indexes for table `users`
--
ALTER TABLE `users`
  ADD PRIMARY KEY (`id`),
  ADD UNIQUE KEY `username` (`username`),
  ADD UNIQUE KEY `user_code` (`user_code`);

--
-- Indexes for table `warehouse_settings`
--
ALTER TABLE `warehouse_settings`
  ADD PRIMARY KEY (`id`),
  ADD UNIQUE KEY `setting_key` (`setting_key`);

--
-- AUTO_INCREMENT for dumped tables
--

--
-- AUTO_INCREMENT for table `accounting_settings`
--
ALTER TABLE `accounting_settings`
  MODIFY `id` int(11) NOT NULL AUTO_INCREMENT;

--
-- AUTO_INCREMENT for table `activity_log`
--
ALTER TABLE `activity_log`
  MODIFY `id` int(11) NOT NULL AUTO_INCREMENT, AUTO_INCREMENT=82;

--
-- AUTO_INCREMENT for table `attendance`
--
ALTER TABLE `attendance`
  MODIFY `attendance_id` int(11) NOT NULL AUTO_INCREMENT, AUTO_INCREMENT=302;

--
-- AUTO_INCREMENT for table `batch_details`
--
ALTER TABLE `batch_details`
  MODIFY `detail_id` int(11) NOT NULL AUTO_INCREMENT, AUTO_INCREMENT=109;

--
-- AUTO_INCREMENT for table `customers`
--
ALTER TABLE `customers`
  MODIFY `customer_id` int(11) NOT NULL AUTO_INCREMENT, AUTO_INCREMENT=10;

--
-- AUTO_INCREMENT for table `delivery_assignments`
--
ALTER TABLE `delivery_assignments`
  MODIFY `assignment_id` int(11) NOT NULL AUTO_INCREMENT, AUTO_INCREMENT=20;

--
-- AUTO_INCREMENT for table `delivery_receipts`
--
ALTER TABLE `delivery_receipts`
  MODIFY `dr_id` int(11) NOT NULL AUTO_INCREMENT, AUTO_INCREMENT=6;

--
-- AUTO_INCREMENT for table `employees`
--
ALTER TABLE `employees`
  MODIFY `employee_id` int(11) NOT NULL AUTO_INCREMENT, AUTO_INCREMENT=10;

--
-- AUTO_INCREMENT for table `expenses`
--
ALTER TABLE `expenses`
  MODIFY `expense_id` int(11) NOT NULL AUTO_INCREMENT, AUTO_INCREMENT=2;

--
-- AUTO_INCREMENT for table `finished_goods`
--
ALTER TABLE `finished_goods`
  MODIFY `fg_id` int(11) NOT NULL AUTO_INCREMENT, AUTO_INCREMENT=55;

--
-- AUTO_INCREMENT for table `finished_goods_batches`
--
ALTER TABLE `finished_goods_batches`
  MODIFY `batch_id` int(11) NOT NULL AUTO_INCREMENT, AUTO_INCREMENT=67;

--
-- AUTO_INCREMENT for table `goods_receiving_notes`
--
ALTER TABLE `goods_receiving_notes`
  MODIFY `grn_id` int(11) NOT NULL AUTO_INCREMENT, AUTO_INCREMENT=5;

--
-- AUTO_INCREMENT for table `gps_tracking`
--
ALTER TABLE `gps_tracking`
  MODIFY `tracking_id` int(11) NOT NULL AUTO_INCREMENT, AUTO_INCREMENT=718;

--
-- AUTO_INCREMENT for table `grn_items`
--
ALTER TABLE `grn_items`
  MODIFY `grn_item_id` int(11) NOT NULL AUTO_INCREMENT, AUTO_INCREMENT=6;

--
-- AUTO_INCREMENT for table `inventory_transactions`
--
ALTER TABLE `inventory_transactions`
  MODIFY `transaction_id` int(11) NOT NULL AUTO_INCREMENT, AUTO_INCREMENT=189;

--
-- AUTO_INCREMENT for table `invoices`
--
ALTER TABLE `invoices`
  MODIFY `invoice_id` int(11) NOT NULL AUTO_INCREMENT, AUTO_INCREMENT=14;

--
-- AUTO_INCREMENT for table `invoice_items`
--
ALTER TABLE `invoice_items`
  MODIFY `item_id` int(11) NOT NULL AUTO_INCREMENT, AUTO_INCREMENT=7;

--
-- AUTO_INCREMENT for table `migrations`
--
ALTER TABLE `migrations`
  MODIFY `id` int(11) NOT NULL AUTO_INCREMENT;

--
-- AUTO_INCREMENT for table `order_items`
--
ALTER TABLE `order_items`
  MODIFY `item_id` int(11) NOT NULL AUTO_INCREMENT, AUTO_INCREMENT=71;

--
-- AUTO_INCREMENT for table `pagination_settings`
--
ALTER TABLE `pagination_settings`
  MODIFY `id` int(11) NOT NULL AUTO_INCREMENT, AUTO_INCREMENT=1526;

--
-- AUTO_INCREMENT for table `payments`
--
ALTER TABLE `payments`
  MODIFY `payment_id` int(11) NOT NULL AUTO_INCREMENT, AUTO_INCREMENT=9;

--
-- AUTO_INCREMENT for table `payroll`
--
ALTER TABLE `payroll`
  MODIFY `payroll_id` int(11) NOT NULL AUTO_INCREMENT, AUTO_INCREMENT=15;

--
-- AUTO_INCREMENT for table `payroll_breakdown`
--
ALTER TABLE `payroll_breakdown`
  MODIFY `id` int(11) NOT NULL AUTO_INCREMENT, AUTO_INCREMENT=57;

--
-- AUTO_INCREMENT for table `payroll_deductions`
--
ALTER TABLE `payroll_deductions`
  MODIFY `deduction_id` int(11) NOT NULL AUTO_INCREMENT;

--
-- AUTO_INCREMENT for table `payroll_settings`
--
ALTER TABLE `payroll_settings`
  MODIFY `id` int(11) NOT NULL AUTO_INCREMENT;

--
-- AUTO_INCREMENT for table `po_items`
--
ALTER TABLE `po_items`
  MODIFY `po_item_id` int(11) NOT NULL AUTO_INCREMENT, AUTO_INCREMENT=6;

--
-- AUTO_INCREMENT for table `production_batches`
--
ALTER TABLE `production_batches`
  MODIFY `batch_id` int(11) NOT NULL AUTO_INCREMENT, AUTO_INCREMENT=59;

--
-- AUTO_INCREMENT for table `production_requests`
--
ALTER TABLE `production_requests`
  MODIFY `request_id` int(11) NOT NULL AUTO_INCREMENT, AUTO_INCREMENT=23;

--
-- AUTO_INCREMENT for table `production_settings`
--
ALTER TABLE `production_settings`
  MODIFY `id` int(11) NOT NULL AUTO_INCREMENT;

--
-- AUTO_INCREMENT for table `products`
--
ALTER TABLE `products`
  MODIFY `product_id` int(11) NOT NULL AUTO_INCREMENT, AUTO_INCREMENT=44;

--
-- AUTO_INCREMENT for table `product_categories`
--
ALTER TABLE `product_categories`
  MODIFY `category_id` int(11) NOT NULL AUTO_INCREMENT, AUTO_INCREMENT=10;

--
-- AUTO_INCREMENT for table `product_recipes`
--
ALTER TABLE `product_recipes`
  MODIFY `recipe_id` int(11) NOT NULL AUTO_INCREMENT, AUTO_INCREMENT=249;

--
-- AUTO_INCREMENT for table `pr_items`
--
ALTER TABLE `pr_items`
  MODIFY `pr_item_id` int(11) NOT NULL AUTO_INCREMENT, AUTO_INCREMENT=6;

--
-- AUTO_INCREMENT for table `purchase_orders`
--
ALTER TABLE `purchase_orders`
  MODIFY `po_id` int(11) NOT NULL AUTO_INCREMENT, AUTO_INCREMENT=5;

--
-- AUTO_INCREMENT for table `purchase_requests`
--
ALTER TABLE `purchase_requests`
  MODIFY `pr_id` int(11) NOT NULL AUTO_INCREMENT;

--
-- AUTO_INCREMENT for table `purchase_requisitions`
--
ALTER TABLE `purchase_requisitions`
  MODIFY `pr_id` int(11) NOT NULL AUTO_INCREMENT, AUTO_INCREMENT=6;

--
-- AUTO_INCREMENT for table `qc_records`
--
ALTER TABLE `qc_records`
  MODIFY `qc_id` int(11) NOT NULL AUTO_INCREMENT, AUTO_INCREMENT=37;

--
-- AUTO_INCREMENT for table `qc_rules`
--
ALTER TABLE `qc_rules`
  MODIFY `rule_id` int(11) NOT NULL AUTO_INCREMENT;

--
-- AUTO_INCREMENT for table `qc_settings`
--
ALTER TABLE `qc_settings`
  MODIFY `id` int(11) NOT NULL AUTO_INCREMENT;

--
-- AUTO_INCREMENT for table `raw_materials`
--
ALTER TABLE `raw_materials`
  MODIFY `material_id` int(11) NOT NULL AUTO_INCREMENT, AUTO_INCREMENT=38;

--
-- AUTO_INCREMENT for table `raw_material_batches`
--
ALTER TABLE `raw_material_batches`
  MODIFY `batch_id` int(11) NOT NULL AUTO_INCREMENT, AUTO_INCREMENT=76;

--
-- AUTO_INCREMENT for table `raw_material_qc`
--
ALTER TABLE `raw_material_qc`
  MODIFY `qc_id` int(11) NOT NULL AUTO_INCREMENT, AUTO_INCREMENT=6;

--
-- AUTO_INCREMENT for table `return_items`
--
ALTER TABLE `return_items`
  MODIFY `return_item_id` int(11) NOT NULL AUTO_INCREMENT;

--
-- AUTO_INCREMENT for table `sales_orders`
--
ALTER TABLE `sales_orders`
  MODIFY `order_id` int(11) NOT NULL AUTO_INCREMENT, AUTO_INCREMENT=49;

--
-- AUTO_INCREMENT for table `sales_settings`
--
ALTER TABLE `sales_settings`
  MODIFY `id` int(11) NOT NULL AUTO_INCREMENT;

--
-- AUTO_INCREMENT for table `suppliers`
--
ALTER TABLE `suppliers`
  MODIFY `supplier_id` int(11) NOT NULL AUTO_INCREMENT, AUTO_INCREMENT=7;

--
-- AUTO_INCREMENT for table `supplier_deliveries`
--
ALTER TABLE `supplier_deliveries`
  MODIFY `delivery_id` int(11) NOT NULL AUTO_INCREMENT;

--
-- AUTO_INCREMENT for table `supplier_delivery_items`
--
ALTER TABLE `supplier_delivery_items`
  MODIFY `id` int(11) NOT NULL AUTO_INCREMENT;

--
-- AUTO_INCREMENT for table `supplier_invoices`
--
ALTER TABLE `supplier_invoices`
  MODIFY `invoice_id` int(11) NOT NULL AUTO_INCREMENT;

--
-- AUTO_INCREMENT for table `supplier_payments`
--
ALTER TABLE `supplier_payments`
  MODIFY `id` int(11) NOT NULL AUTO_INCREMENT;

--
-- AUTO_INCREMENT for table `supplier_products`
--
ALTER TABLE `supplier_products`
  MODIFY `sp_id` int(11) NOT NULL AUTO_INCREMENT;

--
-- AUTO_INCREMENT for table `supplier_returns`
--
ALTER TABLE `supplier_returns`
  MODIFY `return_id` int(11) NOT NULL AUTO_INCREMENT, AUTO_INCREMENT=2;

--
-- AUTO_INCREMENT for table `system_events`
--
ALTER TABLE `system_events`
  MODIFY `id` int(11) NOT NULL AUTO_INCREMENT, AUTO_INCREMENT=91;

--
-- AUTO_INCREMENT for table `thirteenth_month`
--
ALTER TABLE `thirteenth_month`
  MODIFY `id` int(11) NOT NULL AUTO_INCREMENT;

--
-- AUTO_INCREMENT for table `users`
--
ALTER TABLE `users`
  MODIFY `id` int(11) NOT NULL AUTO_INCREMENT, AUTO_INCREMENT=12;

--
-- AUTO_INCREMENT for table `warehouse_settings`
--
ALTER TABLE `warehouse_settings`
  MODIFY `id` int(11) NOT NULL AUTO_INCREMENT, AUTO_INCREMENT=4;

--
-- Constraints for dumped tables
--

--
-- Constraints for table `activity_log`
--
ALTER TABLE `activity_log`
  ADD CONSTRAINT `activity_log_ibfk_1` FOREIGN KEY (`user_id`) REFERENCES `users` (`id`) ON DELETE CASCADE;

--
-- Constraints for table `attendance`
--
ALTER TABLE `attendance`
  ADD CONSTRAINT `attendance_ibfk_1` FOREIGN KEY (`employee_id`) REFERENCES `employees` (`employee_id`) ON DELETE CASCADE;

--
-- Constraints for table `batch_details`
--
ALTER TABLE `batch_details`
  ADD CONSTRAINT `batch_details_ibfk_1` FOREIGN KEY (`batch_id`) REFERENCES `production_batches` (`batch_id`) ON DELETE CASCADE,
  ADD CONSTRAINT `batch_details_ibfk_2` FOREIGN KEY (`material_id`) REFERENCES `raw_materials` (`material_id`),
  ADD CONSTRAINT `fk_batch_details_raw_batch` FOREIGN KEY (`raw_batch_id`) REFERENCES `raw_material_batches` (`batch_id`) ON DELETE SET NULL;

--
-- Constraints for table `delivery_assignments`
--
ALTER TABLE `delivery_assignments`
  ADD CONSTRAINT `delivery_assignments_ibfk_1` FOREIGN KEY (`order_id`) REFERENCES `sales_orders` (`order_id`),
  ADD CONSTRAINT `delivery_assignments_ibfk_2` FOREIGN KEY (`driver_id`) REFERENCES `users` (`id`);

--
-- Constraints for table `delivery_receipts`
--
ALTER TABLE `delivery_receipts`
  ADD CONSTRAINT `delivery_receipts_ibfk_1` FOREIGN KEY (`order_id`) REFERENCES `sales_orders` (`order_id`),
  ADD CONSTRAINT `delivery_receipts_ibfk_2` FOREIGN KEY (`invoice_id`) REFERENCES `invoices` (`invoice_id`) ON DELETE SET NULL,
  ADD CONSTRAINT `delivery_receipts_ibfk_3` FOREIGN KEY (`driver_id`) REFERENCES `users` (`id`),
  ADD CONSTRAINT `delivery_receipts_ibfk_4` FOREIGN KEY (`created_by`) REFERENCES `users` (`id`);

--
-- Constraints for table `employees`
--
ALTER TABLE `employees`
  ADD CONSTRAINT `employees_ibfk_1` FOREIGN KEY (`user_id`) REFERENCES `users` (`id`) ON DELETE SET NULL;

--
-- Constraints for table `expenses`
--
ALTER TABLE `expenses`
  ADD CONSTRAINT `expenses_ibfk_1` FOREIGN KEY (`created_by`) REFERENCES `users` (`id`);

--
-- Constraints for table `finished_goods`
--
ALTER TABLE `finished_goods`
  ADD CONSTRAINT `finished_goods_ibfk_1` FOREIGN KEY (`product_id`) REFERENCES `products` (`product_id`) ON DELETE CASCADE;

--
-- Constraints for table `finished_goods_batches`
--
ALTER TABLE `finished_goods_batches`
  ADD CONSTRAINT `finished_goods_batches_ibfk_1` FOREIGN KEY (`product_id`) REFERENCES `products` (`product_id`),
  ADD CONSTRAINT `finished_goods_batches_ibfk_2` FOREIGN KEY (`production_batch_id`) REFERENCES `production_batches` (`batch_id`),
  ADD CONSTRAINT `finished_goods_batches_ibfk_3` FOREIGN KEY (`qc_record_id`) REFERENCES `qc_records` (`qc_id`),
  ADD CONSTRAINT `finished_goods_batches_ibfk_4` FOREIGN KEY (`created_by`) REFERENCES `users` (`id`);

--
-- Constraints for table `goods_receiving_notes`
--
ALTER TABLE `goods_receiving_notes`
  ADD CONSTRAINT `fk_grn_invoice` FOREIGN KEY (`invoice_id`) REFERENCES `supplier_invoices` (`invoice_id`) ON DELETE SET NULL,
  ADD CONSTRAINT `goods_receiving_notes_ibfk_1` FOREIGN KEY (`po_id`) REFERENCES `purchase_orders` (`po_id`),
  ADD CONSTRAINT `goods_receiving_notes_ibfk_2` FOREIGN KEY (`received_by`) REFERENCES `users` (`id`),
  ADD CONSTRAINT `goods_receiving_notes_ibfk_3` FOREIGN KEY (`qc_checked_by`) REFERENCES `users` (`id`);

--
-- Constraints for table `gps_tracking`
--
ALTER TABLE `gps_tracking`
  ADD CONSTRAINT `gps_tracking_ibfk_1` FOREIGN KEY (`assignment_id`) REFERENCES `delivery_assignments` (`assignment_id`);

--
-- Constraints for table `grn_items`
--
ALTER TABLE `grn_items`
  ADD CONSTRAINT `grn_items_ibfk_1` FOREIGN KEY (`grn_id`) REFERENCES `goods_receiving_notes` (`grn_id`) ON DELETE CASCADE,
  ADD CONSTRAINT `grn_items_ibfk_2` FOREIGN KEY (`po_item_id`) REFERENCES `po_items` (`po_item_id`),
  ADD CONSTRAINT `grn_items_ibfk_3` FOREIGN KEY (`material_id`) REFERENCES `raw_materials` (`material_id`) ON DELETE SET NULL,
  ADD CONSTRAINT `grn_items_ibfk_4` FOREIGN KEY (`product_id`) REFERENCES `products` (`product_id`) ON DELETE SET NULL,
  ADD CONSTRAINT `grn_items_ibfk_5` FOREIGN KEY (`qc_record_id`) REFERENCES `raw_material_qc` (`qc_id`) ON DELETE SET NULL;

--
-- Constraints for table `inventory_transactions`
--
ALTER TABLE `inventory_transactions`
  ADD CONSTRAINT `inventory_transactions_ibfk_1` FOREIGN KEY (`created_by`) REFERENCES `users` (`id`),
  ADD CONSTRAINT `inventory_transactions_ibfk_2` FOREIGN KEY (`grn_id`) REFERENCES `goods_receiving_notes` (`grn_id`) ON DELETE SET NULL,
  ADD CONSTRAINT `inventory_transactions_ibfk_3` FOREIGN KEY (`return_id`) REFERENCES `supplier_returns` (`return_id`) ON DELETE SET NULL,
  ADD CONSTRAINT `inventory_transactions_ibfk_4` FOREIGN KEY (`grn_id`) REFERENCES `goods_receiving_notes` (`grn_id`) ON DELETE SET NULL,
  ADD CONSTRAINT `inventory_transactions_ibfk_5` FOREIGN KEY (`return_id`) REFERENCES `supplier_returns` (`return_id`) ON DELETE SET NULL,
  ADD CONSTRAINT `inventory_transactions_ibfk_6` FOREIGN KEY (`grn_id`) REFERENCES `goods_receiving_notes` (`grn_id`) ON DELETE SET NULL,
  ADD CONSTRAINT `inventory_transactions_ibfk_7` FOREIGN KEY (`return_id`) REFERENCES `supplier_returns` (`return_id`) ON DELETE SET NULL;

--
-- Constraints for table `invoices`
--
ALTER TABLE `invoices`
  ADD CONSTRAINT `invoices_ibfk_1` FOREIGN KEY (`customer_id`) REFERENCES `customers` (`customer_id`),
  ADD CONSTRAINT `invoices_ibfk_2` FOREIGN KEY (`order_id`) REFERENCES `sales_orders` (`order_id`),
  ADD CONSTRAINT `invoices_ibfk_3` FOREIGN KEY (`created_by`) REFERENCES `users` (`id`);

--
-- Constraints for table `invoice_items`
--
ALTER TABLE `invoice_items`
  ADD CONSTRAINT `invoice_items_ibfk_1` FOREIGN KEY (`invoice_id`) REFERENCES `invoices` (`invoice_id`) ON DELETE CASCADE,
  ADD CONSTRAINT `invoice_items_ibfk_2` FOREIGN KEY (`product_id`) REFERENCES `products` (`product_id`);

--
-- Constraints for table `order_items`
--
ALTER TABLE `order_items`
  ADD CONSTRAINT `order_items_ibfk_1` FOREIGN KEY (`order_id`) REFERENCES `sales_orders` (`order_id`) ON DELETE CASCADE,
  ADD CONSTRAINT `order_items_ibfk_2` FOREIGN KEY (`product_id`) REFERENCES `products` (`product_id`);

--
-- Constraints for table `payments`
--
ALTER TABLE `payments`
  ADD CONSTRAINT `payments_ibfk_1` FOREIGN KEY (`invoice_id`) REFERENCES `invoices` (`invoice_id`) ON DELETE CASCADE,
  ADD CONSTRAINT `payments_ibfk_2` FOREIGN KEY (`created_by`) REFERENCES `users` (`id`);

--
-- Constraints for table `payroll`
--
ALTER TABLE `payroll`
  ADD CONSTRAINT `payroll_ibfk_1` FOREIGN KEY (`employee_id`) REFERENCES `employees` (`employee_id`),
  ADD CONSTRAINT `payroll_ibfk_2` FOREIGN KEY (`processed_by`) REFERENCES `users` (`id`);

--
-- Constraints for table `payroll_breakdown`
--
ALTER TABLE `payroll_breakdown`
  ADD CONSTRAINT `payroll_breakdown_ibfk_1` FOREIGN KEY (`payroll_id`) REFERENCES `payroll` (`payroll_id`) ON DELETE CASCADE;

--
-- Constraints for table `payroll_deductions`
--
ALTER TABLE `payroll_deductions`
  ADD CONSTRAINT `payroll_deductions_ibfk_1` FOREIGN KEY (`payroll_id`) REFERENCES `payroll` (`payroll_id`) ON DELETE CASCADE;

--
-- Constraints for table `po_items`
--
ALTER TABLE `po_items`
  ADD CONSTRAINT `po_items_ibfk_1` FOREIGN KEY (`po_id`) REFERENCES `purchase_orders` (`po_id`) ON DELETE CASCADE,
  ADD CONSTRAINT `po_items_ibfk_2` FOREIGN KEY (`material_id`) REFERENCES `raw_materials` (`material_id`) ON DELETE SET NULL,
  ADD CONSTRAINT `po_items_ibfk_3` FOREIGN KEY (`product_id`) REFERENCES `products` (`product_id`) ON DELETE SET NULL;

--
-- Constraints for table `production_batches`
--
ALTER TABLE `production_batches`
  ADD CONSTRAINT `production_batches_ibfk_1` FOREIGN KEY (`product_id`) REFERENCES `products` (`product_id`),
  ADD CONSTRAINT `production_batches_ibfk_2` FOREIGN KEY (`created_by`) REFERENCES `users` (`id`);

--
-- Constraints for table `products`
--
ALTER TABLE `products`
  ADD CONSTRAINT `products_ibfk_1` FOREIGN KEY (`category_id`) REFERENCES `product_categories` (`category_id`) ON DELETE SET NULL;

--
-- Constraints for table `product_category_materials`
--
ALTER TABLE `product_category_materials`
  ADD CONSTRAINT `product_category_materials_ibfk_1` FOREIGN KEY (`category_id`) REFERENCES `product_categories` (`category_id`) ON DELETE CASCADE,
  ADD CONSTRAINT `product_category_materials_ibfk_2` FOREIGN KEY (`material_id`) REFERENCES `raw_materials` (`material_id`) ON DELETE CASCADE;

--
-- Constraints for table `product_recipes`
--
ALTER TABLE `product_recipes`
  ADD CONSTRAINT `product_recipes_ibfk_1` FOREIGN KEY (`product_id`) REFERENCES `products` (`product_id`) ON DELETE CASCADE,
  ADD CONSTRAINT `product_recipes_ibfk_2` FOREIGN KEY (`material_id`) REFERENCES `raw_materials` (`material_id`) ON DELETE CASCADE;

--
-- Constraints for table `pr_items`
--
ALTER TABLE `pr_items`
  ADD CONSTRAINT `pr_items_ibfk_1` FOREIGN KEY (`pr_id`) REFERENCES `purchase_requisitions` (`pr_id`) ON DELETE CASCADE,
  ADD CONSTRAINT `pr_items_ibfk_2` FOREIGN KEY (`material_id`) REFERENCES `raw_materials` (`material_id`) ON DELETE SET NULL,
  ADD CONSTRAINT `pr_items_ibfk_3` FOREIGN KEY (`product_id`) REFERENCES `products` (`product_id`) ON DELETE SET NULL;

--
-- Constraints for table `purchase_orders`
--
ALTER TABLE `purchase_orders`
  ADD CONSTRAINT `purchase_orders_ibfk_1` FOREIGN KEY (`pr_id`) REFERENCES `purchase_requisitions` (`pr_id`) ON DELETE SET NULL,
  ADD CONSTRAINT `purchase_orders_ibfk_2` FOREIGN KEY (`supplier_id`) REFERENCES `suppliers` (`supplier_id`),
  ADD CONSTRAINT `purchase_orders_ibfk_3` FOREIGN KEY (`created_by`) REFERENCES `users` (`id`);

--
-- Constraints for table `purchase_requests`
--
ALTER TABLE `purchase_requests`
  ADD CONSTRAINT `purchase_requests_ibfk_1` FOREIGN KEY (`supplier_id`) REFERENCES `suppliers` (`supplier_id`),
  ADD CONSTRAINT `purchase_requests_ibfk_2` FOREIGN KEY (`requested_by`) REFERENCES `users` (`id`);

--
-- Constraints for table `purchase_requisitions`
--
ALTER TABLE `purchase_requisitions`
  ADD CONSTRAINT `purchase_requisitions_ibfk_1` FOREIGN KEY (`requested_by`) REFERENCES `users` (`id`),
  ADD CONSTRAINT `purchase_requisitions_ibfk_2` FOREIGN KEY (`approved_by`) REFERENCES `users` (`id`);

--
-- Constraints for table `raw_materials`
--
ALTER TABLE `raw_materials`
  ADD CONSTRAINT `raw_materials_ibfk_1` FOREIGN KEY (`preferred_supplier_id`) REFERENCES `suppliers` (`supplier_id`) ON DELETE SET NULL,
  ADD CONSTRAINT `raw_materials_ibfk_2` FOREIGN KEY (`preferred_supplier_id`) REFERENCES `suppliers` (`supplier_id`) ON DELETE SET NULL,
  ADD CONSTRAINT `raw_materials_ibfk_3` FOREIGN KEY (`preferred_supplier_id`) REFERENCES `suppliers` (`supplier_id`) ON DELETE SET NULL;

--
-- Constraints for table `raw_material_batches`
--
ALTER TABLE `raw_material_batches`
  ADD CONSTRAINT `raw_material_batches_ibfk_1` FOREIGN KEY (`material_id`) REFERENCES `raw_materials` (`material_id`),
  ADD CONSTRAINT `raw_material_batches_ibfk_2` FOREIGN KEY (`supplier_id`) REFERENCES `suppliers` (`supplier_id`),
  ADD CONSTRAINT `raw_material_batches_ibfk_3` FOREIGN KEY (`created_by`) REFERENCES `users` (`id`);

--
-- Constraints for table `raw_material_qc`
--
ALTER TABLE `raw_material_qc`
  ADD CONSTRAINT `raw_material_qc_ibfk_1` FOREIGN KEY (`grn_id`) REFERENCES `goods_receiving_notes` (`grn_id`) ON DELETE CASCADE,
  ADD CONSTRAINT `raw_material_qc_ibfk_2` FOREIGN KEY (`grn_item_id`) REFERENCES `grn_items` (`grn_item_id`) ON DELETE CASCADE,
  ADD CONSTRAINT `raw_material_qc_ibfk_3` FOREIGN KEY (`material_id`) REFERENCES `raw_materials` (`material_id`) ON DELETE SET NULL,
  ADD CONSTRAINT `raw_material_qc_ibfk_4` FOREIGN KEY (`inspected_by`) REFERENCES `users` (`id`),
  ADD CONSTRAINT `raw_material_qc_ibfk_5` FOREIGN KEY (`approved_by`) REFERENCES `users` (`id`);

--
-- Constraints for table `return_items`
--
ALTER TABLE `return_items`
  ADD CONSTRAINT `return_items_ibfk_1` FOREIGN KEY (`return_id`) REFERENCES `supplier_returns` (`return_id`) ON DELETE CASCADE,
  ADD CONSTRAINT `return_items_ibfk_2` FOREIGN KEY (`material_id`) REFERENCES `raw_materials` (`material_id`) ON DELETE SET NULL,
  ADD CONSTRAINT `return_items_ibfk_3` FOREIGN KEY (`product_id`) REFERENCES `products` (`product_id`) ON DELETE SET NULL;

--
-- Constraints for table `sales_orders`
--
ALTER TABLE `sales_orders`
  ADD CONSTRAINT `fk_sales_orders_delivery_person` FOREIGN KEY (`delivery_person_id`) REFERENCES `users` (`id`) ON DELETE SET NULL,
  ADD CONSTRAINT `sales_orders_ibfk_1` FOREIGN KEY (`customer_id`) REFERENCES `customers` (`customer_id`),
  ADD CONSTRAINT `sales_orders_ibfk_2` FOREIGN KEY (`product_id`) REFERENCES `products` (`product_id`),
  ADD CONSTRAINT `sales_orders_ibfk_3` FOREIGN KEY (`created_by`) REFERENCES `users` (`id`),
  ADD CONSTRAINT `sales_orders_ibfk_4` FOREIGN KEY (`invoice_id`) REFERENCES `invoices` (`invoice_id`) ON DELETE SET NULL,
  ADD CONSTRAINT `sales_orders_ibfk_5` FOREIGN KEY (`invoice_id`) REFERENCES `invoices` (`invoice_id`) ON DELETE SET NULL,
  ADD CONSTRAINT `sales_orders_ibfk_6` FOREIGN KEY (`invoice_id`) REFERENCES `invoices` (`invoice_id`) ON DELETE SET NULL,
  ADD CONSTRAINT `sales_orders_ibfk_7` FOREIGN KEY (`invoice_id`) REFERENCES `invoices` (`invoice_id`) ON DELETE SET NULL,
  ADD CONSTRAINT `sales_orders_ibfk_8` FOREIGN KEY (`invoice_id`) REFERENCES `invoices` (`invoice_id`) ON DELETE SET NULL;

--
-- Constraints for table `supplier_deliveries`
--
ALTER TABLE `supplier_deliveries`
  ADD CONSTRAINT `supplier_deliveries_ibfk_1` FOREIGN KEY (`supplier_id`) REFERENCES `suppliers` (`supplier_id`),
  ADD CONSTRAINT `supplier_deliveries_ibfk_2` FOREIGN KEY (`received_by`) REFERENCES `users` (`id`);

--
-- Constraints for table `supplier_delivery_items`
--
ALTER TABLE `supplier_delivery_items`
  ADD CONSTRAINT `supplier_delivery_items_ibfk_1` FOREIGN KEY (`delivery_id`) REFERENCES `supplier_deliveries` (`delivery_id`) ON DELETE CASCADE,
  ADD CONSTRAINT `supplier_delivery_items_ibfk_2` FOREIGN KEY (`raw_material_id`) REFERENCES `raw_materials` (`material_id`),
  ADD CONSTRAINT `supplier_delivery_items_ibfk_3` FOREIGN KEY (`product_id`) REFERENCES `products` (`product_id`);

--
-- Constraints for table `supplier_invoices`
--
ALTER TABLE `supplier_invoices`
  ADD CONSTRAINT `supplier_invoices_ibfk_1` FOREIGN KEY (`supplier_id`) REFERENCES `suppliers` (`supplier_id`),
  ADD CONSTRAINT `supplier_invoices_ibfk_2` FOREIGN KEY (`po_id`) REFERENCES `purchase_orders` (`po_id`) ON DELETE SET NULL,
  ADD CONSTRAINT `supplier_invoices_ibfk_3` FOREIGN KEY (`created_by`) REFERENCES `users` (`id`);

--
-- Constraints for table `supplier_products`
--
ALTER TABLE `supplier_products`
  ADD CONSTRAINT `supplier_products_ibfk_1` FOREIGN KEY (`supplier_id`) REFERENCES `suppliers` (`supplier_id`) ON DELETE CASCADE,
  ADD CONSTRAINT `supplier_products_ibfk_2` FOREIGN KEY (`material_id`) REFERENCES `raw_materials` (`material_id`) ON DELETE SET NULL,
  ADD CONSTRAINT `supplier_products_ibfk_3` FOREIGN KEY (`product_id`) REFERENCES `products` (`product_id`) ON DELETE SET NULL;

--
-- Constraints for table `supplier_returns`
--
ALTER TABLE `supplier_returns`
  ADD CONSTRAINT `supplier_returns_ibfk_1` FOREIGN KEY (`po_id`) REFERENCES `purchase_orders` (`po_id`) ON DELETE SET NULL,
  ADD CONSTRAINT `supplier_returns_ibfk_2` FOREIGN KEY (`grn_id`) REFERENCES `goods_receiving_notes` (`grn_id`) ON DELETE SET NULL,
  ADD CONSTRAINT `supplier_returns_ibfk_3` FOREIGN KEY (`supplier_id`) REFERENCES `suppliers` (`supplier_id`),
  ADD CONSTRAINT `supplier_returns_ibfk_4` FOREIGN KEY (`approved_by`) REFERENCES `users` (`id`),
  ADD CONSTRAINT `supplier_returns_ibfk_5` FOREIGN KEY (`created_by`) REFERENCES `users` (`id`);
COMMIT;

/*!40101 SET CHARACTER_SET_CLIENT=@OLD_CHARACTER_SET_CLIENT */;
/*!40101 SET CHARACTER_SET_RESULTS=@OLD_CHARACTER_SET_RESULTS */;
/*!40101 SET COLLATION_CONNECTION=@OLD_COLLATION_CONNECTION */;
